Student_ID,Student_Name,Attendance,Internal_marks,Assignments_Avg,Previous_preformance,Study_Hours_per_Day,Performance
S1000,Amrita,72.77,48.2,60.83,15.43,2.06,AVERAGE
S1001,Malar,55.94,87.95,65.26,47.27,3.3,AVERAGE
S1002,Bharath,78.46,99.29,99.08,23.18,2.68,GOOD
S1003,Rahul,57.82,61.62,45.05,68.7,1.19,AVERAGE
S1004,Rahul,53.05,91.92,46.7,71.49,3.43,AVERAGE
S1005,Ramya,74.93,85.75,66.12,0.82,4.28,AVERAGE
S1006,Amrita,82.77,94.7,50.15,95.42,1.26,GOOD
S1007,Harini,92.71,65.46,81.09,92.5,3.84,GOOD
S1008,Diya,89.14,46.08,61.64,13.19,2.55,AVERAGE
S1009,Ananya,92.86,47.1,90.77,47.78,1.2,AVERAGE
S1010,Srinivas,88.0,85.79,84.92,20.9,1.48,GOOD
S1011,Anusha,85.16,91.8,68.25,96.39,4.58,GOOD
S1012,Kavin,50.51,67.42,90.7,56.6,3.7,AVERAGE
S1013,Mahesh,81.31,43.57,46.05,70.02,5.78,AVERAGE
S1014,Janani,56.02,44.0,74.87,97.79,4.41,AVERAGE
S1015,Monisha,52.93,75.92,76.31,67.3,5.81,GOOD
S1016,Sneha,57.82,95.12,54.76,87.08,2.43,GOOD
S1017,Aryan,91.16,63.98,42.98,24.06,3.91,AVERAGE
S1018,Preethi,87.19,79.04,72.11,22.94,3.79,AVERAGE
S1019,Riya,97.44,72.52,70.82,44.12,3.62,GOOD
S1020,Shreya,98.95,93.39,79.22,88.15,5.49,EXCELLENT
S1021,Naveen,94.66,89.94,52.78,3.91,3.64,AVERAGE
S1022,Deepika,56.65,51.96,50.78,44.14,2.32,AVERAGE
S1023,Surya,93.92,80.65,98.67,82.49,4.51,EXCELLENT
S1024,Monisha,91.93,90.85,46.82,17.75,2.32,AVERAGE
S1025,Aishwarya,93.55,95.81,99.96,61.57,1.42,GOOD
S1026,Pooja,57.58,75.4,83.2,7.0,3.94,AVERAGE
S1027,Pradeep,55.84,50.55,77.76,1.04,1.69,AT RISK
S1028,Tanvi,96.19,73.49,60.39,31.89,4.57,GOOD
S1029,Rakesh,58.69,79.95,92.07,80.56,3.19,GOOD
S1030,Riya,68.43,56.35,94.6,4.13,5.33,AVERAGE
S1031,Divya,72.8,98.38,83.31,36.48,3.02,GOOD
S1032,Ananya,56.22,53.76,82.59,72.86,2.98,AVERAGE
S1033,Varun,51.03,94.68,69.59,36.91,3.14,AVERAGE
S1034,Sahana,99.7,65.51,44.67,47.88,4.57,AVERAGE
S1035,Akshara,93.83,40.03,99.94,50.03,1.78,AVERAGE
S1036,Ramya,95.62,72.6,40.93,90.8,2.71,GOOD
S1037,Pradeep,64.23,77.7,69.72,87.59,2.34,GOOD
S1038,Jatin,61.01,92.16,62.03,6.36,2.94,AVERAGE
S1039,Anirudh,71.29,72.43,86.57,69.22,5.56,GOOD
S1040,Chetan,72.67,45.65,84.15,54.29,4.16,AVERAGE
S1041,Madhavan,50.28,95.61,77.68,35.45,3.52,AVERAGE
S1042,Hari,88.96,73.92,44.48,49.25,1.65,AVERAGE
S1043,Mohan,99.83,56.29,54.21,87.98,3.88,GOOD
S1044,Akshara,76.43,93.93,45.65,77.31,4.99,GOOD
S1045,Anusha,69.41,47.25,98.74,56.81,2.8,AVERAGE
S1046,Rakesh,69.64,45.85,47.67,17.56,5.51,AVERAGE
S1047,Sanjana,54.8,72.1,98.03,61.87,2.76,AVERAGE
S1048,Dharani,63.31,77.49,46.76,49.8,1.8,AVERAGE
S1049,Malar,75.11,70.66,91.73,44.69,5.14,GOOD
S1050,Madhavan,71.59,95.74,74.48,94.38,3.83,GOOD
S1051,Dev,77.25,55.77,89.9,99.26,3.58,GOOD
S1052,Nandini,92.45,99.41,78.04,95.14,5.63,EXCELLENT
S1053,Rohan,61.26,41.16,86.13,73.89,5.12,AVERAGE
S1054,Sanjay,51.38,47.11,83.85,59.89,5.96,AVERAGE
S1055,Aditya,51.91,51.14,55.61,31.94,4.46,AVERAGE
S1056,Tanvi,56.71,44.77,96.1,94.72,3.9,AVERAGE
S1057,Bhavya,78.52,66.29,78.62,45.56,3.69,AVERAGE
S1058,Kishore,90.41,91.92,52.13,20.16,2.78,AVERAGE
S1059,Ganesh,94.34,89.25,58.36,11.07,1.9,AVERAGE
S1060,Surya,81.76,84.69,71.98,83.58,5.13,GOOD
S1061,Kishore,70.16,40.44,92.91,32.82,1.03,AVERAGE
S1062,Nandini,57.73,91.94,87.81,76.62,5.44,GOOD
S1063,Yogesh,70.07,63.79,58.12,62.74,2.31,AVERAGE
S1064,Pranav,66.62,83.9,81.31,28.35,2.2,AVERAGE
S1065,Lakshmi,93.5,83.62,40.1,85.07,1.04,GOOD
S1066,Shankar,74.34,50.65,59.96,84.49,2.8,AVERAGE
S1067,Naveen,61.31,70.92,90.38,17.18,1.44,AVERAGE
S1068,Aman,64.44,95.57,49.07,12.17,1.92,AVERAGE
S1069,Rohan,56.82,55.78,61.2,60.05,4.44,AVERAGE
S1070,Muthu,95.93,82.9,40.06,23.34,3.08,AVERAGE
S1071,Deepika,52.52,97.48,41.39,33.22,1.05,AVERAGE
S1072,Rohan,50.64,61.64,48.76,93.67,2.58,AVERAGE
S1073,Aryan,59.15,63.26,46.11,17.56,1.03,AT RISK
S1074,Ganesh,90.54,67.15,69.38,47.05,5.58,GOOD
S1075,Sakshi,76.17,88.54,94.0,29.49,5.3,GOOD
S1076,Manish,81.29,66.36,45.08,34.79,2.77,AVERAGE
S1077,Divya,67.89,69.17,92.19,37.01,2.2,AVERAGE
S1078,Vedant,53.43,53.34,80.09,26.0,1.53,AVERAGE
S1079,Charan,92.81,99.3,50.13,76.35,4.53,GOOD
S1080,Vasanth,59.59,93.54,57.38,81.19,1.6,AVERAGE
S1081,Rahul,51.65,76.02,51.65,53.95,4.35,AVERAGE
S1082,Chetan,78.64,97.63,87.36,89.93,2.29,GOOD
S1083,Preethi,54.16,81.22,83.51,13.67,4.65,AVERAGE
S1084,Anjali,54.79,97.55,58.26,50.66,2.97,AVERAGE
S1085,Hari,90.02,49.69,43.26,82.84,1.68,AVERAGE
S1086,Ananya,74.58,53.53,50.12,62.09,2.39,AVERAGE
S1087,Krishna,62.08,93.11,77.79,98.5,4.45,GOOD
S1088,Mahesh,67.43,65.19,45.42,59.57,4.43,AVERAGE
S1089,Preethi,86.46,62.27,72.19,96.0,3.99,GOOD
S1090,Rahul,53.32,85.26,76.78,9.87,2.62,AVERAGE
S1091,Nithin,55.82,77.82,81.27,4.26,4.18,AVERAGE
S1092,Rajesh,80.81,60.64,47.52,35.65,1.21,AVERAGE
S1093,Neha,80.35,63.87,67.58,84.13,4.02,GOOD
S1094,Sanjana,98.62,64.5,67.8,5.05,4.91,AVERAGE
S1095,Karthik,68.73,47.58,90.12,25.23,1.69,AVERAGE
S1096,Gaurav,53.25,53.77,68.12,98.5,5.08,AVERAGE
S1097,Ganesh,76.88,72.25,64.41,64.1,5.53,GOOD
S1098,Anirudh,81.92,86.91,47.41,39.31,5.8,GOOD
S1099,Ashwin,56.98,65.14,81.67,7.79,1.15,AVERAGE
S1100,Preethi,77.64,63.0,77.19,75.52,5.48,GOOD
S1101,Dev,59.89,79.03,83.02,92.53,1.32,GOOD
S1102,Nithin,92.24,49.44,79.38,74.15,2.9,AVERAGE
S1103,Aarav,91.76,62.85,92.52,11.64,3.74,AVERAGE
S1104,Muthu,71.48,52.49,92.64,53.19,2.11,AVERAGE
S1105,Monisha,98.34,79.1,58.46,40.28,2.72,GOOD
S1106,Monisha,98.99,46.74,50.94,90.4,5.54,GOOD
S1107,Charan,56.46,66.87,95.59,76.23,1.88,AVERAGE
S1108,Sakshi,68.39,75.77,82.78,80.2,3.69,GOOD
S1109,Hari,80.02,90.02,98.26,41.37,5.13,GOOD
S1110,Jatin,54.24,83.47,69.82,2.49,2.21,AVERAGE
S1111,Monisha,69.13,96.57,97.73,75.94,5.68,EXCELLENT
S1112,Varun,63.06,80.79,47.36,63.33,5.9,AVERAGE
S1113,Riya,97.6,60.95,75.42,14.15,2.33,AVERAGE
S1114,Shreya,70.58,53.9,69.8,75.68,3.37,AVERAGE
S1115,Vedant,88.13,43.39,40.16,14.93,1.06,AT RISK
S1116,Abhinav,69.34,56.66,51.57,73.97,5.8,AVERAGE
S1117,Ashwin,56.59,48.21,49.21,71.36,1.69,AVERAGE
S1118,Harish,93.16,62.15,43.65,0.75,3.14,AVERAGE
S1119,Arnav,50.02,82.15,96.89,77.48,4.36,GOOD
S1120,Rahul,52.8,81.52,97.92,40.77,4.25,GOOD
S1121,Charan,68.22,59.09,93.5,50.66,4.26,AVERAGE
S1122,Bharath,84.34,70.51,99.33,96.47,1.09,GOOD
S1123,Sakshi,67.09,53.01,89.84,91.98,4.67,GOOD
S1124,Ramya,53.32,70.18,95.93,38.27,4.73,AVERAGE
S1125,Vedant,65.89,70.6,51.86,70.96,3.73,AVERAGE
S1126,Aman,62.25,58.08,55.41,51.31,4.66,AVERAGE
S1127,Mahesh,50.27,55.57,91.72,82.22,1.0,AVERAGE
S1128,Vignesh,76.74,98.77,68.77,31.97,1.83,GOOD
S1129,Anirudh,55.83,72.23,83.02,47.09,1.37,AVERAGE
S1130,Vedant,64.37,73.72,73.71,11.24,2.56,AVERAGE
S1131,Varun,82.06,40.47,58.34,92.67,2.02,AVERAGE
S1132,Ananya,86.26,50.91,57.09,90.07,1.93,AVERAGE
S1133,Varun,63.17,61.4,84.89,27.61,3.1,AVERAGE
S1134,Muthu,66.46,97.96,71.93,58.3,4.12,GOOD
S1135,Keerthi,62.35,50.51,61.56,37.84,3.72,AVERAGE
S1136,Yash,97.84,58.2,77.02,15.58,5.18,AVERAGE
S1137,Abhinav,59.53,99.41,65.2,4.5,2.97,AVERAGE
S1138,Meera,59.16,68.87,68.5,82.28,3.04,AVERAGE
S1139,Rahul,72.25,59.1,80.67,28.91,1.05,AVERAGE
S1140,Darshan,59.47,78.06,67.48,51.54,4.8,AVERAGE
S1141,Dhanush,57.84,69.78,97.0,90.27,4.01,GOOD
S1142,Jatin,54.79,97.45,69.11,1.99,1.63,AVERAGE
S1143,Pooja,82.01,44.99,97.71,54.74,1.96,AVERAGE
S1144,Gayathri,80.6,87.43,90.86,95.55,1.86,GOOD
S1145,Ramya,82.51,56.75,93.46,80.93,3.04,GOOD
S1146,Abhinav,88.67,88.4,85.8,21.93,1.19,GOOD
S1147,Gaurav,66.32,90.86,76.27,20.09,4.89,GOOD
S1148,Pradeep,95.92,90.95,71.96,76.25,2.59,GOOD
S1149,Akash,86.66,92.0,73.1,7.97,5.59,GOOD
S1150,Ramya,90.24,83.09,52.09,59.94,2.36,GOOD
S1151,Karthik,86.05,48.54,52.86,23.41,2.83,AVERAGE
S1152,Shivani,67.92,43.11,42.05,83.93,5.6,AVERAGE
S1153,Kavya,64.15,60.45,84.73,37.94,1.84,AVERAGE
S1154,Rahul,71.13,69.7,47.49,41.5,5.23,AVERAGE
S1155,Charan,54.85,58.16,74.93,79.44,1.76,AVERAGE
S1156,Aryan,72.56,84.53,48.28,8.81,3.48,AVERAGE
S1157,Varun,52.16,83.35,43.99,60.1,5.37,AVERAGE
S1158,Shreya,50.2,98.32,72.02,96.26,1.8,GOOD
S1159,Monisha,96.57,64.03,92.39,65.04,1.19,GOOD
S1160,Gayathri,84.47,87.14,61.36,8.18,2.2,AVERAGE
S1161,Charan,78.09,84.47,95.15,90.85,2.31,GOOD
S1162,Pooja,67.06,99.32,40.62,12.89,3.04,AVERAGE
S1163,Pooja,78.53,86.42,67.94,36.88,4.72,GOOD
S1164,Pranav,94.58,57.01,48.81,18.17,1.24,AVERAGE
S1165,Pavithra,82.62,40.92,58.95,72.19,3.86,AVERAGE
S1166,Lakshmi,80.12,98.09,41.42,26.49,4.63,AVERAGE
S1167,Chetan,73.01,82.96,42.12,26.11,5.04,AVERAGE
S1168,Manish,67.28,88.76,82.77,41.36,5.83,GOOD
S1169,Aarohi,84.93,87.59,79.27,28.61,5.13,GOOD
S1170,Arjun,99.05,84.15,52.5,78.46,1.52,GOOD
S1171,Ananya,71.24,85.09,94.07,52.67,1.88,GOOD
S1172,Malar,69.61,95.77,81.28,55.59,4.6,GOOD
S1173,Jeeva,71.41,94.85,60.17,16.16,2.06,AVERAGE
S1174,Harini,71.28,62.75,64.46,91.35,2.24,AVERAGE
S1175,Rohan,99.53,41.86,57.55,34.89,5.25,AVERAGE
S1176,Janani,85.34,42.32,89.84,37.74,3.31,AVERAGE
S1177,Chetan,67.96,66.8,69.64,24.24,2.98,AVERAGE
S1178,Shankar,68.58,90.1,48.12,96.02,3.35,GOOD
S1179,Shreya,71.54,90.86,52.1,60.71,2.28,AVERAGE
S1180,Varsha,51.84,64.26,57.79,6.1,1.44,AT RISK
S1181,Bhavya,76.39,58.1,64.19,19.26,5.89,AVERAGE
S1182,Sanjay,90.57,70.4,75.56,48.04,2.46,GOOD
S1183,Harini,83.03,89.95,97.85,18.79,3.56,GOOD
S1184,Sanjay,59.92,78.19,55.72,60.5,1.29,AVERAGE
S1185,Rakesh,86.4,48.39,59.7,30.79,1.75,AVERAGE
S1186,Chetan,85.97,61.73,41.44,34.96,1.51,AVERAGE
S1187,Neha,63.13,73.33,62.35,78.67,1.26,AVERAGE
S1188,Gaurav,81.14,72.3,80.5,52.44,4.25,GOOD
S1189,Keerthi,80.55,89.84,97.78,11.3,1.08,GOOD
S1190,Ganesh,91.99,95.93,84.41,37.19,3.28,GOOD
S1191,Anirudh,56.8,46.03,47.08,89.63,4.32,AVERAGE
S1192,Yash,59.74,53.46,93.4,84.62,2.82,AVERAGE
S1193,Nandini,74.3,63.53,90.32,75.98,1.75,GOOD
S1194,Vidya,52.21,57.78,51.34,84.35,2.12,AVERAGE
S1195,Amrita,70.78,64.5,96.06,9.15,1.77,AVERAGE
S1196,Meera,89.41,42.44,82.85,12.22,2.48,AVERAGE
S1197,Arnav,57.44,43.96,86.97,1.86,2.78,AT RISK
S1198,Manish,73.0,90.3,67.55,12.5,2.98,AVERAGE
S1199,Yogesh,99.49,46.15,52.04,82.35,2.12,AVERAGE
S1200,Nandini,75.3,89.44,87.95,3.79,2.17,AVERAGE
S1201,Shankar,74.92,58.39,68.65,46.52,4.2,AVERAGE
S1202,Sanjay,77.94,58.55,98.05,24.71,1.12,AVERAGE
S1203,Harini,59.3,46.04,49.2,83.25,3.21,AVERAGE
S1204,Riya,57.36,40.8,61.32,80.29,5.65,AVERAGE
S1205,Isha,83.87,61.32,84.13,76.6,4.81,GOOD
S1206,Mahesh,69.79,90.12,74.34,37.83,2.66,AVERAGE
S1207,Yogesh,64.5,95.2,66.0,92.56,3.74,GOOD
S1208,Isha,51.57,43.7,82.1,89.59,5.91,AVERAGE
S1209,Malar,92.3,41.85,84.0,65.08,4.58,AVERAGE
S1210,Isha,51.62,49.53,74.64,61.26,3.95,AVERAGE
S1211,Janani,87.5,85.98,59.15,33.69,3.8,GOOD
S1212,Monisha,69.1,52.29,77.13,73.59,5.47,AVERAGE
S1213,Rakesh,79.93,53.85,72.71,93.85,1.97,AVERAGE
S1214,Kavin,62.38,93.34,87.86,31.62,3.89,GOOD
S1215,Jatin,57.77,92.5,79.21,28.59,2.75,AVERAGE
S1216,Aman,76.67,80.22,69.81,26.36,3.34,AVERAGE
S1217,Ananya,84.78,49.84,41.12,98.32,1.2,AVERAGE
S1218,Rakesh,59.77,62.87,50.02,54.03,4.97,AVERAGE
S1219,Shankar,71.82,54.17,60.2,96.76,1.92,AVERAGE
S1220,Aryan,72.23,80.31,76.08,61.74,3.81,GOOD
S1221,Riya,60.8,86.8,87.54,29.35,5.62,GOOD
S1222,Hari,78.25,48.53,97.6,58.64,2.29,AVERAGE
S1223,Diya,57.3,93.88,75.99,15.54,2.64,AVERAGE
S1224,Jeeva,75.49,67.77,83.73,44.81,3.03,AVERAGE
S1225,Keerthi,55.67,87.7,77.29,44.29,3.72,AVERAGE
S1226,Nithin,74.28,43.1,65.82,57.65,2.15,AVERAGE
S1227,Vignesh,65.58,61.63,76.58,38.72,4.69,AVERAGE
S1228,Tanvi,72.61,40.89,64.04,45.51,4.15,AVERAGE
S1229,Deepak,71.69,83.11,67.22,87.62,1.47,GOOD
S1230,Rohan,95.4,44.77,94.66,18.04,3.55,AVERAGE
S1231,Ramya,74.5,60.3,73.83,92.26,2.8,AVERAGE
S1232,Aadhya,90.92,86.9,46.02,53.85,2.75,GOOD
S1233,Madhavan,61.28,84.94,71.43,62.89,5.92,GOOD
S1234,Sanjay,67.6,78.42,97.2,10.43,3.03,AVERAGE
S1235,Janani,53.75,81.64,46.0,14.53,1.12,AVERAGE
S1236,Charan,71.04,79.07,98.27,73.26,2.77,GOOD
S1237,Rahul,83.43,78.48,99.26,90.07,4.0,GOOD
S1238,Keerthi,91.91,60.98,73.64,51.89,3.64,AVERAGE
S1239,Anjali,78.3,41.69,59.95,16.75,1.39,AT RISK
S1240,Avinash,82.0,66.51,40.52,79.69,1.84,AVERAGE
S1241,Vijay,58.86,42.73,40.93,91.75,4.85,AVERAGE
S1242,Ananya,51.86,68.13,63.29,67.02,1.04,AVERAGE
S1243,Aishwarya,89.58,67.84,86.98,18.29,2.15,AVERAGE
S1244,Anjali,58.35,50.72,96.54,41.25,5.9,AVERAGE
S1245,Amrita,54.56,87.06,49.29,93.98,4.28,GOOD
S1246,Madhavan,96.88,82.25,69.27,19.16,2.23,AVERAGE
S1247,Pranav,98.18,73.57,70.1,17.08,1.97,AVERAGE
S1248,Monisha,80.81,95.55,62.82,70.18,3.08,GOOD
S1249,Aditya,68.93,57.23,72.4,54.31,4.23,AVERAGE
S1250,Deepak,91.66,55.72,95.5,20.47,1.86,AVERAGE
S1251,Sanjay,60.24,51.01,66.31,61.65,4.74,AVERAGE
S1252,Deepika,71.47,72.67,48.27,93.67,1.21,AVERAGE
S1253,Lakshmi,67.85,52.32,79.93,85.52,1.97,AVERAGE
S1254,Charan,95.63,92.13,41.88,0.65,3.95,AVERAGE
S1255,Avinash,95.99,58.26,96.41,87.68,4.53,GOOD
S1256,Dharani,82.54,69.46,96.39,62.69,4.36,GOOD
S1257,Arjun,55.54,71.77,45.53,26.71,2.31,AVERAGE
S1258,Deepak,74.11,58.46,73.05,9.34,2.93,AVERAGE
S1259,Vijay,62.27,84.31,87.84,97.12,1.19,GOOD
S1260,Muthu,94.25,81.52,67.87,2.9,1.0,AVERAGE
S1261,Deepak,56.92,85.65,68.73,18.46,3.08,AVERAGE
S1262,Kavya,52.72,76.36,98.21,67.12,3.72,GOOD
S1263,Surya,85.22,67.61,53.83,75.79,5.11,GOOD
S1264,Darshan,72.66,66.94,71.58,26.67,5.81,AVERAGE
S1265,Vijay,91.92,82.99,46.9,73.71,4.0,GOOD
S1266,Rakesh,53.73,62.62,58.15,76.52,5.08,AVERAGE
S1267,Meera,90.05,66.24,91.05,80.27,1.65,GOOD
S1268,Zoya,51.87,49.82,82.99,75.39,5.08,AVERAGE
S1269,Vikram,51.4,80.78,76.72,3.27,2.27,AVERAGE
S1270,Kavya,73.07,44.62,46.83,89.23,3.05,AVERAGE
S1271,Aarohi,61.06,99.43,91.04,56.28,1.11,GOOD
S1272,Bhavya,79.69,48.62,57.89,43.1,3.34,AVERAGE
S1273,Vidya,51.29,62.98,72.1,2.44,4.26,AVERAGE
S1274,Pranav,51.77,54.27,54.01,59.08,2.26,AVERAGE
S1275,Sameer,86.36,57.44,71.24,16.28,5.04,AVERAGE
S1276,Rohan,60.51,59.35,73.73,54.77,5.63,AVERAGE
S1277,Monisha,82.82,83.1,60.43,18.92,3.85,AVERAGE
S1278,Akshara,87.5,50.6,70.36,68.79,2.22,AVERAGE
S1279,Amrita,52.97,55.83,64.36,8.88,4.53,AVERAGE
S1280,Jatin,88.49,46.07,81.85,60.04,2.47,AVERAGE
S1281,Sameer,63.42,59.89,72.63,64.38,1.81,AVERAGE
S1282,Dharani,69.48,96.47,92.68,39.52,2.43,GOOD
S1283,Sanjay,54.33,62.81,42.98,91.72,3.2,AVERAGE
S1284,Rakesh,91.93,86.64,41.6,52.65,2.13,AVERAGE
S1285,Varsha,78.04,67.7,51.31,75.05,2.69,AVERAGE
S1286,Chetan,75.23,66.98,47.11,44.45,2.98,AVERAGE
S1287,Vignesh,98.43,89.44,71.55,79.17,4.77,EXCELLENT
S1288,Tanvi,66.73,41.61,52.01,89.74,5.29,AVERAGE
S1289,Sakshi,94.54,91.89,40.96,41.3,5.12,GOOD
S1290,Nithin,85.98,69.11,56.96,96.74,1.97,GOOD
S1291,Isha,96.43,61.07,70.55,15.31,5.05,AVERAGE
S1292,Vidya,95.39,94.41,82.86,84.62,4.2,EXCELLENT
S1293,Manish,99.55,60.39,66.3,52.58,2.19,AVERAGE
S1294,Tanvi,56.58,98.66,97.76,13.84,2.88,GOOD
S1295,Srinivas,89.8,96.18,51.97,62.53,2.73,GOOD
S1296,Rajesh,90.22,56.08,70.84,13.13,3.18,AVERAGE
S1297,Rahul,82.22,60.44,55.19,88.75,5.22,GOOD
S1298,Karthik,63.94,88.73,88.4,81.6,3.06,GOOD
S1299,Aarohi,98.26,51.74,51.27,65.43,1.27,AVERAGE
S1300,Nandini,60.22,83.92,97.7,23.3,4.69,GOOD
S1301,Pradeep,74.98,47.75,83.0,96.28,4.94,GOOD
S1302,Aarav,76.07,52.34,73.41,85.32,3.86,AVERAGE
S1303,Sanjana,58.09,70.03,71.94,71.52,3.38,AVERAGE
S1304,Tanvi,86.13,84.75,61.75,36.54,4.86,GOOD
S1305,Avinash,54.44,84.37,41.26,48.42,1.11,AVERAGE
S1306,Keerthi,84.65,76.54,94.91,33.81,3.92,GOOD
S1307,Varun,92.43,56.33,87.7,84.94,5.76,GOOD
S1308,Krishna,67.47,64.92,48.09,30.89,4.97,AVERAGE
S1309,Arjun,85.47,54.77,47.32,23.83,2.38,AVERAGE
S1310,Charan,57.84,56.62,58.49,21.43,5.59,AVERAGE
S1311,Dharani,92.3,59.39,85.79,40.12,2.01,AVERAGE
S1312,Arnav,97.6,75.93,70.19,62.3,3.73,GOOD
S1313,Karthik,57.63,52.46,79.25,83.16,4.12,AVERAGE
S1314,Harish,84.59,42.55,40.37,92.47,1.17,AVERAGE
S1315,Bharath,75.29,81.55,95.42,8.01,1.64,AVERAGE
S1316,Kavin,76.57,41.31,49.94,4.72,3.72,AT RISK
S1317,Jeeva,85.32,98.25,59.13,36.27,1.9,GOOD
S1318,Varsha,74.44,61.02,96.83,81.01,3.1,GOOD
S1319,Mahesh,80.02,40.39,83.97,90.74,4.53,GOOD
S1320,Lakshmi,61.55,93.08,70.66,16.85,4.13,AVERAGE
S1321,Arjun,68.93,75.99,91.77,28.58,5.37,GOOD
S1322,Zoya,93.26,89.04,43.68,90.2,5.61,GOOD
S1323,Shivani,55.5,66.1,44.58,57.58,5.63,AVERAGE
S1324,Anusha,79.88,61.25,49.31,40.77,2.96,AVERAGE
S1325,Gaurav,59.21,79.31,55.87,24.35,1.61,AVERAGE
S1326,Gaurav,92.33,64.36,82.54,11.29,4.34,AVERAGE
S1327,Abhinav,78.95,73.37,71.95,10.84,5.6,AVERAGE
S1328,Avinash,70.15,56.67,65.56,67.41,4.85,AVERAGE
S1329,Varun,62.49,59.96,86.96,72.04,4.49,AVERAGE
S1330,Tanvi,71.84,44.93,59.03,36.57,5.01,AVERAGE
S1331,Naveen,97.88,86.88,45.13,60.6,3.05,GOOD
S1332,Keerthi,75.46,60.93,63.81,15.6,3.51,AVERAGE
S1333,Pradeep,73.47,98.5,85.98,2.1,2.0,AVERAGE
S1334,Rohan,87.31,55.59,68.45,9.98,4.36,AVERAGE
S1335,Nithin,68.95,68.5,98.63,10.59,2.74,AVERAGE
S1336,Yogesh,71.37,58.33,91.37,98.48,2.34,GOOD
S1337,Krishna,66.85,81.64,87.46,23.6,2.25,AVERAGE
S1338,Diya,57.55,88.5,86.39,13.41,3.55,AVERAGE
S1339,Vidya,85.69,69.22,74.87,79.54,3.7,GOOD
S1340,Anirudh,93.65,62.02,94.07,36.67,5.13,GOOD
S1341,Kavya,95.28,84.69,75.39,20.63,5.58,GOOD
S1342,Anjali,94.04,51.49,62.35,22.04,2.55,AVERAGE
S1343,Sneha,72.59,75.97,51.75,13.9,2.66,AVERAGE
S1344,Shankar,64.2,84.02,88.79,7.99,2.41,AVERAGE
S1345,Ishaan,81.9,56.16,62.27,68.01,2.51,AVERAGE
S1346,Gayathri,97.74,79.34,87.45,44.0,4.64,GOOD
S1347,Varsha,86.35,84.11,98.98,14.84,4.15,GOOD
S1348,Deepika,74.74,47.04,63.92,79.24,1.39,AVERAGE
S1349,Chetan,84.44,59.43,60.44,1.91,3.86,AVERAGE
S1350,Swathi,88.63,64.38,50.21,43.06,5.24,AVERAGE
S1351,Aditya,95.96,86.56,68.52,12.73,1.3,AVERAGE
S1352,Kavya,88.16,74.05,79.24,2.78,5.53,AVERAGE
S1353,Rahul,71.66,66.97,58.77,55.07,2.28,AVERAGE
S1354,Yogesh,63.68,59.13,69.14,15.54,2.64,AVERAGE
S1355,Gayathri,74.99,40.24,72.22,6.85,3.0,AVERAGE
S1356,Bhavya,66.41,41.21,56.51,47.88,1.71,AVERAGE
S1357,Sanjana,97.14,54.43,41.41,84.36,1.49,AVERAGE
S1358,Ananya,75.4,47.0,52.94,48.56,2.2,AVERAGE
S1359,Kishore,73.6,47.18,88.19,7.97,1.03,AVERAGE
S1360,Rajesh,67.41,76.16,56.68,30.44,3.89,AVERAGE
S1361,Sanjana,81.97,76.33,40.83,44.61,1.67,AVERAGE
S1362,Divya,76.0,42.69,65.5,28.12,1.47,AVERAGE
S1363,Sanjana,56.45,75.64,80.95,33.75,3.82,AVERAGE
S1364,Arnav,93.46,48.75,85.14,50.02,3.96,AVERAGE
S1365,Sneha,67.95,62.63,64.83,94.25,4.3,GOOD
S1366,Rohan,71.63,99.38,74.31,80.48,3.52,GOOD
S1367,Krishna,60.28,71.32,84.73,20.44,5.42,AVERAGE
S1368,Aarohi,77.67,42.05,93.35,78.53,1.62,AVERAGE
S1369,Malar,85.1,60.86,78.39,39.45,4.93,AVERAGE
S1370,Manish,94.06,80.25,81.45,81.57,3.06,GOOD
S1371,Charan,52.58,53.48,45.92,61.71,5.52,AVERAGE
S1372,Pranav,98.67,97.87,65.23,67.9,2.17,GOOD
S1373,Naveen,85.19,65.52,93.34,36.21,5.74,GOOD
S1374,Sahana,64.21,41.27,49.64,71.32,5.34,AVERAGE
S1375,Ananya,60.22,72.43,58.6,56.57,1.87,AVERAGE
S1376,Kavin,64.8,80.57,80.68,61.86,3.17,GOOD
S1377,Kishore,93.79,67.36,94.12,54.7,2.22,GOOD
S1378,Naveen,64.57,95.69,43.54,5.58,1.71,AVERAGE
S1379,Isha,73.14,94.12,92.23,47.42,2.94,GOOD
S1380,Aarav,85.29,48.34,53.22,5.13,3.68,AVERAGE
S1381,Varsha,93.6,44.8,91.65,16.85,3.01,AVERAGE
S1382,Vasanth,82.93,58.74,93.35,47.56,2.66,AVERAGE
S1383,Harish,87.66,76.49,86.53,40.62,2.64,GOOD
S1384,Abhinav,58.67,76.1,95.43,4.79,1.81,AVERAGE
S1385,Aryan,93.87,56.3,97.67,13.72,2.11,AVERAGE
S1386,Akshara,63.79,97.07,95.51,46.53,3.65,GOOD
S1387,Preethi,56.42,58.44,70.79,96.77,1.8,AVERAGE
S1388,Sanjana,98.81,88.25,67.82,48.64,5.15,GOOD
S1389,Bhavya,60.08,89.92,46.31,77.26,4.68,GOOD
S1390,Kishore,56.83,45.91,52.97,44.31,5.94,AVERAGE
S1391,Deepak,81.3,53.95,79.14,19.17,2.58,AVERAGE
S1392,Nandini,65.94,52.91,47.64,2.12,1.91,AT RISK
S1393,Vikram,56.67,95.18,96.54,37.55,1.38,AVERAGE
S1394,Janani,80.06,61.07,53.62,91.95,2.75,AVERAGE
S1395,Reshma,87.95,90.19,45.28,32.48,5.6,GOOD
S1396,Aditya,89.66,68.68,54.11,36.85,3.96,AVERAGE
S1397,Dev,57.78,67.43,42.93,69.27,5.79,AVERAGE
S1398,Karthik,77.84,94.21,49.97,73.69,5.57,GOOD
S1399,Krishna,90.68,66.45,75.26,60.84,2.9,GOOD
S1400,Gayathri,58.05,84.69,57.35,33.82,3.19,AVERAGE
S1401,Malar,60.38,65.46,88.07,94.53,2.5,GOOD
S1402,Lakshmi,50.12,46.11,64.28,35.25,4.71,AVERAGE
S1403,Anusha,76.23,43.19,82.84,29.2,3.85,AVERAGE
S1404,Sanjay,59.73,52.49,82.5,84.32,1.32,AVERAGE
S1405,Shreya,86.21,83.34,48.15,93.52,5.59,GOOD
S1406,Rahul,98.11,62.42,43.39,95.66,4.93,GOOD
S1407,Avinash,60.44,67.25,90.52,53.32,5.66,GOOD
S1408,Varsha,82.45,46.11,82.05,86.95,2.25,AVERAGE
S1409,Aadhya,60.59,77.38,50.5,18.37,4.76,AVERAGE
S1410,Deepak,50.9,88.21,80.8,88.9,4.17,GOOD
S1411,Divya,87.93,77.48,59.77,75.82,1.62,GOOD
S1412,Jatin,71.7,99.08,43.41,39.92,2.3,AVERAGE
S1413,Ashwin,97.34,40.98,53.73,24.52,1.96,AVERAGE
S1414,Aadhya,76.71,40.94,85.35,75.96,1.77,AVERAGE
S1415,Dharani,57.87,70.0,63.44,43.06,4.25,AVERAGE
S1416,Yogesh,72.49,55.98,72.69,97.86,5.33,GOOD
S1417,Aryan,60.14,81.19,48.19,85.46,5.94,GOOD
S1418,Kavya,93.9,87.59,45.56,79.04,2.08,GOOD
S1419,Shreya,84.55,46.15,54.36,33.38,4.37,AVERAGE
S1420,Surya,67.06,95.04,68.35,71.17,1.39,GOOD
S1421,Harini,76.39,41.8,90.82,75.59,2.2,AVERAGE
S1422,Mahesh,83.47,81.3,85.8,40.94,5.24,GOOD
S1423,Vijay,89.14,63.07,49.6,9.46,5.71,AVERAGE
S1424,Pranav,54.01,80.05,44.29,73.53,5.85,AVERAGE
S1425,Dev,51.13,45.86,53.53,29.45,3.32,AT RISK
S1426,Ravi,55.72,96.22,91.14,13.28,4.68,GOOD
S1427,Nithin,69.75,96.24,70.95,4.27,2.85,AVERAGE
S1428,Aarohi,73.34,71.16,88.41,32.73,4.51,AVERAGE
S1429,Janani,56.82,70.58,62.17,50.99,1.76,AVERAGE
S1430,Amrita,70.56,78.09,75.43,3.84,1.61,AVERAGE
S1431,Kavin,72.08,74.8,75.68,56.34,5.92,GOOD
S1432,Pradeep,55.45,72.61,77.6,89.54,2.56,AVERAGE
S1433,Ashwin,95.83,75.35,68.21,59.79,5.49,GOOD
S1434,Rahul,79.96,91.52,54.35,52.46,1.11,AVERAGE
S1435,Aryan,69.43,76.66,65.71,23.23,5.16,AVERAGE
S1436,Vedant,75.35,51.75,98.49,43.92,5.68,GOOD
S1437,Surya,65.71,94.83,56.33,60.06,1.08,AVERAGE
S1438,Amrita,92.72,52.96,83.49,86.51,2.95,GOOD
S1439,Nikhil,78.75,49.91,96.68,88.18,5.04,GOOD
S1440,Anusha,74.74,99.82,73.98,45.19,1.02,GOOD
S1441,Keerthi,95.54,52.81,69.36,18.37,2.52,AVERAGE
S1442,Ashwin,91.9,46.01,47.25,70.74,2.29,AVERAGE
S1443,Sameer,90.64,73.72,85.2,95.06,1.67,GOOD
S1444,Shreya,61.28,89.63,94.69,95.79,1.44,GOOD
S1445,Charan,57.66,43.65,98.84,99.57,2.24,AVERAGE
S1446,Krishna,84.5,69.41,52.1,25.22,2.0,AVERAGE
S1447,Vidya,73.43,44.11,95.2,83.69,5.87,GOOD
S1448,Srinivas,84.19,65.72,62.22,5.17,1.11,AVERAGE
S1449,Karthik,88.03,60.64,77.15,1.5,1.65,AVERAGE
S1450,Yogesh,64.77,48.23,53.42,67.38,5.04,AVERAGE
S1451,Surya,64.23,95.86,54.9,11.99,4.81,AVERAGE
S1452,Sanjay,74.54,78.09,77.14,38.84,3.34,AVERAGE
S1453,Aarohi,63.68,90.58,69.09,1.25,2.93,AVERAGE
S1454,Vikram,83.36,94.36,97.86,8.68,2.73,GOOD
S1455,Varun,87.34,95.81,55.87,20.87,5.87,GOOD
S1456,Avinash,73.6,84.89,92.68,55.45,5.34,GOOD
S1457,Anirudh,86.19,58.42,67.63,33.19,2.31,AVERAGE
S1458,Rajesh,75.52,89.74,48.07,56.39,3.31,AVERAGE
S1459,Arjun,85.64,71.21,54.35,64.9,4.73,GOOD
S1460,Jeeva,61.25,56.3,85.34,0.34,5.12,AVERAGE
S1461,Avinash,86.94,63.15,89.6,84.77,1.61,GOOD
S1462,Kishore,85.76,58.07,42.37,5.77,5.78,AVERAGE
S1463,Pranav,63.33,67.97,64.6,87.31,5.1,GOOD
S1464,Aarav,77.8,86.88,69.65,97.61,3.52,GOOD
S1465,Yogesh,92.77,69.09,76.9,90.35,3.5,GOOD
S1466,Chetan,62.48,56.07,79.04,54.22,3.54,AVERAGE
S1467,Vikram,86.8,45.24,89.83,76.97,5.08,GOOD
S1468,Deepika,97.7,91.35,56.4,17.27,3.73,GOOD
S1469,Varsha,93.31,65.04,46.72,93.71,5.06,GOOD
S1470,Kavin,70.08,66.52,51.19,2.33,5.32,AVERAGE
S1471,Nithin,80.36,85.82,96.21,55.15,4.51,GOOD
S1472,Rahul,99.59,90.98,72.8,46.12,1.23,GOOD
S1473,Rohan,78.42,70.67,53.15,79.69,3.24,AVERAGE
S1474,Anirudh,55.75,77.94,87.15,74.5,2.28,AVERAGE
S1475,Monisha,52.27,54.35,75.22,33.02,1.22,AVERAGE
S1476,Rajesh,89.52,96.1,62.04,16.35,4.24,GOOD
S1477,Aadhya,71.18,74.08,41.1,79.43,3.56,AVERAGE
S1478,Charan,62.34,83.18,86.97,97.75,1.31,GOOD
S1479,Arjun,67.38,46.85,83.05,9.79,4.11,AVERAGE
S1480,Karthik,87.87,78.22,55.73,73.29,1.95,GOOD
S1481,Pradeep,73.26,62.14,55.94,51.57,5.69,AVERAGE
S1482,Ishaan,93.42,67.0,56.29,31.2,4.49,AVERAGE
S1483,Muthu,86.75,80.93,80.23,1.44,1.02,AVERAGE
S1484,Rohan,98.7,87.78,57.65,72.41,5.36,GOOD
S1485,Gaurav,94.43,60.96,58.62,13.2,1.33,AVERAGE
S1486,Manish,62.73,92.39,62.6,85.08,1.06,GOOD
S1487,Swathi,82.95,53.14,98.81,26.46,2.98,AVERAGE
S1488,Mahesh,51.03,73.77,67.61,59.23,1.78,AVERAGE
S1489,Yash,99.56,49.08,62.64,28.42,5.09,AVERAGE
S1490,Varsha,63.05,57.35,68.2,70.23,5.72,AVERAGE
S1491,Ravi,83.24,93.72,83.15,11.72,4.92,GOOD
S1492,Madhavan,92.46,40.69,93.02,34.3,2.84,AVERAGE
S1493,Yash,58.02,94.94,99.45,50.9,2.46,GOOD
S1494,Karthik,92.39,59.7,69.16,58.55,2.71,AVERAGE
S1495,Pranav,50.61,81.75,67.61,57.96,1.43,AVERAGE
S1496,Arnav,72.1,45.5,59.82,7.94,5.52,AVERAGE
S1497,Naveen,73.6,78.48,86.75,3.38,2.22,AVERAGE
S1498,Surya,68.7,94.57,79.34,23.72,2.25,AVERAGE
S1499,Priya,79.32,73.31,61.8,3.77,4.58,AVERAGE
S1500,Arnav,95.74,61.73,71.11,22.06,4.09,AVERAGE
S1501,Bharath,66.35,87.61,52.35,5.93,5.79,AVERAGE
S1502,Yogesh,78.96,82.76,81.64,52.73,5.91,GOOD
S1503,Ravi,93.87,47.06,55.13,10.45,3.09,AVERAGE
S1504,Jatin,88.65,79.94,60.97,41.52,5.6,GOOD
S1505,Riya,52.04,79.88,44.09,76.96,5.78,AVERAGE
S1506,Swathi,97.14,85.12,53.19,77.24,5.28,GOOD
S1507,Harish,52.33,58.98,51.69,56.22,5.66,AVERAGE
S1508,Isha,79.44,64.08,84.12,3.08,4.0,AVERAGE
S1509,Gaurav,78.77,97.6,81.67,53.67,1.57,GOOD
S1510,Gayathri,89.32,74.41,72.29,25.27,5.3,GOOD
S1511,Kishore,57.42,70.51,63.22,56.84,2.54,AVERAGE
S1512,Rajesh,58.97,99.21,93.36,90.84,5.63,EXCELLENT
S1513,Pavithra,87.61,53.77,93.05,59.89,3.6,GOOD
S1514,Vidya,57.48,63.88,76.17,94.06,3.45,AVERAGE
S1515,Arjun,73.47,85.59,79.48,20.86,5.16,GOOD
S1516,Sahana,86.58,82.79,87.79,26.83,2.94,GOOD
S1517,Akshara,82.56,98.0,83.37,14.87,1.53,GOOD
S1518,Sakshi,60.53,79.26,53.49,7.83,4.92,AVERAGE
S1519,Vikram,65.2,58.79,70.2,1.05,2.45,AVERAGE
S1520,Mohan,98.45,63.86,49.11,92.79,5.23,GOOD
S1521,Avinash,72.43,45.38,88.56,45.17,5.58,AVERAGE
S1522,Dev,52.22,95.42,79.21,93.89,2.96,GOOD
S1523,Pradeep,60.98,47.72,98.75,86.4,4.35,AVERAGE
S1524,Krishna,67.12,72.74,48.19,74.39,1.09,AVERAGE
S1525,Krishna,99.97,64.08,70.61,91.78,4.97,GOOD
S1526,Surya,65.13,48.05,83.44,26.4,3.3,AVERAGE
S1527,Avinash,51.32,57.58,92.04,85.64,2.32,AVERAGE
S1528,Shivani,75.65,78.01,91.2,68.0,5.38,GOOD
S1529,Surya,54.18,41.88,52.12,59.95,3.05,AVERAGE
S1530,Vikram,63.7,97.96,98.94,61.87,5.12,GOOD
S1531,Chetan,99.62,94.55,98.88,90.62,3.1,EXCELLENT
S1532,Bhavya,85.23,45.08,98.14,92.89,5.75,GOOD
S1533,Karthik,52.53,92.1,76.82,17.7,4.35,AVERAGE
S1534,Vignesh,72.43,59.71,89.92,8.08,4.34,AVERAGE
S1535,Bhavya,58.58,44.05,44.56,27.26,1.62,AT RISK
S1536,Riya,56.15,58.37,55.33,81.02,4.74,AVERAGE
S1537,Arnav,79.35,88.53,45.52,9.71,3.6,AVERAGE
S1538,Tanvi,75.28,79.95,70.33,66.18,4.59,GOOD
S1539,Aarohi,87.14,54.31,97.88,39.92,5.34,GOOD
S1540,Hari,94.62,83.15,78.95,91.23,4.52,EXCELLENT
S1541,Akash,62.33,82.47,67.68,82.0,3.5,GOOD
S1542,Dev,96.15,84.57,87.57,50.78,5.26,GOOD
S1543,Deepak,75.9,72.44,73.02,38.07,4.69,AVERAGE
S1544,Preethi,62.94,89.14,67.46,83.46,4.82,GOOD
S1545,Akash,92.29,78.48,77.76,24.43,5.56,GOOD
S1546,Priya,51.78,47.52,70.71,54.34,1.69,AVERAGE
S1547,Vikram,77.98,88.62,78.49,93.17,3.5,GOOD
S1548,Sneha,86.08,59.43,88.16,60.37,1.62,AVERAGE
S1549,Ganesh,64.0,82.3,67.75,93.01,4.75,GOOD
S1550,Nithin,93.17,80.51,64.9,44.2,3.16,GOOD
S1551,Nikhil,62.01,60.15,73.52,62.93,4.6,AVERAGE
S1552,Pradeep,91.99,49.7,94.29,94.04,1.61,GOOD
S1553,Krishna,53.93,81.7,65.38,73.73,4.1,AVERAGE
S1554,Darshan,58.0,90.94,90.86,90.56,1.56,GOOD
S1555,Shreya,69.05,90.29,77.03,83.2,2.77,GOOD
S1556,Kavin,92.7,77.59,40.74,7.78,3.68,AVERAGE
S1557,Reshma,57.23,53.64,68.57,25.85,4.46,AVERAGE
S1558,Muthu,93.77,58.97,52.63,74.15,3.51,AVERAGE
S1559,Ramya,61.49,85.28,49.02,89.0,4.65,GOOD
S1560,Swathi,72.63,64.65,54.07,80.23,1.87,AVERAGE
S1561,Aditya,67.64,83.95,82.75,31.32,4.21,GOOD
S1562,Sanjay,55.91,58.57,77.64,62.1,2.93,AVERAGE
S1563,Deepika,97.22,40.38,72.21,66.14,1.77,AVERAGE
S1564,Sahana,71.91,76.21,69.72,43.73,5.27,GOOD
S1565,Gaurav,84.52,76.05,63.35,58.77,5.88,GOOD
S1566,Divya,78.76,77.65,93.19,98.6,2.2,GOOD
S1567,Harish,75.09,56.09,95.95,54.47,1.79,AVERAGE
S1568,Aishwarya,80.83,88.66,85.87,19.44,4.82,GOOD
S1569,Vignesh,94.92,69.25,57.29,50.41,5.95,GOOD
S1570,Vasanth,84.97,85.74,94.83,17.58,3.09,GOOD
S1571,Pranav,76.62,76.67,89.15,68.82,4.95,GOOD
S1572,Karthik,82.26,64.96,47.44,90.19,1.74,AVERAGE
S1573,Aditya,80.32,80.78,60.5,67.59,2.14,GOOD
S1574,Aarav,71.66,74.5,59.66,87.76,1.7,AVERAGE
S1575,Naveen,81.24,70.64,83.8,72.77,4.33,GOOD
S1576,Surya,72.18,78.91,71.43,43.75,3.94,AVERAGE
S1577,Srinivas,87.88,45.16,56.01,53.82,4.31,AVERAGE
S1578,Sanjana,98.45,94.62,53.85,53.26,1.84,GOOD
S1579,Arjun,97.99,60.1,67.45,39.25,1.41,AVERAGE
S1580,Ananya,91.04,53.48,79.96,9.29,3.67,AVERAGE
S1581,Preethi,80.09,86.31,70.52,70.18,3.65,GOOD
S1582,Arjun,87.47,53.87,55.66,4.72,3.11,AVERAGE
S1583,Akash,58.9,99.75,77.2,20.4,4.41,GOOD
S1584,Pooja,73.95,65.23,99.93,45.39,3.09,GOOD
S1585,Surya,62.87,57.8,50.6,98.71,5.28,AVERAGE
S1586,Ganesh,50.17,43.72,71.7,30.69,4.89,AVERAGE
S1587,Ananya,98.34,42.51,62.54,79.47,2.68,AVERAGE
S1588,Preethi,93.19,45.71,53.1,41.95,5.47,AVERAGE
S1589,Rajesh,75.68,40.3,92.53,22.16,3.46,AVERAGE
S1590,Nithin,62.71,59.63,97.47,2.66,3.32,AVERAGE
S1591,Shankar,84.65,58.63,61.01,8.84,4.6,AVERAGE
S1592,Gaurav,71.74,65.81,60.84,41.67,5.78,AVERAGE
S1593,Anusha,90.17,53.98,45.51,40.02,1.17,AVERAGE
S1594,Lakshmi,99.98,43.76,77.07,62.64,1.88,AVERAGE
S1595,Nithin,67.45,44.27,41.59,6.22,5.03,AT RISK
S1596,Vignesh,62.22,50.93,69.77,28.39,3.21,AVERAGE
S1597,Malar,63.37,59.0,49.17,2.34,5.29,AVERAGE
S1598,Anjali,54.67,48.88,80.34,87.19,2.76,AVERAGE
S1599,Aishwarya,69.7,61.91,95.73,39.75,5.88,GOOD
S1600,Zoya,50.87,95.33,45.33,58.43,2.08,AVERAGE
S1601,Malar,55.72,55.7,86.66,71.06,5.74,AVERAGE
S1602,Kavin,63.58,50.1,89.83,26.8,4.95,AVERAGE
S1603,Ashwin,57.99,79.89,50.57,13.49,5.87,AVERAGE
S1604,Pradeep,86.61,69.45,95.36,58.03,1.81,GOOD
S1605,Swathi,55.28,42.84,77.26,90.34,2.77,AVERAGE
S1606,Lakshmi,93.3,87.27,72.1,89.26,1.99,GOOD
S1607,Sneha,61.06,82.92,80.28,30.82,5.15,AVERAGE
S1608,Yogesh,55.43,98.64,57.29,26.62,2.34,AVERAGE
S1609,Ramya,50.51,96.3,41.52,35.36,3.63,AVERAGE
S1610,Preethi,85.76,75.05,66.52,24.52,1.97,AVERAGE
S1611,Rohan,62.83,81.16,84.6,96.45,4.54,GOOD
S1612,Monisha,75.47,64.57,95.12,3.47,4.72,AVERAGE
S1613,Neha,55.58,93.31,65.81,19.13,1.58,AVERAGE
S1614,Ganesh,99.26,73.17,55.82,2.83,4.43,AVERAGE
S1615,Anirudh,56.27,59.53,47.88,85.4,1.83,AVERAGE
S1616,Harish,70.6,40.57,96.13,47.15,5.77,AVERAGE
S1617,Isha,92.58,75.19,53.86,22.81,5.4,AVERAGE
S1618,Akshara,62.24,71.53,94.66,39.54,2.01,AVERAGE
S1619,Ashwin,63.35,88.71,51.03,10.61,2.7,AVERAGE
S1620,Rahul,90.42,51.22,41.09,10.77,3.98,AVERAGE
S1621,Sakshi,63.67,88.92,53.45,94.69,5.03,GOOD
S1622,Chetan,50.14,40.92,69.57,69.61,5.72,AVERAGE
S1623,Pranav,71.4,75.24,60.92,63.87,3.1,AVERAGE
S1624,Yash,50.63,63.81,94.46,47.28,3.44,AVERAGE
S1625,Gaurav,95.49,59.89,72.71,48.98,1.78,AVERAGE
S1626,Manish,82.09,66.0,47.07,77.2,2.75,AVERAGE
S1627,Nandini,79.15,53.42,77.52,5.24,5.96,AVERAGE
S1628,Shreya,60.08,51.01,63.34,66.74,5.69,AVERAGE
S1629,Nandini,85.0,88.31,80.74,55.05,3.07,GOOD
S1630,Kavin,83.86,53.67,87.17,30.67,2.12,AVERAGE
S1631,Lakshmi,53.02,84.22,99.13,21.57,3.86,AVERAGE
S1632,Rahul,94.04,82.68,74.6,86.18,3.12,GOOD
S1633,Naveen,78.97,42.0,62.01,93.16,4.76,AVERAGE
S1634,Deepika,89.62,92.86,66.02,9.58,4.15,GOOD
S1635,Ganesh,63.15,87.36,64.16,16.98,4.3,AVERAGE
S1636,Gaurav,56.1,87.76,67.03,66.71,2.87,AVERAGE
S1637,Kavya,85.12,88.55,41.8,77.4,4.09,GOOD
S1638,Muthu,89.69,74.95,54.84,49.13,4.45,GOOD
S1639,Vasanth,69.3,99.6,99.27,92.69,4.24,EXCELLENT
S1640,Dharani,51.18,50.75,95.68,87.3,4.48,AVERAGE
S1641,Shivani,90.91,44.34,42.9,12.63,5.45,AVERAGE
S1642,Ramya,60.3,82.25,98.77,14.24,2.34,AVERAGE
S1643,Sameer,66.95,57.64,87.52,8.59,1.78,AVERAGE
S1644,Malar,81.41,76.49,40.16,87.54,1.17,AVERAGE
S1645,Lakshmi,55.0,63.5,94.81,55.76,4.5,AVERAGE
S1646,Rohan,53.6,60.01,97.62,94.14,2.68,AVERAGE
S1647,Swathi,51.29,93.59,77.73,72.92,3.53,GOOD
S1648,Yogesh,95.83,48.52,87.3,73.2,1.37,AVERAGE
S1649,Rajesh,65.57,51.34,59.95,12.51,5.63,AVERAGE
S1650,Sameer,83.03,80.07,74.34,10.95,3.94,AVERAGE
S1651,Bharath,99.46,86.96,83.89,93.1,1.62,GOOD
S1652,Diya,83.47,89.93,73.68,48.26,3.03,GOOD
S1653,Nithin,76.25,53.87,58.28,99.39,2.56,AVERAGE
S1654,Varun,76.05,92.93,78.95,32.3,5.33,GOOD
S1655,Swathi,68.85,76.57,90.31,62.14,5.38,GOOD
S1656,Mahesh,79.99,89.39,90.16,57.28,4.95,GOOD
S1657,Anirudh,97.94,44.11,47.93,6.81,2.94,AVERAGE
S1658,Aman,89.4,61.41,66.73,51.89,5.72,GOOD
S1659,Karthik,71.21,71.49,42.32,92.44,2.38,AVERAGE
S1660,Deepak,66.62,74.62,77.97,45.39,4.31,AVERAGE
S1661,Kavin,94.18,45.94,54.53,47.26,3.62,AVERAGE
S1662,Abhinav,56.79,72.32,95.82,70.08,3.19,GOOD
S1663,Diya,92.48,79.93,77.1,78.07,1.94,GOOD
S1664,Vikram,62.75,61.7,64.04,82.8,2.2,AVERAGE
S1665,Harini,85.78,70.04,83.89,45.2,5.11,GOOD
S1666,Shreya,90.31,57.55,52.44,44.4,4.34,AVERAGE
S1667,Ravi,73.85,92.23,45.49,47.34,5.66,GOOD
S1668,Shivani,59.61,75.95,45.24,96.9,4.41,AVERAGE
S1669,Ashwin,92.24,73.08,74.97,92.92,1.3,GOOD
S1670,Vidya,68.38,96.66,93.33,62.27,1.58,GOOD
S1671,Zoya,66.03,79.9,53.37,28.43,4.62,AVERAGE
S1672,Anirudh,75.5,56.79,85.6,90.04,2.25,GOOD
S1673,Ananya,71.75,78.51,42.26,17.09,2.24,AVERAGE
S1674,Anjali,84.15,97.7,61.2,10.68,3.03,AVERAGE
S1675,Jeeva,56.86,41.41,79.22,41.46,4.73,AVERAGE
S1676,Vijay,71.78,77.6,89.58,68.53,4.19,GOOD
S1677,Amrita,94.59,49.41,96.59,5.26,1.97,AVERAGE
S1678,Srinivas,51.8,88.99,77.95,31.29,5.48,AVERAGE
S1679,Varsha,72.87,78.44,67.76,78.41,5.86,GOOD
S1680,Jeeva,83.03,96.22,43.64,65.92,4.96,GOOD
S1681,Ashwin,94.39,80.17,56.54,8.45,1.97,AVERAGE
S1682,Vidya,79.69,41.03,95.39,20.18,4.97,AVERAGE
S1683,Vidya,91.22,70.62,74.97,72.52,3.61,GOOD
S1684,Chetan,61.13,94.22,60.56,11.66,1.14,AVERAGE
S1685,Nithin,67.64,53.94,54.93,0.97,4.34,AVERAGE
S1686,Pooja,97.11,44.97,46.82,99.27,5.88,GOOD
S1687,Vikram,94.3,83.19,85.1,61.39,3.16,GOOD
S1688,Rakesh,77.9,70.15,64.74,42.9,1.32,AVERAGE
S1689,Monisha,73.77,42.86,96.19,59.71,2.15,AVERAGE
S1690,Gayathri,72.55,56.79,67.26,67.02,3.79,AVERAGE
S1691,Muthu,52.94,59.6,89.1,49.55,4.96,AVERAGE
S1692,Varsha,94.62,80.07,47.81,65.81,1.93,GOOD
S1693,Vasanth,90.91,68.3,49.05,70.86,2.1,AVERAGE
S1694,Ananya,72.81,69.23,56.39,17.95,5.61,AVERAGE
S1695,Ishaan,63.97,88.4,51.47,42.37,5.41,AVERAGE
S1696,Jeeva,67.15,56.71,98.6,30.46,5.58,AVERAGE
S1697,Vikram,56.16,80.35,88.49,79.73,1.88,GOOD
S1698,Akash,86.09,62.05,60.9,76.99,5.66,GOOD
S1699,Ananya,77.83,65.1,71.19,81.06,2.7,AVERAGE
S1700,Srinivas,61.71,73.35,71.99,43.75,3.58,AVERAGE
S1701,Zoya,81.15,81.74,76.43,57.53,3.28,GOOD
S1702,Chetan,98.96,96.71,46.22,70.56,5.89,GOOD
S1703,Deepak,56.12,56.14,60.94,32.21,2.31,AVERAGE
S1704,Aryan,72.92,46.22,45.16,97.77,5.79,AVERAGE
S1705,Vedant,74.71,65.73,95.14,37.86,5.8,GOOD
S1706,Aarav,58.34,72.8,64.21,53.7,5.59,AVERAGE
S1707,Vignesh,76.58,53.68,83.62,82.68,2.79,AVERAGE
S1708,Sakshi,80.3,93.43,95.25,74.71,2.88,GOOD
S1709,Rohan,57.87,87.93,58.57,50.16,2.02,AVERAGE
S1710,Dharani,57.74,69.62,45.27,40.83,3.38,AVERAGE
S1711,Srinivas,92.82,67.0,60.17,63.71,2.24,AVERAGE
S1712,Jeeva,65.57,42.44,80.26,43.57,4.14,AVERAGE
S1713,Mahesh,81.52,72.21,69.99,59.2,5.34,GOOD
S1714,Surya,81.34,75.74,44.5,80.0,5.75,GOOD
S1715,Muthu,91.96,93.5,44.21,12.18,3.19,AVERAGE
S1716,Sneha,86.99,70.07,81.97,69.73,3.16,GOOD
S1717,Sanjay,92.03,49.44,84.19,5.38,3.57,AVERAGE
S1718,Gaurav,81.26,50.8,46.57,73.4,5.56,AVERAGE
S1719,Vikram,72.47,49.59,87.68,20.92,1.39,AVERAGE
S1720,Ashwin,69.68,96.31,60.73,49.34,2.53,GOOD
S1721,Varsha,68.95,87.6,44.09,26.7,1.99,AVERAGE
S1722,Rajesh,70.92,89.49,60.03,32.19,4.88,AVERAGE
S1723,Arnav,56.47,90.43,83.83,62.87,2.89,GOOD
S1724,Monisha,71.2,45.74,79.35,43.12,5.82,AVERAGE
S1725,Arnav,69.47,82.13,68.89,48.76,5.9,GOOD
S1726,Jeeva,51.73,82.26,56.78,99.89,5.4,GOOD
S1727,Amrita,63.76,53.49,65.08,12.16,3.54,AVERAGE
S1728,Sameer,87.6,69.44,62.9,38.43,5.65,GOOD
S1729,Bharath,78.9,79.75,63.4,53.02,2.88,AVERAGE
S1730,Jeeva,90.31,93.84,69.38,81.37,2.96,GOOD
S1731,Pranav,77.13,46.63,67.32,28.24,3.36,AVERAGE
S1732,Surya,92.7,93.53,46.15,39.38,4.49,GOOD
S1733,Malar,89.8,95.34,57.41,82.13,1.32,GOOD
S1734,Diya,54.91,95.42,47.75,53.04,3.68,AVERAGE
S1735,Dharani,98.85,40.29,76.13,85.61,5.83,GOOD
S1736,Kavin,50.74,53.26,65.37,6.43,1.34,AT RISK
S1737,Manish,79.84,81.47,80.32,28.71,1.43,AVERAGE
S1738,Kavin,89.63,59.3,45.26,55.78,5.72,AVERAGE
S1739,Sanjana,66.59,43.66,60.69,12.2,5.16,AVERAGE
S1740,Pavithra,79.93,85.78,50.82,48.18,1.0,AVERAGE
S1741,Mahesh,68.11,41.72,45.53,1.76,3.26,AT RISK
S1742,Anirudh,53.03,66.76,86.41,50.47,2.55,AVERAGE
S1743,Jatin,50.42,96.85,47.86,92.03,1.84,AVERAGE
S1744,Muthu,54.74,66.41,50.49,94.83,1.26,AVERAGE
S1745,Nandini,54.92,94.71,62.01,31.91,2.25,AVERAGE
S1746,Swathi,80.54,64.54,57.57,0.35,4.26,AVERAGE
S1747,Krishna,76.29,60.8,95.19,91.21,2.52,GOOD
S1748,Krishna,72.77,46.44,99.32,56.72,2.54,AVERAGE
S1749,Bhavya,84.6,61.49,65.34,58.06,2.31,AVERAGE
S1750,Yogesh,50.84,60.22,52.07,81.51,1.49,AVERAGE
S1751,Avinash,63.55,90.79,69.89,39.34,3.97,AVERAGE
S1752,Amrita,88.87,95.19,69.74,42.01,4.66,GOOD
S1753,Varsha,95.5,41.32,67.96,85.15,5.9,GOOD
S1754,Varun,71.92,45.9,41.22,49.15,2.13,AVERAGE
S1755,Rahul,54.07,78.59,47.7,73.58,1.81,AVERAGE
S1756,Kavin,89.94,69.08,48.46,90.5,4.54,GOOD
S1757,Neha,94.26,57.81,61.11,39.36,2.62,AVERAGE
S1758,Aryan,70.68,55.59,74.85,88.89,3.54,AVERAGE
S1759,Jeeva,62.17,53.48,92.67,32.74,4.54,AVERAGE
S1760,Deepak,52.2,71.53,53.4,92.96,3.1,AVERAGE
S1761,Varun,79.55,41.05,86.27,30.54,2.86,AVERAGE
S1762,Vasanth,95.49,84.33,53.57,23.42,3.2,AVERAGE
S1763,Varsha,83.89,58.02,41.96,72.08,3.28,AVERAGE
S1764,Nandini,65.86,65.61,78.99,92.2,1.0,AVERAGE
S1765,Monisha,82.14,71.62,52.88,76.81,1.94,AVERAGE
S1766,Zoya,91.6,52.68,95.18,74.01,4.05,GOOD
S1767,Sakshi,73.79,93.02,96.01,97.3,1.09,GOOD
S1768,Ashwin,90.99,80.93,46.3,55.74,2.38,AVERAGE
S1769,Naveen,69.6,92.22,51.68,88.76,3.2,GOOD
S1770,Bharath,67.43,68.53,52.62,3.71,3.21,AVERAGE
S1771,Darshan,79.15,65.95,94.69,13.22,1.24,AVERAGE
S1772,Aarav,73.23,54.23,44.68,27.15,5.38,AVERAGE
S1773,Janani,98.86,72.69,85.07,94.61,1.45,GOOD
S1774,Rajesh,75.82,75.59,57.26,19.69,5.38,AVERAGE
S1775,Vidya,69.26,65.2,74.95,38.31,5.95,AVERAGE
S1776,Priya,69.75,48.72,50.64,3.55,1.89,AT RISK
S1777,Arnav,77.4,56.39,88.39,7.82,1.35,AVERAGE
S1778,Jatin,67.75,40.86,80.25,58.26,1.61,AVERAGE
S1779,Ramya,86.15,59.15,41.27,9.77,5.26,AVERAGE
S1780,Reshma,69.03,74.85,54.23,89.92,5.86,GOOD
S1781,Anirudh,69.21,97.34,67.98,88.58,3.96,GOOD
S1782,Aryan,80.85,50.67,71.87,62.22,5.74,AVERAGE
S1783,Aryan,53.04,43.33,89.64,39.63,4.85,AVERAGE
S1784,Sakshi,82.77,57.78,63.22,88.78,3.84,GOOD
S1785,Vijay,75.25,49.41,95.61,48.78,5.57,AVERAGE
S1786,Abhinav,72.65,81.73,51.63,19.06,3.34,AVERAGE
S1787,Ganesh,85.96,40.34,91.46,34.57,3.06,AVERAGE
S1788,Tanvi,87.91,98.85,94.26,36.31,4.6,GOOD
S1789,Aadhya,92.31,91.34,77.6,57.98,4.74,GOOD
S1790,Ananya,68.74,69.44,98.05,40.12,2.77,AVERAGE
S1791,Riya,66.35,95.26,64.64,81.83,3.38,GOOD
S1792,Jeeva,85.72,77.68,81.96,62.65,2.08,GOOD
S1793,Pradeep,79.09,99.63,40.61,25.21,1.6,AVERAGE
S1794,Rahul,81.59,56.7,56.48,40.21,2.76,AVERAGE
S1795,Kavya,77.78,99.81,73.98,72.32,3.46,GOOD
S1796,Yogesh,88.63,50.81,92.56,24.22,1.79,AVERAGE
S1797,Riya,59.5,61.21,97.18,9.16,1.82,AVERAGE
S1798,Krishna,77.79,96.12,74.77,71.11,1.62,GOOD
S1799,Rakesh,57.91,62.23,91.35,40.67,5.38,AVERAGE
S1800,Aadhya,70.36,52.59,87.95,12.43,4.47,AVERAGE
S1801,Keerthi,83.2,43.57,86.42,47.95,1.73,AVERAGE
S1802,Sneha,74.65,48.94,46.69,56.03,4.31,AVERAGE
S1803,Shivani,68.98,61.31,68.72,2.58,3.43,AVERAGE
S1804,Kavin,94.25,65.27,69.18,79.11,3.83,GOOD
S1805,Monisha,88.64,72.55,87.25,49.15,5.14,GOOD
S1806,Tanvi,76.31,88.82,75.17,2.55,3.38,AVERAGE
S1807,Arnav,97.5,40.8,89.19,86.18,2.44,GOOD
S1808,Nikhil,71.22,90.47,97.39,58.53,4.9,GOOD
S1809,Gayathri,89.4,74.63,73.28,96.33,1.8,GOOD
S1810,Aditya,58.4,85.39,87.5,28.12,5.62,GOOD
S1811,Reshma,64.29,85.42,73.63,41.26,5.71,GOOD
S1812,Ganesh,66.9,94.19,77.54,66.29,2.72,GOOD
S1813,Karthik,55.29,45.6,68.56,91.4,4.86,AVERAGE
S1814,Malar,75.09,74.29,97.58,79.12,5.61,GOOD
S1815,Preethi,59.61,94.54,89.05,64.3,5.6,GOOD
S1816,Aditya,81.71,83.15,85.12,79.55,1.57,GOOD
S1817,Arjun,59.5,45.8,59.77,9.48,1.84,AT RISK
S1818,Charan,56.18,76.84,69.12,72.42,3.45,AVERAGE
S1819,Gayathri,98.45,87.99,91.77,57.86,3.76,GOOD
S1820,Aarohi,82.91,56.49,96.18,27.43,2.72,AVERAGE
S1821,Charan,96.82,77.95,99.85,23.85,1.38,GOOD
S1822,Ashwin,74.49,90.42,84.07,28.83,3.15,GOOD
S1823,Bharath,51.67,71.43,83.85,12.29,2.41,AVERAGE
S1824,Anjali,78.72,51.65,45.63,27.33,3.24,AVERAGE
S1825,Ananya,77.92,72.98,85.09,7.13,2.37,AVERAGE
S1826,Ganesh,50.75,75.28,60.8,67.27,3.18,AVERAGE
S1827,Sanjana,93.06,64.17,91.88,51.23,3.94,GOOD
S1828,Ravi,81.0,80.78,40.68,12.77,2.8,AVERAGE
S1829,Aarohi,87.23,66.0,96.06,69.72,2.05,GOOD
S1830,Harish,74.7,92.64,69.03,17.8,2.98,AVERAGE
S1831,Harish,80.92,87.5,47.68,49.49,2.3,AVERAGE
S1832,Riya,62.87,88.29,76.06,92.01,1.32,GOOD
S1833,Avinash,98.69,71.56,81.52,76.09,4.17,GOOD
S1834,Ramya,70.04,51.78,86.79,58.41,4.17,AVERAGE
S1835,Malar,58.12,83.47,82.11,58.49,2.59,AVERAGE
S1836,Nithin,52.8,44.14,73.2,6.42,5.8,AVERAGE
S1837,Dev,81.81,71.05,44.92,42.7,4.95,AVERAGE
S1838,Aadhya,99.17,43.18,91.77,30.71,5.51,AVERAGE
S1839,Shivani,94.79,71.71,99.0,47.46,3.35,GOOD
S1840,Karthik,85.11,81.16,86.68,95.14,3.62,GOOD
S1841,Bharath,99.53,65.15,42.08,78.65,4.46,GOOD
S1842,Shankar,86.14,65.01,85.34,61.0,3.94,GOOD
S1843,Abhinav,66.96,47.37,56.18,70.47,4.34,AVERAGE
S1844,Aarav,80.06,58.11,97.73,73.06,3.16,GOOD
S1845,Aarav,53.99,66.66,43.81,45.64,1.66,AVERAGE
S1846,Bhavya,61.08,91.81,45.54,86.64,5.06,GOOD
S1847,Akash,70.88,93.88,50.88,61.73,2.94,GOOD
S1848,Pavithra,60.09,97.21,85.19,73.8,4.04,GOOD
S1849,Yash,97.68,46.02,79.08,1.1,2.85,AVERAGE
S1850,Darshan,99.78,57.77,83.63,53.79,3.41,GOOD
S1851,Nithin,68.55,67.77,61.23,36.42,4.19,AVERAGE
S1852,Yogesh,85.46,78.5,92.77,5.54,3.89,GOOD
S1853,Gaurav,70.39,82.17,66.78,64.61,1.7,AVERAGE
S1854,Karthik,56.98,87.16,48.05,92.88,2.18,AVERAGE
S1855,Rajesh,66.85,69.75,86.05,73.28,1.87,AVERAGE
S1856,Harish,61.67,73.4,71.77,7.99,3.88,AVERAGE
S1857,Akash,66.4,97.63,75.6,5.67,2.97,AVERAGE
S1858,Charan,60.75,54.4,63.11,34.5,2.23,AVERAGE
S1859,Nithin,55.62,88.23,82.64,23.85,1.22,AVERAGE
S1860,Yogesh,60.87,82.71,42.13,2.76,4.84,AVERAGE
S1861,Surya,95.29,48.41,69.47,4.01,1.27,AVERAGE
S1862,Aryan,54.26,95.59,65.63,34.51,2.9,AVERAGE
S1863,Malar,66.24,91.32,84.79,13.35,3.28,AVERAGE
S1864,Rajesh,76.42,86.77,55.95,19.47,3.27,AVERAGE
S1865,Harini,67.73,47.61,54.02,86.95,1.69,AVERAGE
S1866,Pavithra,75.88,48.38,59.19,99.37,4.55,AVERAGE
S1867,Preethi,52.17,80.99,68.83,80.46,2.14,AVERAGE
S1868,Rakesh,82.43,46.44,52.59,23.28,4.15,AVERAGE
S1869,Aditya,78.17,46.8,81.05,17.58,2.89,AVERAGE
S1870,Riya,84.05,64.02,59.9,57.85,3.61,AVERAGE
S1871,Diya,78.36,40.32,65.29,78.39,3.26,AVERAGE
S1872,Arnav,71.9,83.29,73.46,65.74,5.78,GOOD
S1873,Aryan,67.51,72.41,62.61,80.38,2.73,AVERAGE
S1874,Harini,61.32,44.69,82.07,48.7,1.76,AVERAGE
S1875,Shreya,75.0,72.61,79.37,98.78,2.8,GOOD
S1876,Swathi,51.3,43.25,85.41,78.69,3.5,AVERAGE
S1877,Kishore,66.41,44.24,71.38,5.09,1.33,AT RISK
S1878,Tanvi,83.89,69.13,62.05,36.41,5.59,AVERAGE
S1879,Anirudh,55.44,69.99,52.07,55.96,1.99,AVERAGE
S1880,Amrita,53.14,60.34,66.21,22.42,5.65,AVERAGE
S1881,Ramya,82.61,77.31,92.38,40.34,3.02,GOOD
S1882,Rakesh,69.89,63.24,47.26,62.96,3.78,AVERAGE
S1883,Bhavya,90.09,75.22,52.92,55.22,4.42,GOOD
S1884,Pavithra,96.87,60.99,79.91,86.14,1.32,GOOD
S1885,Kavin,97.85,82.9,74.5,26.25,3.07,GOOD
S1886,Akash,71.28,74.76,94.97,92.11,2.41,GOOD
S1887,Dev,63.22,49.6,41.74,32.21,1.84,AT RISK
S1888,Aadhya,80.43,81.18,92.71,92.04,4.34,GOOD
S1889,Jatin,81.41,87.04,83.53,24.83,1.83,AVERAGE
S1890,Ananya,81.12,43.95,86.53,50.75,3.91,AVERAGE
S1891,Hari,66.09,76.6,62.72,93.22,2.95,GOOD
S1892,Srinivas,53.19,87.43,58.44,27.75,5.88,AVERAGE
S1893,Darshan,60.5,46.88,40.86,84.88,5.53,AVERAGE
S1894,Kishore,57.72,94.1,87.24,50.12,1.04,AVERAGE
S1895,Zoya,56.2,64.89,49.69,41.98,5.05,AVERAGE
S1896,Shreya,96.31,84.27,53.57,66.37,1.84,GOOD
S1897,Akash,50.69,93.94,56.59,19.86,3.35,AVERAGE
S1898,Aman,80.09,99.38,92.18,65.88,5.06,EXCELLENT
S1899,Zoya,97.37,75.04,57.27,17.66,2.44,AVERAGE
S1900,Aarav,68.0,82.26,65.54,71.09,4.67,GOOD
S1901,Aditya,76.35,55.1,84.84,61.06,2.2,AVERAGE
S1902,Dhanush,84.79,57.4,93.54,13.99,5.36,AVERAGE
S1903,Sahana,65.86,91.05,87.47,10.07,3.2,AVERAGE
S1904,Riya,73.88,63.89,72.12,60.74,2.0,AVERAGE
S1905,Hari,90.86,89.35,40.13,12.15,1.27,AVERAGE
S1906,Pranav,87.27,43.04,49.47,62.51,4.03,AVERAGE
S1907,Deepak,90.42,53.1,55.22,99.9,4.41,GOOD
S1908,Naveen,99.37,50.21,64.83,12.3,4.4,AVERAGE
S1909,Ananya,68.52,71.62,61.73,47.38,3.49,AVERAGE
S1910,Malar,87.35,44.83,70.86,92.44,3.01,AVERAGE
S1911,Deepika,80.14,60.63,64.72,93.71,4.1,GOOD
S1912,Naveen,83.33,99.17,83.56,2.99,1.17,AVERAGE
S1913,Darshan,86.99,87.65,43.13,80.8,2.2,GOOD
S1914,Vikram,87.49,85.64,99.68,23.85,2.28,GOOD
S1915,Riya,94.29,48.11,90.58,74.66,4.89,GOOD
S1916,Tanvi,67.47,61.87,60.1,35.5,3.21,AVERAGE
S1917,Monisha,82.67,80.84,63.81,22.49,1.23,AVERAGE
S1918,Ishaan,64.01,41.3,97.82,47.07,5.48,AVERAGE
S1919,Anirudh,79.73,66.04,96.15,17.59,2.93,AVERAGE
S1920,Reshma,87.56,95.72,63.59,42.42,1.38,GOOD
S1921,Vignesh,89.55,44.94,43.58,39.48,3.09,AVERAGE
S1922,Rakesh,71.01,94.38,99.28,96.29,5.75,EXCELLENT
S1923,Avinash,75.44,51.67,79.23,54.21,5.01,AVERAGE
S1924,Harish,66.69,51.35,81.58,69.71,3.97,AVERAGE
S1925,Vasanth,58.45,51.73,56.48,17.49,4.8,AVERAGE
S1926,Tanvi,63.03,95.88,89.12,99.73,3.58,GOOD
S1927,Keerthi,95.61,76.22,73.45,49.77,5.02,GOOD
S1928,Pranav,65.45,85.05,68.21,7.52,5.2,AVERAGE
S1929,Vignesh,98.74,61.98,84.47,60.93,2.69,GOOD
S1930,Swathi,62.07,92.4,62.31,31.81,3.23,AVERAGE
S1931,Harini,86.15,74.92,65.76,29.39,2.13,AVERAGE
S1932,Ishaan,78.7,75.99,79.14,31.7,4.43,GOOD
S1933,Aishwarya,84.84,85.14,78.38,45.04,1.69,GOOD
S1934,Rakesh,82.2,86.42,98.27,28.71,3.36,GOOD
S1935,Vasanth,85.34,80.91,73.77,77.87,5.83,GOOD
S1936,Bhavya,95.28,47.13,59.26,17.9,3.33,AVERAGE
S1937,Avinash,78.17,92.0,57.25,14.19,1.34,AVERAGE
S1938,Rohan,53.39,55.65,72.04,10.45,1.09,AT RISK
S1939,Shreya,63.54,99.77,47.17,41.04,5.75,GOOD
S1940,Harini,85.41,63.13,75.29,11.29,4.54,AVERAGE
S1941,Pooja,74.7,47.2,63.42,2.51,4.55,AVERAGE
S1942,Shivani,77.43,58.97,61.12,29.44,2.85,AVERAGE
S1943,Sakshi,79.83,74.41,51.55,98.0,3.51,GOOD
S1944,Aryan,69.13,63.49,69.72,1.09,3.79,AVERAGE
S1945,Arnav,88.69,89.72,42.26,6.39,4.84,AVERAGE
S1946,Anusha,86.18,80.93,76.43,58.31,3.55,GOOD
S1947,Ashwin,85.71,52.81,57.13,49.79,2.53,AVERAGE
S1948,Vasanth,85.77,72.33,94.3,10.43,3.66,AVERAGE
S1949,Jatin,94.52,87.25,71.58,89.47,4.41,GOOD
S1950,Ananya,79.77,93.47,86.84,67.44,1.29,GOOD
S1951,Keerthi,98.35,63.7,91.07,49.47,3.37,GOOD
S1952,Zoya,55.96,95.47,92.74,54.37,2.72,GOOD
S1953,Priya,81.6,42.16,92.24,79.62,5.48,GOOD
S1954,Monisha,85.85,80.6,53.53,9.81,2.94,AVERAGE
S1955,Zoya,73.86,86.92,58.2,93.32,4.14,GOOD
S1956,Pooja,64.41,65.51,82.48,11.26,3.28,AVERAGE
S1957,Anirudh,77.5,40.66,72.26,45.85,5.07,AVERAGE
S1958,Anusha,68.24,81.22,76.56,24.76,5.65,AVERAGE
S1959,Pranav,95.46,60.55,80.66,66.52,1.42,GOOD
S1960,Bhavya,67.84,49.11,46.86,83.98,1.1,AVERAGE
S1961,Pooja,58.79,49.43,50.1,61.67,4.52,AVERAGE
S1962,Rajesh,78.82,86.15,78.27,22.4,4.16,GOOD
S1963,Dhanush,69.8,51.24,77.52,77.94,3.77,AVERAGE
S1964,Vasanth,54.79,69.05,89.05,94.27,3.15,GOOD
S1965,Vijay,78.24,98.22,81.63,16.1,4.75,GOOD
S1966,Yash,76.89,85.53,52.46,25.35,4.52,AVERAGE
S1967,Krishna,58.66,72.83,44.2,52.96,3.08,AVERAGE
S1968,Surya,79.88,71.7,63.46,73.98,2.62,AVERAGE
S1969,Abhinav,78.37,50.04,62.28,12.7,5.81,AVERAGE
S1970,Kavya,88.68,66.79,86.04,5.07,3.03,AVERAGE
S1971,Pranav,68.08,48.69,80.29,56.7,2.05,AVERAGE
S1972,Sakshi,62.44,45.01,92.33,79.72,5.8,AVERAGE
S1973,Sakshi,97.56,46.55,70.26,29.76,4.53,AVERAGE
S1974,Avinash,78.06,76.4,57.32,58.3,3.79,AVERAGE
S1975,Divya,51.36,51.61,70.26,80.35,4.84,AVERAGE
S1976,Ananya,91.04,48.96,52.93,2.88,2.11,AVERAGE
S1977,Vignesh,59.84,92.03,43.63,33.62,3.79,AVERAGE
S1978,Mohan,89.3,47.32,69.98,30.32,2.37,AVERAGE
S1979,Vedant,85.26,82.34,64.82,72.31,5.31,GOOD
S1980,Vijay,98.44,65.02,41.93,66.62,1.68,AVERAGE
S1981,Hari,98.28,74.74,83.28,82.68,2.09,GOOD
S1982,Tanvi,63.72,41.4,78.66,54.86,2.22,AVERAGE
S1983,Aishwarya,88.32,40.0,44.43,22.79,3.19,AVERAGE
S1984,Vijay,65.84,89.03,82.6,43.31,1.67,AVERAGE
S1985,Bharath,81.46,68.53,44.97,39.61,3.72,AVERAGE
S1986,Zoya,79.89,44.28,71.06,66.77,4.66,AVERAGE
S1987,Krishna,52.73,60.61,77.33,95.39,1.04,AVERAGE
S1988,Harish,50.26,70.38,69.94,45.77,5.44,AVERAGE
S1989,Monisha,52.89,48.13,84.84,63.88,5.26,AVERAGE
S1990,Meera,56.4,72.78,63.13,17.77,1.25,AVERAGE
S1991,Tanvi,62.88,71.73,52.78,57.44,1.34,AVERAGE
S1992,Dev,95.35,76.17,69.18,72.84,3.87,GOOD
S1993,Rahul,75.93,88.62,60.53,76.37,2.57,GOOD
S1994,Srinivas,89.84,64.77,49.08,97.36,3.45,GOOD
S1995,Anjali,91.92,93.31,68.27,98.76,3.84,EXCELLENT
S1996,Srinivas,86.75,68.48,52.09,51.55,4.19,AVERAGE
S1997,Nandini,69.57,67.43,68.22,86.06,4.66,GOOD
S1998,Yogesh,93.19,79.34,75.55,73.71,5.29,GOOD
S1999,Sneha,87.1,77.05,86.93,52.46,4.03,GOOD
S2000,Nithin,87.16,40.69,91.19,3.01,1.53,AVERAGE
S2001,Kavin,95.08,98.95,80.09,97.7,1.68,EXCELLENT
S2002,Varun,79.93,96.56,93.61,96.52,4.07,EXCELLENT
S2003,Sahana,76.43,56.88,73.47,51.81,4.54,AVERAGE
S2004,Aryan,94.51,73.52,82.63,34.44,4.77,GOOD
S2005,Surya,72.72,86.23,86.22,11.18,3.59,AVERAGE
S2006,Ramya,90.58,95.23,89.49,5.51,4.0,GOOD
S2007,Shreya,52.69,75.15,85.11,80.34,5.87,GOOD
S2008,Kavin,50.06,41.14,94.14,40.94,2.74,AVERAGE
S2009,Srinivas,76.41,80.84,68.37,56.28,2.07,AVERAGE
S2010,Isha,53.68,45.58,97.21,30.15,5.84,AVERAGE
S2011,Muthu,98.83,80.27,64.02,61.4,5.59,GOOD
S2012,Harish,50.28,75.25,44.21,75.88,1.04,AVERAGE
S2013,Krishna,85.91,78.44,50.93,89.29,3.01,GOOD
S2014,Sneha,62.17,51.36,73.5,49.61,4.67,AVERAGE
S2015,Preethi,98.38,69.62,40.88,30.02,1.89,AVERAGE
S2016,Neha,69.08,77.08,49.44,7.68,1.16,AVERAGE
S2017,Sanjay,51.36,58.02,62.44,85.4,1.18,AVERAGE
S2018,Aditya,51.35,50.9,77.46,85.36,3.82,AVERAGE
S2019,Arnav,77.67,53.36,49.93,35.34,2.15,AVERAGE
S2020,Akash,99.34,91.48,74.49,20.73,2.29,GOOD
S2021,Aman,98.99,67.87,79.79,67.34,1.08,GOOD
S2022,Ravi,66.86,79.66,85.82,75.67,4.63,GOOD
S2023,Rajesh,74.14,70.89,79.63,72.18,5.22,GOOD
S2024,Pradeep,55.02,90.05,55.0,7.13,4.67,AVERAGE
S2025,Akash,76.11,70.51,99.84,98.42,1.68,GOOD
S2026,Aman,79.99,45.6,93.29,54.45,5.79,GOOD
S2027,Karthik,62.55,51.88,62.41,60.83,5.81,AVERAGE
S2028,Vedant,80.61,40.8,41.75,4.53,2.3,AT RISK
S2029,Manish,94.98,89.89,71.72,1.18,5.92,GOOD
S2030,Sameer,50.05,79.8,91.91,12.63,3.22,AVERAGE
S2031,Deepak,61.45,85.55,89.32,39.1,1.21,AVERAGE
S2032,Kavin,60.5,82.9,93.85,94.48,3.88,GOOD
S2033,Krishna,56.19,89.47,98.17,72.8,3.63,GOOD
S2034,Akshara,58.31,99.22,82.78,99.92,5.29,GOOD
S2035,Kishore,81.3,79.21,49.74,67.99,2.78,AVERAGE
S2036,Shankar,55.13,55.14,42.18,9.98,4.83,AT RISK
S2037,Aadhya,86.93,46.08,49.08,69.45,4.93,AVERAGE
S2038,Rahul,94.35,75.38,52.07,64.13,1.17,AVERAGE
S2039,Pradeep,96.33,86.25,43.68,88.63,4.37,GOOD
S2040,Hari,83.01,73.69,67.21,54.42,3.4,GOOD
S2041,Ramya,59.87,58.21,87.03,24.56,2.01,AVERAGE
S2042,Pranav,54.26,83.18,40.26,73.27,3.08,AVERAGE
S2043,Naveen,61.6,66.88,88.22,75.34,5.29,GOOD
S2044,Hari,98.1,57.2,95.52,51.42,4.45,GOOD
S2045,Bhavya,98.12,90.47,49.12,9.48,4.14,AVERAGE
S2046,Gaurav,69.1,74.59,41.28,41.38,1.41,AVERAGE
S2047,Yash,66.29,57.01,68.76,83.99,4.33,AVERAGE
S2048,Charan,75.5,59.72,92.11,30.36,4.79,AVERAGE
S2049,Arnav,64.58,74.3,84.21,73.17,5.75,GOOD
S2050,Shreya,98.98,65.38,42.08,25.35,4.99,AVERAGE
S2051,Nandini,61.06,49.63,80.4,32.87,1.4,AVERAGE
S2052,Shreya,68.46,76.63,89.06,33.7,5.72,GOOD
S2053,Vidya,71.47,81.35,56.26,13.55,4.96,AVERAGE
S2054,Aman,56.25,40.01,79.2,35.12,1.02,AT RISK
S2055,Gayathri,69.14,72.21,69.64,72.36,4.56,GOOD
S2056,Rakesh,92.84,74.63,52.34,40.13,2.52,AVERAGE
S2057,Malar,57.02,59.92,94.09,29.97,4.03,AVERAGE
S2058,Priya,79.2,60.32,53.38,70.07,2.41,AVERAGE
S2059,Krishna,70.33,59.06,90.43,51.55,4.65,AVERAGE
S2060,Malar,58.53,66.72,82.1,43.59,1.93,AVERAGE
S2061,Ganesh,50.62,88.72,53.25,79.62,5.17,GOOD
S2062,Avinash,63.67,68.14,82.68,38.19,1.36,AVERAGE
S2063,Hari,53.09,99.62,41.56,54.43,1.12,AVERAGE
S2064,Madhavan,68.84,62.57,54.18,3.18,1.66,AVERAGE
S2065,Neha,90.51,81.96,57.12,33.94,2.92,AVERAGE
S2066,Surya,85.98,72.94,93.35,23.69,4.28,GOOD
S2067,Aishwarya,97.37,85.74,94.92,88.57,3.4,EXCELLENT
S2068,Manish,71.35,93.3,56.26,2.11,3.38,AVERAGE
S2069,Aadhya,85.39,70.7,68.48,70.0,5.33,GOOD
S2070,Dharani,83.27,69.67,98.9,75.62,3.8,GOOD
S2071,Diya,60.85,96.56,79.96,33.25,3.54,GOOD
S2072,Madhavan,65.18,96.02,44.18,25.71,3.1,AVERAGE
S2073,Srinivas,76.49,99.82,63.49,16.48,5.89,GOOD
S2074,Rohan,89.83,49.39,65.29,27.71,2.21,AVERAGE
S2075,Chetan,73.09,40.21,58.38,91.39,1.78,AVERAGE
S2076,Janani,61.39,66.24,71.19,4.33,3.46,AVERAGE
S2077,Chetan,99.67,84.0,84.16,45.67,4.39,GOOD
S2078,Pranav,55.78,44.37,81.49,26.44,1.11,AT RISK
S2079,Preethi,97.79,62.42,61.09,69.59,5.28,GOOD
S2080,Surya,90.45,74.89,84.2,33.39,2.42,GOOD
S2081,Darshan,91.94,52.75,72.04,34.6,4.23,AVERAGE
S2082,Vidya,89.75,83.87,86.17,5.83,1.87,AVERAGE
S2083,Varun,60.41,53.77,46.83,91.05,5.36,AVERAGE
S2084,Diya,81.63,90.44,64.29,52.16,2.79,GOOD
S2085,Preethi,87.84,60.9,63.68,6.9,1.93,AVERAGE
S2086,Nithin,87.28,75.92,61.11,75.17,1.1,AVERAGE
S2087,Gayathri,63.58,72.65,81.88,78.0,2.54,AVERAGE
S2088,Bharath,59.06,57.79,73.43,46.11,2.9,AVERAGE
S2089,Avinash,66.41,66.34,63.15,97.91,1.18,AVERAGE
S2090,Shreya,73.99,90.76,72.18,22.6,3.78,AVERAGE
S2091,Rakesh,78.69,72.9,82.26,84.42,3.27,GOOD
S2092,Rajesh,91.85,43.34,80.51,84.64,3.47,GOOD
S2093,Nikhil,88.45,82.78,85.64,52.12,1.67,GOOD
S2094,Lakshmi,83.81,50.95,91.09,54.01,2.92,AVERAGE
S2095,Amrita,63.17,69.16,84.36,11.23,5.84,AVERAGE
S2096,Preethi,73.94,68.11,50.81,13.32,2.79,AVERAGE
S2097,Madhavan,66.77,69.19,90.79,42.28,4.96,GOOD
S2098,Aditya,61.75,41.86,59.92,91.81,1.62,AVERAGE
S2099,Rahul,50.51,56.34,79.96,21.45,1.61,AVERAGE
S2100,Sakshi,66.97,43.04,99.46,47.5,5.99,AVERAGE
S2101,Rohan,62.81,64.9,57.68,6.42,4.24,AVERAGE
S2102,Shivani,78.6,77.28,56.21,29.92,4.32,AVERAGE
S2103,Bhavya,53.12,79.24,50.93,37.2,3.13,AVERAGE
S2104,Keerthi,63.53,43.87,99.04,96.29,4.81,GOOD
S2105,Deepika,52.24,47.13,65.62,19.3,5.64,AVERAGE
S2106,Harish,82.07,79.69,87.03,10.07,1.41,AVERAGE
S2107,Shankar,78.41,71.87,42.95,5.38,1.86,AVERAGE
S2108,Vasanth,66.87,90.0,50.83,52.2,5.33,GOOD
S2109,Aditya,57.37,52.31,43.79,51.95,1.4,AT RISK
S2110,Anirudh,97.9,47.22,88.94,19.58,2.8,AVERAGE
S2111,Gaurav,79.22,61.72,46.39,24.75,1.42,AVERAGE
S2112,Dev,83.96,78.22,95.39,31.89,3.04,GOOD
S2113,Kavya,76.57,69.16,79.83,0.94,3.24,AVERAGE
S2114,Dev,90.33,45.92,94.57,81.71,1.9,GOOD
S2115,Sanjay,94.82,44.28,64.53,77.28,1.41,AVERAGE
S2116,Gayathri,69.14,80.66,71.54,32.03,3.09,AVERAGE
S2117,Vijay,84.5,57.82,41.65,57.43,3.57,AVERAGE
S2118,Jeeva,61.49,80.17,67.95,32.82,4.69,AVERAGE
S2119,Sanjay,82.59,57.69,75.44,2.68,4.63,AVERAGE
S2120,Aadhya,69.96,58.89,46.04,58.98,1.35,AVERAGE
S2121,Amrita,50.34,52.59,98.87,72.16,3.19,AVERAGE
S2122,Isha,97.78,99.02,40.26,33.38,5.22,GOOD
S2123,Harish,93.42,40.96,56.05,24.14,3.98,AVERAGE
S2124,Rajesh,64.54,47.64,76.94,26.42,5.27,AVERAGE
S2125,Rajesh,99.89,90.18,69.86,34.91,5.75,GOOD
S2126,Ramya,65.86,48.29,54.35,46.76,2.67,AVERAGE
S2127,Anirudh,72.94,56.84,99.21,75.49,1.66,AVERAGE
S2128,Varun,92.56,55.77,51.33,19.9,1.42,AVERAGE
S2129,Aishwarya,65.23,81.82,74.1,70.63,1.63,AVERAGE
S2130,Pooja,72.53,64.67,46.95,96.45,4.41,AVERAGE
S2131,Dharani,83.28,90.44,43.37,18.03,1.6,AVERAGE
S2132,Muthu,56.52,84.85,69.27,50.76,5.76,GOOD
S2133,Mahesh,71.12,71.87,88.28,36.13,4.29,AVERAGE
S2134,Zoya,65.47,54.94,71.88,60.05,5.78,AVERAGE
S2135,Akash,83.84,87.55,57.62,88.08,3.82,GOOD
S2136,Jeeva,56.8,91.96,41.0,88.63,2.01,AVERAGE
S2137,Nandini,61.64,90.18,96.43,44.31,1.84,GOOD
S2138,Kishore,85.57,43.1,52.71,75.74,4.84,AVERAGE
S2139,Swathi,57.81,81.88,74.47,51.13,1.0,AVERAGE
S2140,Sahana,71.1,82.24,40.93,77.2,5.38,GOOD
S2141,Manish,85.64,96.58,45.83,88.44,1.15,GOOD
S2142,Varsha,88.27,55.81,50.21,71.18,4.02,AVERAGE
S2143,Rajesh,54.74,87.18,46.74,6.08,2.94,AVERAGE
S2144,Manish,92.6,81.35,71.85,24.53,4.06,GOOD
S2145,Sameer,86.2,92.72,63.82,78.58,4.91,GOOD
S2146,Swathi,66.96,81.6,88.08,1.96,1.56,AVERAGE
S2147,Mahesh,88.19,91.15,46.97,51.79,5.73,GOOD
S2148,Ganesh,86.41,61.57,65.86,61.04,3.98,AVERAGE
S2149,Ramya,80.04,49.46,65.7,82.0,2.91,AVERAGE
S2150,Nandini,77.92,61.8,53.85,80.66,5.9,GOOD
S2151,Shreya,86.74,88.9,45.76,7.32,5.06,AVERAGE
S2152,Rahul,99.96,47.9,40.64,67.97,1.81,AVERAGE
S2153,Shankar,78.93,78.28,41.13,79.03,1.44,AVERAGE
S2154,Keerthi,90.44,99.25,63.92,10.54,5.61,GOOD
S2155,Vijay,87.21,93.7,43.26,48.54,3.92,GOOD
S2156,Aryan,92.79,80.27,63.67,64.94,3.32,GOOD
S2157,Ramya,97.73,87.56,66.24,34.24,1.39,GOOD
S2158,Neha,59.65,46.99,66.72,37.05,3.71,AVERAGE
S2159,Meera,58.27,69.93,51.5,10.29,2.36,AVERAGE
S2160,Vijay,79.32,71.91,69.92,77.44,1.97,GOOD
S2161,Sanjay,72.46,86.96,63.54,23.71,2.96,AVERAGE
S2162,Rajesh,78.54,56.96,99.37,43.49,1.18,AVERAGE
S2163,Swathi,89.9,46.39,42.72,51.64,3.99,AVERAGE
S2164,Sneha,96.59,81.89,43.23,8.72,4.11,AVERAGE
S2165,Arjun,70.87,69.56,89.47,43.11,4.47,GOOD
S2166,Aarohi,85.9,90.54,55.96,15.24,1.11,AVERAGE
S2167,Nikhil,59.84,68.89,51.03,23.25,1.88,AVERAGE
S2168,Gayathri,76.73,90.78,92.47,35.63,4.86,GOOD
S2169,Shivani,51.09,70.47,71.96,48.97,3.87,AVERAGE
S2170,Anjali,75.19,86.96,76.95,43.42,1.05,AVERAGE
S2171,Anirudh,77.27,83.24,40.48,7.16,4.65,AVERAGE
S2172,Nikhil,86.77,55.96,55.65,35.04,3.08,AVERAGE
S2173,Deepak,82.47,58.56,55.55,3.92,2.32,AVERAGE
S2174,Aarav,67.92,93.95,85.65,25.08,4.77,GOOD
S2175,Manish,50.29,53.86,63.13,8.51,2.8,AT RISK
S2176,Krishna,55.77,81.85,74.65,16.74,3.27,AVERAGE
S2177,Dev,98.65,48.71,95.91,50.25,5.3,GOOD
S2178,Ishaan,96.12,85.31,99.08,92.73,1.75,EXCELLENT
S2179,Aarohi,66.25,53.4,47.64,19.48,3.83,AVERAGE
S2180,Yash,62.94,75.64,73.35,73.08,1.52,AVERAGE
S2181,Surya,71.82,73.85,81.95,4.37,5.89,AVERAGE
S2182,Harini,84.5,52.21,86.92,33.58,2.56,AVERAGE
S2183,Rakesh,67.84,69.48,95.21,40.14,5.55,GOOD
S2184,Priya,53.36,92.75,83.7,10.84,2.84,AVERAGE
S2185,Keerthi,70.14,80.83,81.4,63.68,5.23,GOOD
S2186,Avinash,63.03,99.56,43.25,14.57,4.82,AVERAGE
S2187,Vikram,66.25,87.07,72.69,80.07,2.16,GOOD
S2188,Vedant,58.15,78.61,75.93,59.15,4.23,AVERAGE
S2189,Aarav,82.94,73.79,81.79,74.13,2.17,GOOD
S2190,Pranav,76.33,96.25,75.0,16.42,1.09,AVERAGE
S2191,Jatin,63.54,71.62,64.57,31.71,2.5,AVERAGE
S2192,Deepak,77.69,64.16,69.25,70.55,4.55,GOOD
S2193,Hari,74.64,90.07,98.04,45.33,1.89,GOOD
S2194,Srinivas,89.8,96.41,59.75,63.23,4.14,GOOD
S2195,Anirudh,97.8,68.74,87.07,41.35,4.82,GOOD
S2196,Janani,56.53,48.23,76.45,67.22,2.55,AVERAGE
S2197,Darshan,94.2,76.5,66.63,64.15,1.51,GOOD
S2198,Nithin,85.24,84.45,64.86,29.95,3.98,GOOD
S2199,Anjali,84.63,62.42,72.23,88.17,1.66,GOOD
S2200,Reshma,68.72,84.87,87.99,73.24,1.01,GOOD
S2201,Sakshi,67.2,71.86,47.33,6.82,1.65,AVERAGE
S2202,Darshan,50.28,58.08,94.64,3.77,2.33,AVERAGE
S2203,Mahesh,99.11,77.77,86.45,71.61,4.39,GOOD
S2204,Bharath,80.33,63.34,60.94,63.2,2.66,AVERAGE
S2205,Shankar,70.12,87.21,40.61,92.45,5.59,GOOD
S2206,Sneha,77.19,40.18,46.31,67.55,4.71,AVERAGE
S2207,Jeeva,52.03,89.09,48.66,20.82,5.94,AVERAGE
S2208,Karthik,58.68,58.39,46.21,4.2,4.33,AT RISK
S2209,Yogesh,81.17,97.58,46.17,53.24,1.11,AVERAGE
S2210,Anjali,75.71,85.55,97.61,49.63,1.74,GOOD
S2211,Monisha,89.35,54.46,79.51,93.74,2.35,GOOD
S2212,Rohan,82.94,98.73,89.24,70.84,4.52,EXCELLENT
S2213,Ravi,80.07,69.97,73.77,90.01,4.23,GOOD
S2214,Aman,90.76,71.38,77.17,75.66,2.03,GOOD
S2215,Arnav,53.41,94.57,92.86,66.06,4.49,GOOD
S2216,Shreya,84.54,95.1,55.72,56.31,2.4,GOOD
S2217,Kavin,85.78,81.81,81.67,58.0,4.34,GOOD
S2218,Nithin,63.76,98.71,93.96,50.75,2.55,GOOD
S2219,Rakesh,59.78,59.73,96.18,83.9,2.05,AVERAGE
S2220,Aishwarya,60.69,53.94,66.64,23.46,3.47,AVERAGE
S2221,Varun,59.91,41.76,91.4,91.52,5.9,AVERAGE
S2222,Yogesh,76.19,60.78,70.23,55.95,4.23,AVERAGE
S2223,Bharath,56.78,76.16,55.47,43.74,2.76,AVERAGE
S2224,Pranav,82.96,58.32,55.06,21.1,3.59,AVERAGE
S2225,Yogesh,55.25,74.78,67.11,27.61,3.19,AVERAGE
S2226,Arjun,51.34,42.9,55.47,58.42,1.16,AT RISK
S2227,Darshan,65.96,61.25,41.8,15.17,4.37,AVERAGE
S2228,Bhavya,59.59,84.88,46.33,0.33,2.03,AVERAGE
S2229,Karthik,99.43,46.26,90.95,25.92,3.67,AVERAGE
S2230,Pradeep,65.15,82.89,92.95,30.41,1.35,AVERAGE
S2231,Kavin,61.1,85.8,92.38,94.13,4.95,GOOD
S2232,Anusha,59.84,74.13,73.22,58.18,1.09,AVERAGE
S2233,Kishore,68.69,93.17,96.11,40.58,2.61,GOOD
S2234,Anirudh,80.29,97.27,69.95,98.3,2.92,GOOD
S2235,Meera,89.1,42.08,67.75,36.74,4.86,AVERAGE
S2236,Aarav,68.23,80.74,68.46,95.81,5.87,GOOD
S2237,Aryan,81.3,54.23,55.25,94.15,1.96,AVERAGE
S2238,Kavya,74.1,64.49,76.81,68.99,1.7,AVERAGE
S2239,Aditya,92.32,77.39,66.94,52.52,4.11,GOOD
S2240,Shreya,78.45,82.74,98.48,82.17,2.09,GOOD
S2241,Malar,64.49,90.41,50.32,32.39,1.12,AVERAGE
S2242,Yogesh,85.18,82.32,44.6,36.79,2.16,AVERAGE
S2243,Sameer,91.0,86.64,61.07,20.69,2.17,AVERAGE
S2244,Reshma,73.27,75.94,52.93,25.54,3.76,AVERAGE
S2245,Darshan,99.36,47.02,99.51,13.65,3.25,AVERAGE
S2246,Ramya,93.95,41.29,73.51,85.07,2.67,AVERAGE
S2247,Rohan,59.85,71.79,61.58,0.12,2.45,AVERAGE
S2248,Lakshmi,89.34,82.93,78.56,42.45,2.34,GOOD
S2249,Anusha,80.05,46.53,67.19,36.42,5.31,AVERAGE
S2250,Harish,76.74,65.76,52.53,38.77,3.3,AVERAGE
S2251,Pranav,75.7,55.37,63.67,84.38,5.27,AVERAGE
S2252,Aman,92.67,74.03,57.18,82.11,5.98,GOOD
S2253,Muthu,80.54,63.43,78.26,66.34,3.48,GOOD
S2254,Aishwarya,76.89,52.09,88.99,68.91,5.64,GOOD
S2255,Amrita,52.44,40.26,55.75,80.35,1.87,AVERAGE
S2256,Divya,72.42,59.29,77.28,38.5,2.55,AVERAGE
S2257,Varun,95.4,70.97,82.51,45.05,4.29,GOOD
S2258,Tanvi,85.59,95.75,62.2,24.47,2.19,AVERAGE
S2259,Nithin,52.55,53.65,69.25,23.81,3.96,AVERAGE
S2260,Isha,94.2,70.74,61.53,93.46,5.49,GOOD
S2261,Surya,91.33,73.99,62.37,76.06,5.87,GOOD
S2262,Rakesh,77.33,78.95,66.77,45.3,3.67,AVERAGE
S2263,Pradeep,51.12,59.71,57.73,3.9,4.68,AVERAGE
S2264,Gaurav,78.12,45.97,69.3,74.28,4.02,AVERAGE
S2265,Abhinav,52.73,95.28,85.13,94.85,3.1,GOOD
S2266,Akash,66.02,97.17,63.66,92.67,2.78,GOOD
S2267,Naveen,81.45,66.29,96.73,71.42,4.07,GOOD
S2268,Vidya,95.65,74.83,53.08,64.77,2.73,GOOD
S2269,Aditya,67.89,41.74,66.97,12.08,4.75,AVERAGE
S2270,Nandini,93.0,42.83,76.1,8.57,1.63,AVERAGE
S2271,Arjun,95.92,44.6,72.6,26.52,4.59,AVERAGE
S2272,Varsha,51.05,84.32,96.82,56.37,3.56,GOOD
S2273,Dharani,61.97,53.63,59.46,91.32,1.41,AVERAGE
S2274,Mahesh,85.49,51.07,62.66,87.11,5.2,GOOD
S2275,Janani,87.84,40.5,75.74,30.61,3.75,AVERAGE
S2276,Bharath,69.62,41.37,75.78,36.62,4.67,AVERAGE
S2277,Malar,82.84,64.32,87.25,31.03,1.62,AVERAGE
S2278,Aarav,80.61,72.5,87.67,53.02,1.78,GOOD
S2279,Ravi,86.99,74.74,40.65,80.89,5.39,GOOD
S2280,Kavin,85.93,67.47,85.85,78.31,3.33,GOOD
S2281,Kavin,54.29,67.57,83.07,88.63,2.48,AVERAGE
S2282,Nikhil,57.91,85.19,75.15,52.17,3.59,AVERAGE
S2283,Nithin,56.64,57.37,59.02,65.82,2.86,AVERAGE
S2284,Neha,96.62,54.26,94.42,95.39,5.87,GOOD
S2285,Aditya,95.68,91.26,84.29,67.56,1.98,GOOD
S2286,Shankar,89.87,81.36,55.44,16.71,3.65,AVERAGE
S2287,Gaurav,55.84,68.61,58.31,32.69,2.66,AVERAGE
S2288,Arjun,78.71,56.52,82.63,7.57,1.83,AVERAGE
S2289,Anjali,59.36,48.19,95.06,11.05,4.41,AVERAGE
S2290,Gaurav,68.42,42.25,69.43,49.18,1.68,AVERAGE
S2291,Ramya,63.35,91.14,92.75,73.86,2.37,GOOD
S2292,Rakesh,91.45,75.6,62.93,18.89,3.44,AVERAGE
S2293,Aarav,57.22,42.75,63.71,32.0,3.12,AT RISK
S2294,Vidya,82.31,49.52,81.16,33.66,5.55,AVERAGE
S2295,Sneha,99.19,56.77,43.03,84.01,4.25,GOOD
S2296,Isha,84.35,55.78,48.34,18.4,1.35,AVERAGE
S2297,Dharani,53.96,72.9,83.71,3.4,1.72,AVERAGE
S2298,Swathi,95.39,63.97,54.53,62.38,3.93,AVERAGE
S2299,Aarohi,82.15,92.93,50.5,52.69,2.13,AVERAGE
S2300,Madhavan,72.82,83.16,45.34,0.27,1.98,AVERAGE
S2301,Pooja,82.98,94.64,53.49,76.47,5.94,GOOD
S2302,Harini,93.95,91.77,55.03,42.39,4.55,GOOD
S2303,Sanjana,73.86,95.28,60.47,54.78,2.51,GOOD
S2304,Zoya,76.57,98.8,96.3,67.08,1.14,GOOD
S2305,Dharani,72.62,58.7,78.68,5.13,4.98,AVERAGE
S2306,Ishaan,53.63,52.58,81.6,17.25,3.89,AVERAGE
S2307,Gaurav,89.35,49.91,47.96,46.31,2.56,AVERAGE
S2308,Pranav,56.32,77.69,51.56,17.19,3.64,AVERAGE
S2309,Ramya,69.73,80.86,93.92,11.66,5.48,GOOD
S2310,Srinivas,69.34,45.27,78.06,32.5,1.32,AVERAGE
S2311,Meera,64.0,89.26,88.58,42.67,4.66,GOOD
S2312,Malar,70.13,86.98,61.45,84.99,5.31,GOOD
S2313,Ramya,80.9,77.71,74.63,59.49,3.6,GOOD
S2314,Shankar,65.57,66.14,70.13,92.94,5.8,GOOD
S2315,Kavya,58.63,49.22,52.32,45.72,2.16,AVERAGE
S2316,Hari,93.47,70.34,89.49,47.24,4.61,GOOD
S2317,Vikram,98.54,49.55,60.03,31.14,3.12,AVERAGE
S2318,Rakesh,72.93,76.3,68.01,8.16,2.9,AVERAGE
S2319,Nikhil,66.35,58.6,47.98,17.2,4.18,AVERAGE
S2320,Arnav,52.37,54.84,78.3,6.77,4.05,AVERAGE
S2321,Jatin,51.84,66.46,87.47,70.34,2.84,AVERAGE
S2322,Tanvi,69.64,74.84,64.62,34.9,2.88,AVERAGE
S2323,Sahana,96.51,62.05,98.69,3.15,3.4,AVERAGE
S2324,Ravi,86.54,97.82,55.46,75.22,5.96,GOOD
S2325,Deepika,67.46,40.35,92.38,25.48,4.99,AVERAGE
S2326,Dharani,98.4,94.77,83.27,89.35,2.83,EXCELLENT
S2327,Amrita,71.44,40.04,95.64,82.31,2.82,AVERAGE
S2328,Dharani,63.84,53.0,84.44,30.38,5.48,AVERAGE
S2329,Meera,71.32,99.78,69.69,23.57,4.9,GOOD
S2330,Rakesh,60.58,83.69,64.81,99.31,4.27,GOOD
S2331,Janani,94.28,78.67,89.76,81.96,4.57,EXCELLENT
S2332,Priya,68.06,83.57,90.42,92.66,1.28,GOOD
S2333,Nithin,82.9,64.5,75.33,1.7,1.46,AVERAGE
S2334,Swathi,69.45,87.05,82.13,59.83,2.58,GOOD
S2335,Gayathri,95.09,49.29,67.77,26.66,3.36,AVERAGE
S2336,Anirudh,82.12,87.63,53.1,37.47,4.55,GOOD
S2337,Kavya,74.41,96.37,43.0,9.11,4.91,AVERAGE
S2338,Malar,56.61,91.46,79.22,74.84,5.42,GOOD
S2339,Pooja,95.1,84.38,80.15,52.56,2.35,GOOD
S2340,Swathi,77.34,79.08,79.92,79.2,4.74,GOOD
S2341,Ashwin,64.25,71.27,73.74,11.65,5.97,AVERAGE
S2342,Arnav,93.9,63.71,60.54,99.73,2.04,GOOD
S2343,Vignesh,52.72,91.94,54.52,34.86,1.35,AVERAGE
S2344,Deepika,65.7,78.85,43.94,95.14,5.48,GOOD
S2345,Gayathri,76.84,66.09,48.88,67.65,1.67,AVERAGE
S2346,Ramya,66.99,87.09,77.7,10.88,4.6,AVERAGE
S2347,Hari,73.84,43.25,86.08,78.2,2.94,AVERAGE
S2348,Kavin,63.22,88.79,94.46,56.07,2.78,GOOD
S2349,Vikram,56.5,88.64,45.04,18.87,5.7,AVERAGE
S2350,Akshara,51.84,53.71,88.84,18.72,2.76,AVERAGE
S2351,Nikhil,57.88,42.26,75.85,95.32,3.04,AVERAGE
S2352,Sanjay,97.65,82.82,58.08,99.86,1.08,GOOD
S2353,Shivani,78.77,51.99,83.55,57.61,1.92,AVERAGE
S2354,Dhanush,74.45,99.76,99.36,18.72,2.81,GOOD
S2355,Sanjay,69.22,40.55,62.77,34.03,4.33,AVERAGE
S2356,Meera,85.42,53.79,77.65,21.2,1.32,AVERAGE
S2357,Ashwin,57.06,42.52,55.65,60.75,2.75,AVERAGE
S2358,Arjun,63.81,86.96,52.3,40.03,2.83,AVERAGE
S2359,Nandini,82.8,74.72,48.95,37.81,4.96,AVERAGE
S2360,Amrita,73.95,90.91,41.93,80.14,2.37,GOOD
S2361,Akshara,88.5,97.76,83.43,96.36,5.46,EXCELLENT
S2362,Mohan,94.86,76.61,48.76,19.7,5.72,AVERAGE
S2363,Diya,91.17,53.91,80.58,41.44,2.11,AVERAGE
S2364,Varun,59.21,45.56,92.18,53.65,2.89,AVERAGE
S2365,Aadhya,54.57,91.98,90.8,24.59,4.67,GOOD
S2366,Keerthi,58.47,54.71,57.94,40.19,2.34,AVERAGE
S2367,Riya,89.18,93.61,47.46,5.58,5.13,AVERAGE
S2368,Yogesh,95.69,92.7,66.58,4.12,5.87,GOOD
S2369,Anirudh,96.27,77.67,50.88,78.64,4.16,GOOD
S2370,Sahana,64.91,76.24,62.41,33.91,1.81,AVERAGE
S2371,Meera,92.02,97.05,74.13,70.74,1.01,GOOD
S2372,Rakesh,76.81,85.36,78.66,8.29,3.05,AVERAGE
S2373,Priya,91.14,81.0,53.1,67.07,2.13,GOOD
S2374,Sahana,77.42,66.14,53.64,65.34,4.87,AVERAGE
S2375,Vidya,57.29,69.04,91.96,82.15,3.35,GOOD
S2376,Yogesh,53.96,63.34,96.69,20.46,4.16,AVERAGE
S2377,Madhavan,97.86,96.78,78.55,55.11,4.03,GOOD
S2378,Shreya,71.29,78.29,73.41,90.12,1.18,GOOD
S2379,Tanvi,67.53,86.82,79.48,21.99,4.54,AVERAGE
S2380,Darshan,67.82,42.23,47.72,12.49,5.13,AT RISK
S2381,Karthik,68.95,91.15,93.82,34.48,3.36,GOOD
S2382,Meera,97.25,65.06,52.52,96.53,3.91,GOOD
S2383,Sanjana,53.14,84.23,80.18,15.74,1.72,AVERAGE
S2384,Neha,55.95,42.4,53.32,11.93,4.29,AT RISK
S2385,Gaurav,89.48,93.63,82.35,99.77,5.7,EXCELLENT
S2386,Vedant,77.47,79.59,85.21,39.32,4.56,GOOD
S2387,Lakshmi,56.43,67.45,84.46,14.92,1.07,AVERAGE
S2388,Sanjana,51.72,58.21,65.72,55.86,2.55,AVERAGE
S2389,Shankar,61.21,58.66,76.42,1.39,5.77,AVERAGE
S2390,Keerthi,63.04,58.2,75.88,42.56,4.34,AVERAGE
S2391,Srinivas,50.71,47.86,83.22,3.62,2.62,AT RISK
S2392,Darshan,60.8,67.83,69.94,56.53,4.0,AVERAGE
S2393,Kishore,86.92,67.21,70.44,62.48,1.82,AVERAGE
S2394,Dhanush,92.77,64.72,81.06,0.35,5.62,AVERAGE
S2395,Vikram,94.91,82.19,50.21,51.27,2.95,GOOD
S2396,Zoya,69.5,65.19,79.15,94.5,1.96,GOOD
S2397,Bharath,65.97,45.34,48.89,39.81,1.37,AT RISK
S2398,Aarohi,99.99,91.12,83.49,95.45,1.17,EXCELLENT
S2399,Kavya,88.47,65.51,63.33,96.35,4.23,GOOD
S2400,Ramya,76.87,79.32,90.37,24.02,4.41,GOOD
S2401,Harish,62.74,95.79,45.3,57.74,4.29,AVERAGE
S2402,Kavya,66.07,86.04,67.63,83.03,2.57,GOOD
S2403,Lakshmi,75.77,72.33,50.03,70.92,4.96,AVERAGE
S2404,Deepak,77.1,72.7,92.13,76.01,5.2,GOOD
S2405,Bhavya,50.68,90.97,47.51,26.09,4.02,AVERAGE
S2406,Meera,97.97,89.42,69.11,91.82,4.08,EXCELLENT
S2407,Reshma,78.78,50.72,46.32,23.56,1.96,AVERAGE
S2408,Aarav,79.46,77.59,87.86,64.48,5.29,GOOD
S2409,Karthik,60.57,91.94,56.92,88.47,1.42,AVERAGE
S2410,Akshara,88.25,88.2,75.64,35.95,5.01,GOOD
S2411,Vedant,86.86,47.48,50.21,55.21,3.09,AVERAGE
S2412,Ishaan,54.76,66.14,61.1,69.05,1.49,AVERAGE
S2413,Muthu,79.75,71.09,46.82,92.85,1.31,AVERAGE
S2414,Vijay,82.91,55.47,73.05,44.8,5.94,AVERAGE
S2415,Monisha,91.78,80.77,40.21,60.32,3.85,GOOD
S2416,Anirudh,60.3,68.57,99.58,14.18,3.22,AVERAGE
S2417,Rahul,93.88,57.85,64.98,6.52,5.63,AVERAGE
S2418,Ravi,73.07,60.21,77.77,2.14,3.32,AVERAGE
S2419,Sakshi,54.83,91.4,57.21,47.66,5.23,AVERAGE
S2420,Vasanth,55.28,91.97,55.19,54.57,5.27,AVERAGE
S2421,Gayathri,59.89,88.74,90.77,8.64,4.75,AVERAGE
S2422,Vijay,64.14,94.83,85.49,18.11,1.48,AVERAGE
S2423,Dharani,74.82,97.14,78.6,26.63,5.77,GOOD
S2424,Ishaan,87.44,69.51,85.14,89.13,4.14,GOOD
S2425,Pavithra,59.34,45.8,50.52,9.93,3.04,AT RISK
S2426,Dharani,99.63,88.0,96.05,48.97,4.83,EXCELLENT
S2427,Shankar,58.08,78.01,67.28,78.91,1.37,AVERAGE
S2428,Isha,79.97,62.83,92.12,87.02,1.89,GOOD
S2429,Monisha,96.45,98.53,84.16,69.31,4.39,EXCELLENT
S2430,Sakshi,91.63,60.32,57.16,26.56,4.15,AVERAGE
S2431,Deepika,82.39,94.46,74.16,12.14,3.62,GOOD
S2432,Deepak,85.77,75.56,98.0,15.79,4.37,GOOD
S2433,Vedant,56.71,42.2,42.23,77.03,5.75,AVERAGE
S2434,Krishna,50.48,91.62,65.59,29.65,1.65,AVERAGE
S2435,Arjun,71.71,85.73,77.23,33.79,2.71,AVERAGE
S2436,Priya,54.48,78.55,60.39,17.55,2.47,AVERAGE
S2437,Bharath,67.89,76.88,59.07,43.46,5.68,AVERAGE
S2438,Krishna,61.19,53.13,84.92,33.45,1.94,AVERAGE
S2439,Vidya,95.82,52.87,94.98,35.7,2.84,AVERAGE
S2440,Malar,94.0,41.75,72.26,3.38,5.53,AVERAGE
S2441,Sneha,90.95,49.25,96.89,46.26,4.35,GOOD
S2442,Varsha,85.7,60.19,46.08,11.19,1.16,AVERAGE
S2443,Rahul,57.7,72.44,53.65,53.57,5.8,AVERAGE
S2444,Ashwin,52.42,47.85,45.26,66.92,1.3,AT RISK
S2445,Abhinav,82.69,73.45,66.13,54.61,3.61,GOOD
S2446,Varsha,82.11,55.8,77.6,14.65,2.21,AVERAGE
S2447,Vidya,68.47,55.24,52.03,61.65,4.16,AVERAGE
S2448,Kavin,73.63,96.88,66.91,41.28,2.42,GOOD
S2449,Arjun,74.46,99.54,81.06,35.94,5.09,GOOD
S2450,Kavya,62.0,88.69,78.37,14.88,3.83,AVERAGE
S2451,Aditya,65.71,43.26,77.76,99.43,2.56,AVERAGE
S2452,Akash,70.92,83.72,76.36,39.27,5.33,GOOD
S2453,Harish,80.16,50.71,99.2,45.64,4.89,GOOD
S2454,Vignesh,97.79,74.15,82.84,9.44,3.47,GOOD
S2455,Akshara,76.92,93.62,94.46,67.55,3.46,GOOD
S2456,Darshan,86.56,62.81,97.1,28.27,3.34,AVERAGE
S2457,Riya,90.35,95.73,91.58,74.02,3.7,EXCELLENT
S2458,Isha,55.68,82.5,45.71,6.71,5.29,AVERAGE
S2459,Sneha,82.66,58.06,71.75,29.68,1.37,AVERAGE
S2460,Muthu,74.11,45.7,62.89,74.57,2.94,AVERAGE
S2461,Krishna,78.62,88.92,45.82,39.6,4.75,AVERAGE
S2462,Aditya,51.92,67.48,73.85,3.43,5.82,AVERAGE
S2463,Akash,95.31,44.36,52.77,78.95,1.77,AVERAGE
S2464,Ramya,97.64,46.19,74.9,96.56,1.22,AVERAGE
S2465,Arnav,50.17,98.02,89.04,37.65,5.03,GOOD
S2466,Anirudh,60.64,54.58,63.63,62.16,5.85,AVERAGE
S2467,Neha,59.01,98.0,96.99,37.27,4.57,GOOD
S2468,Malar,89.07,80.87,85.99,55.5,3.77,GOOD
S2469,Akshara,79.9,58.03,88.26,73.86,2.17,AVERAGE
S2470,Sanjana,58.87,63.02,46.74,63.29,5.79,AVERAGE
S2471,Harini,90.7,86.62,96.51,31.47,4.61,GOOD
S2472,Rakesh,67.67,66.12,42.07,19.52,4.47,AVERAGE
S2473,Diya,73.04,44.49,90.63,54.43,5.41,AVERAGE
S2474,Anusha,69.37,53.79,41.78,65.95,5.38,AVERAGE
S2475,Keerthi,76.07,91.62,49.75,57.45,1.4,AVERAGE
S2476,Sanjay,74.01,81.77,58.92,12.81,1.1,AVERAGE
S2477,Nikhil,63.73,70.06,84.27,35.5,2.11,AVERAGE
S2478,Gaurav,71.23,54.73,93.97,74.46,5.55,GOOD
S2479,Pranav,95.42,68.48,79.99,14.67,3.67,AVERAGE
S2480,Bhavya,75.14,87.33,83.67,88.34,4.24,GOOD
S2481,Aarav,95.82,44.89,57.39,46.65,2.73,AVERAGE
S2482,Karthik,77.51,99.69,98.52,79.12,3.12,EXCELLENT
S2483,Arnav,88.44,91.59,64.46,34.08,2.5,GOOD
S2484,Pranav,64.68,59.08,94.77,35.92,5.7,AVERAGE
S2485,Ravi,89.52,92.23,86.76,96.7,3.06,EXCELLENT
S2486,Chetan,63.22,80.9,62.04,56.74,5.18,AVERAGE
S2487,Aarav,50.98,79.98,60.59,10.19,1.78,AVERAGE
S2488,Arnav,58.04,48.38,80.77,95.77,2.59,AVERAGE
S2489,Shreya,51.08,94.35,96.43,37.49,1.91,AVERAGE
S2490,Jatin,97.35,67.02,80.34,71.02,2.47,GOOD
S2491,Sameer,100.0,88.19,91.45,12.86,4.34,GOOD
S2492,Aarohi,88.11,57.97,97.98,85.53,1.71,GOOD
S2493,Manish,55.41,58.48,59.8,95.91,3.68,AVERAGE
S2494,Pranav,94.95,97.88,72.31,38.28,1.02,GOOD
S2495,Rahul,87.19,69.8,76.55,14.47,5.92,GOOD
S2496,Varun,66.61,43.59,53.03,55.76,1.18,AVERAGE
S2497,Monisha,75.11,90.14,87.85,16.18,4.77,GOOD
S2498,Rohan,83.09,53.63,55.71,44.21,5.35,AVERAGE
S2499,Rajesh,51.2,92.73,82.41,62.27,5.98,GOOD
S2500,Srinivas,75.08,94.99,71.43,13.93,4.25,GOOD
S2501,Isha,86.62,44.37,90.2,94.8,4.03,GOOD
S2502,Divya,59.41,74.95,70.69,70.56,3.79,AVERAGE
S2503,Lakshmi,72.19,98.89,75.2,36.13,4.82,GOOD
S2504,Vikram,76.63,95.86,50.86,41.57,5.35,GOOD
S2505,Harish,86.78,71.51,88.49,84.81,3.64,GOOD
S2506,Shivani,98.22,80.83,64.13,47.6,4.6,GOOD
S2507,Sakshi,92.41,76.26,74.78,98.71,5.81,EXCELLENT
S2508,Ravi,81.08,52.2,90.76,6.22,1.56,AVERAGE
S2509,Ganesh,79.18,79.18,68.76,27.13,3.95,AVERAGE
S2510,Manish,80.16,59.99,56.47,51.84,1.34,AVERAGE
S2511,Divya,77.26,60.28,55.92,13.58,3.18,AVERAGE
S2512,Kishore,52.97,65.2,73.98,35.62,4.63,AVERAGE
S2513,Manish,84.91,91.13,57.47,52.0,2.9,GOOD
S2514,Harish,85.82,54.3,60.31,26.1,1.5,AVERAGE
S2515,Varsha,75.62,55.05,54.09,16.46,5.15,AVERAGE
S2516,Sameer,93.52,40.44,66.78,26.83,2.22,AVERAGE
S2517,Aditya,83.62,49.3,67.96,8.26,3.51,AVERAGE
S2518,Sanjay,68.13,98.72,71.56,19.59,1.75,AVERAGE
S2519,Rohan,50.98,66.03,75.57,6.1,5.95,AVERAGE
S2520,Ravi,52.96,51.71,75.27,95.25,2.91,AVERAGE
S2521,Janani,67.59,97.94,62.04,16.1,5.11,AVERAGE
S2522,Dev,73.11,41.63,94.04,0.13,2.92,AVERAGE
S2523,Bhavya,58.34,69.05,70.7,95.74,2.75,AVERAGE
S2524,Yash,59.47,88.28,89.93,75.86,2.2,GOOD
S2525,Aditya,61.51,86.37,73.44,26.7,3.02,AVERAGE
S2526,Krishna,89.03,51.35,62.24,87.89,5.38,GOOD
S2527,Ashwin,88.56,82.47,84.32,87.16,4.31,GOOD
S2528,Aarohi,69.15,77.34,50.62,74.1,1.27,AVERAGE
S2529,Shivani,58.62,80.52,98.18,59.22,3.71,GOOD
S2530,Amrita,55.55,55.97,74.34,58.47,3.49,AVERAGE
S2531,Aarav,54.36,88.64,46.25,96.89,4.43,GOOD
S2532,Varsha,69.56,73.55,65.28,46.51,4.78,AVERAGE
S2533,Deepika,52.28,83.5,82.75,80.86,3.83,GOOD
S2534,Pavithra,66.68,96.37,44.09,11.25,5.38,AVERAGE
S2535,Abhinav,98.08,91.33,55.68,70.08,4.21,GOOD
S2536,Bhavya,75.38,86.94,95.46,98.96,2.69,GOOD
S2537,Arnav,91.13,57.38,61.37,1.0,2.88,AVERAGE
S2538,Hari,56.46,43.24,49.55,25.79,5.29,AT RISK
S2539,Anjali,63.4,74.48,45.9,78.49,2.3,AVERAGE
S2540,Sakshi,97.33,42.07,77.14,73.38,1.71,AVERAGE
S2541,Harish,69.18,82.85,73.49,73.42,4.76,GOOD
S2542,Amrita,82.42,84.21,78.86,98.25,3.14,GOOD
S2543,Vedant,98.81,73.77,97.48,9.59,2.13,GOOD
S2544,Gaurav,77.54,50.09,43.61,67.51,5.15,AVERAGE
S2545,Vikram,65.27,92.54,51.86,64.12,1.92,AVERAGE
S2546,Ganesh,76.6,75.76,54.03,20.58,4.66,AVERAGE
S2547,Rajesh,52.73,70.89,65.63,21.29,2.7,AVERAGE
S2548,Sanjay,55.62,74.06,47.26,65.02,4.56,AVERAGE
S2549,Aarav,50.36,44.97,64.59,65.45,4.86,AVERAGE
S2550,Karthik,94.21,84.43,88.97,60.01,1.79,GOOD
S2551,Ramya,83.56,43.65,49.82,46.19,5.12,AVERAGE
S2552,Swathi,64.92,74.7,94.99,68.72,4.09,GOOD
S2553,Zoya,61.06,50.16,94.68,32.19,5.3,AVERAGE
S2554,Riya,84.15,52.46,70.78,23.58,1.16,AVERAGE
S2555,Chetan,95.98,54.0,91.61,59.54,4.78,GOOD
S2556,Sanjana,64.96,40.86,82.69,61.73,5.93,AVERAGE
S2557,Malar,66.08,93.51,61.4,81.23,4.51,GOOD
S2558,Gayathri,92.71,88.25,73.71,41.61,5.59,GOOD
S2559,Ramya,94.67,41.88,47.0,76.41,3.07,AVERAGE
S2560,Kavya,95.7,43.42,69.75,91.77,4.51,GOOD
S2561,Ishaan,64.66,86.97,89.8,42.57,3.84,GOOD
S2562,Harish,56.02,40.41,75.11,54.26,2.68,AVERAGE
S2563,Shivani,72.0,68.14,62.92,91.03,4.12,GOOD
S2564,Varun,64.79,46.44,79.81,30.03,2.8,AVERAGE
S2565,Riya,94.19,75.5,98.61,72.27,5.75,EXCELLENT
S2566,Yogesh,51.83,99.9,44.05,57.72,4.99,AVERAGE
S2567,Yash,81.69,50.32,59.82,41.4,5.35,AVERAGE
S2568,Shankar,95.31,97.4,49.36,86.42,4.18,GOOD
S2569,Darshan,98.83,91.93,97.42,15.67,5.2,GOOD
S2570,Aman,82.51,99.15,72.75,3.54,2.83,GOOD
S2571,Nandini,97.5,85.97,47.78,20.71,4.31,GOOD
S2572,Kavin,53.78,91.42,76.73,87.63,2.67,GOOD
S2573,Pavithra,67.96,75.68,70.03,34.36,3.97,AVERAGE
S2574,Avinash,50.44,92.04,43.56,68.4,1.36,AVERAGE
S2575,Krishna,99.06,46.69,91.87,23.08,4.96,AVERAGE
S2576,Tanvi,95.14,84.5,82.55,49.09,3.11,GOOD
S2577,Muthu,51.4,77.72,40.31,52.29,5.92,AVERAGE
S2578,Arnav,50.91,43.59,97.58,24.54,5.29,AVERAGE
S2579,Yash,68.35,57.5,49.56,38.74,4.07,AVERAGE
S2580,Kavya,62.93,52.97,40.02,26.18,2.33,AT RISK
S2581,Dhanush,92.35,64.31,65.64,10.07,4.15,AVERAGE
S2582,Sneha,58.02,51.9,48.45,43.17,4.78,AVERAGE
S2583,Pranav,89.53,56.49,74.21,56.36,3.36,AVERAGE
S2584,Anirudh,77.72,57.76,58.69,9.01,3.96,AVERAGE
S2585,Krishna,68.87,75.99,51.11,35.79,5.38,AVERAGE
S2586,Pradeep,57.29,48.09,99.12,46.27,1.69,AVERAGE
S2587,Aman,99.88,54.47,59.96,93.25,3.5,GOOD
S2588,Ravi,80.9,59.03,64.88,61.03,5.33,AVERAGE
S2589,Aarohi,71.97,66.94,57.65,94.23,2.96,AVERAGE
S2590,Kavin,68.56,42.29,90.22,52.44,5.42,AVERAGE
S2591,Meera,95.29,99.95,51.81,80.33,3.79,GOOD
S2592,Neha,91.06,58.02,47.66,9.63,3.01,AVERAGE
S2593,Aadhya,90.56,57.24,92.89,56.44,5.96,GOOD
S2594,Hari,80.81,73.29,51.0,35.29,1.81,AVERAGE
S2595,Chetan,94.4,91.24,91.48,72.84,2.74,GOOD
S2596,Bharath,64.96,67.41,74.69,87.76,2.1,AVERAGE
S2597,Jeeva,85.19,54.93,89.4,71.23,5.92,GOOD
S2598,Rajesh,70.22,73.95,44.21,8.83,1.75,AVERAGE
S2599,Hari,80.0,68.98,97.82,62.11,1.6,GOOD
S2600,Keerthi,99.91,65.38,57.99,74.41,2.32,GOOD
S2601,Kavin,99.23,99.03,43.52,2.98,4.04,GOOD
S2602,Pradeep,75.63,99.76,85.89,16.97,2.32,GOOD
S2603,Krishna,78.69,73.72,50.71,68.03,2.64,AVERAGE
S2604,Aryan,94.87,44.08,61.07,31.49,3.67,AVERAGE
S2605,Sanjana,99.28,74.02,75.68,6.22,4.18,GOOD
S2606,Avinash,88.93,97.15,44.12,88.94,3.9,GOOD
S2607,Vikram,53.26,95.54,52.12,95.22,4.07,GOOD
S2608,Gaurav,66.13,52.93,69.34,37.35,4.35,AVERAGE
S2609,Aryan,94.83,51.41,65.31,99.29,5.39,GOOD
S2610,Malar,88.42,49.14,73.45,85.66,4.38,GOOD
S2611,Avinash,87.11,89.19,83.72,55.59,4.6,GOOD
S2612,Dharani,83.4,69.4,61.18,74.72,2.98,GOOD
S2613,Harini,70.76,60.28,64.26,93.62,5.72,GOOD
S2614,Akshara,70.16,59.49,56.34,72.73,5.04,AVERAGE
S2615,Deepak,90.45,56.52,60.38,33.75,3.91,AVERAGE
S2616,Muthu,64.69,92.96,43.06,19.3,3.24,AVERAGE
S2617,Shreya,84.24,64.58,74.81,43.18,1.09,AVERAGE
S2618,Aryan,86.31,54.64,50.37,18.67,5.93,AVERAGE
S2619,Gayathri,92.23,82.62,82.98,2.15,1.71,AVERAGE
S2620,Isha,65.99,78.13,42.53,45.59,3.55,AVERAGE
S2621,Aarav,87.09,82.92,43.59,32.93,2.71,AVERAGE
S2622,Surya,55.32,89.32,57.08,9.53,2.63,AVERAGE
S2623,Aadhya,56.9,46.07,66.3,87.15,3.1,AVERAGE
S2624,Varun,70.87,40.12,81.62,12.29,3.86,AVERAGE
S2625,Gayathri,52.76,43.03,81.53,63.04,1.05,AVERAGE
S2626,Vignesh,97.38,82.41,98.4,56.93,1.77,GOOD
S2627,Vijay,95.09,96.07,61.1,97.9,4.07,EXCELLENT
S2628,Neha,52.45,59.87,43.56,25.38,4.7,AVERAGE
S2629,Aryan,91.92,86.87,91.68,23.55,4.38,GOOD
S2630,Vignesh,75.44,83.75,83.84,62.72,5.95,GOOD
S2631,Sanjana,85.1,98.68,44.09,55.83,1.24,GOOD
S2632,Ananya,94.35,68.25,45.0,81.18,3.58,GOOD
S2633,Sahana,78.85,49.96,68.6,17.31,3.09,AVERAGE
S2634,Pranav,55.82,85.91,60.5,30.06,1.99,AVERAGE
S2635,Swathi,50.13,89.13,75.78,0.5,5.45,AVERAGE
S2636,Chetan,74.85,82.44,53.15,72.16,1.72,AVERAGE
S2637,Anjali,97.46,91.79,97.56,32.55,3.52,GOOD
S2638,Deepika,78.63,62.27,70.73,23.61,1.96,AVERAGE
S2639,Jatin,68.65,81.42,85.04,60.49,3.18,GOOD
S2640,Jeeva,51.55,55.83,47.55,25.17,4.95,AVERAGE
S2641,Akash,95.75,66.79,77.02,5.67,4.5,AVERAGE
S2642,Rakesh,66.36,54.55,91.91,23.63,4.5,AVERAGE
S2643,Vikram,85.24,49.27,41.38,84.97,2.08,AVERAGE
S2644,Ashwin,84.71,42.16,72.4,59.54,1.11,AVERAGE
S2645,Kavya,62.69,80.29,54.81,47.12,4.6,AVERAGE
S2646,Meera,53.19,92.52,68.7,49.14,1.53,AVERAGE
S2647,Charan,69.25,58.87,88.96,99.7,2.95,GOOD
S2648,Anusha,65.86,65.75,81.4,3.15,5.22,AVERAGE
S2649,Preethi,85.01,40.21,85.27,16.12,3.05,AVERAGE
S2650,Deepika,90.99,64.77,52.7,86.55,3.33,GOOD
S2651,Aadhya,61.12,56.88,89.95,53.48,5.79,AVERAGE
S2652,Akash,76.41,74.45,76.84,99.51,5.55,GOOD
S2653,Vikram,52.03,94.51,44.16,68.39,1.45,AVERAGE
S2654,Bhavya,60.71,70.37,91.76,72.34,5.33,GOOD
S2655,Gaurav,88.09,80.53,43.35,57.98,3.47,AVERAGE
S2656,Rajesh,89.67,82.33,41.73,1.74,4.99,AVERAGE
S2657,Reshma,88.82,49.15,90.02,90.8,2.76,GOOD
S2658,Preethi,57.12,60.79,40.78,52.3,5.79,AVERAGE
S2659,Ishaan,77.55,46.79,45.31,0.91,4.98,AVERAGE
S2660,Zoya,71.14,66.44,41.02,20.99,3.25,AVERAGE
S2661,Zoya,99.57,93.24,92.82,35.04,2.8,GOOD
S2662,Deepika,82.7,68.86,42.68,28.62,2.06,AVERAGE
S2663,Varun,96.76,67.37,62.36,2.78,2.38,AVERAGE
S2664,Srinivas,57.27,52.56,53.02,28.02,3.21,AVERAGE
S2665,Nikhil,72.54,58.61,60.5,89.63,2.77,AVERAGE
S2666,Madhavan,88.58,96.2,57.44,58.88,4.22,GOOD
S2667,Dharani,68.39,58.18,93.27,32.7,4.18,AVERAGE
S2668,Swathi,81.63,83.88,86.12,8.81,1.97,AVERAGE
S2669,Jeeva,75.59,42.53,93.1,75.13,2.3,AVERAGE
S2670,Mahesh,99.6,47.7,83.2,71.84,1.23,AVERAGE
S2671,Vedant,58.69,58.69,59.82,0.24,2.91,AT RISK
S2672,Isha,96.77,94.09,51.15,99.34,3.37,GOOD
S2673,Madhavan,70.08,53.16,71.79,26.57,1.53,AVERAGE
S2674,Janani,73.4,83.6,61.4,26.24,1.43,AVERAGE
S2675,Darshan,76.43,50.05,78.6,30.1,2.34,AVERAGE
S2676,Avinash,63.27,76.77,42.34,96.17,3.46,AVERAGE
S2677,Pranav,98.18,75.21,82.78,84.11,5.92,EXCELLENT
S2678,Surya,95.57,77.32,57.97,63.73,5.58,GOOD
S2679,Sneha,98.65,57.18,67.73,49.43,2.99,AVERAGE
S2680,Vasanth,99.85,49.73,98.72,32.7,3.78,GOOD
S2681,Aadhya,83.49,93.19,52.93,33.51,3.8,GOOD
S2682,Abhinav,72.58,74.17,47.06,32.57,2.72,AVERAGE
S2683,Muthu,92.54,52.72,52.59,86.26,5.28,GOOD
S2684,Mohan,51.19,64.8,61.09,68.13,2.46,AVERAGE
S2685,Srinivas,91.72,44.03,72.17,40.68,3.14,AVERAGE
S2686,Priya,74.86,68.52,98.81,99.35,5.53,GOOD
S2687,Pooja,83.66,65.43,92.19,17.75,2.73,AVERAGE
S2688,Varsha,68.7,47.96,82.9,7.67,3.56,AVERAGE
S2689,Ananya,68.43,66.66,83.23,36.81,5.35,AVERAGE
S2690,Malar,51.59,78.37,57.03,98.18,2.64,AVERAGE
S2691,Sahana,71.19,95.71,95.68,2.4,5.81,GOOD
S2692,Bharath,70.42,82.19,72.37,8.1,2.02,AVERAGE
S2693,Nikhil,61.24,70.15,49.75,34.14,4.42,AVERAGE
S2694,Chetan,62.37,86.2,97.02,98.74,1.3,GOOD
S2695,Ganesh,79.21,56.8,70.39,34.34,3.69,AVERAGE
S2696,Rohan,65.89,80.13,49.33,67.81,1.8,AVERAGE
S2697,Avinash,91.51,40.3,84.11,86.4,4.14,GOOD
S2698,Mohan,55.57,44.35,54.03,67.06,4.08,AVERAGE
S2699,Yogesh,78.88,77.46,51.26,8.98,3.08,AVERAGE
S2700,Isha,58.0,51.55,56.06,14.85,5.62,AVERAGE
S2701,Deepak,76.41,81.32,74.7,25.88,5.46,GOOD
S2702,Ganesh,77.63,78.21,57.56,79.6,4.67,GOOD
S2703,Dev,82.11,43.82,42.45,80.19,4.6,AVERAGE
S2704,Shivani,71.37,63.55,63.25,17.03,1.34,AVERAGE
S2705,Ramya,75.47,76.78,54.06,37.91,2.62,AVERAGE
S2706,Darshan,59.05,82.81,70.69,13.98,2.02,AVERAGE
S2707,Shivani,73.15,88.97,67.57,47.31,2.94,GOOD
S2708,Harish,68.65,59.83,44.68,36.43,1.55,AVERAGE
S2709,Dhanush,83.31,90.2,54.72,99.21,2.59,GOOD
S2710,Meera,71.74,61.26,56.89,38.87,3.85,AVERAGE
S2711,Rohan,88.97,40.42,69.08,5.0,1.83,AVERAGE
S2712,Reshma,71.3,76.6,89.33,52.05,1.53,AVERAGE
S2713,Kavin,61.79,54.5,53.12,90.72,4.53,AVERAGE
S2714,Aishwarya,63.68,47.46,49.49,36.95,2.23,AT RISK
S2715,Reshma,52.26,55.5,40.06,81.85,3.39,AVERAGE
S2716,Aishwarya,77.0,89.67,76.39,41.67,5.19,GOOD
S2717,Naveen,91.54,94.84,59.54,56.84,2.89,GOOD
S2718,Pranav,88.46,97.7,80.21,50.23,1.49,GOOD
S2719,Sneha,71.89,58.17,81.41,87.42,4.93,GOOD
S2720,Amrita,59.81,67.36,42.68,56.8,4.69,AVERAGE
S2721,Kishore,93.17,88.15,65.1,37.91,4.05,GOOD
S2722,Bharath,52.84,59.07,98.08,76.7,3.69,AVERAGE
S2723,Kavin,69.96,63.11,56.51,5.03,4.76,AVERAGE
S2724,Swathi,92.83,54.24,71.77,27.25,2.77,AVERAGE
S2725,Monisha,69.66,74.34,72.27,28.64,2.65,AVERAGE
S2726,Vasanth,55.89,79.56,55.63,56.89,4.14,AVERAGE
S2727,Vedant,63.3,59.11,86.76,83.42,1.83,AVERAGE
S2728,Rakesh,80.0,41.45,40.22,55.38,4.17,AVERAGE
S2729,Arjun,57.6,84.15,53.61,45.83,5.34,AVERAGE
S2730,Malar,82.75,77.0,75.55,6.53,3.58,AVERAGE
S2731,Shankar,71.91,53.14,95.04,97.01,1.41,AVERAGE
S2732,Harini,66.72,58.88,40.57,29.55,4.31,AVERAGE
S2733,Ravi,62.05,97.43,76.05,12.97,5.35,GOOD
S2734,Ravi,91.17,77.81,40.2,83.29,1.98,AVERAGE
S2735,Muthu,69.83,75.73,77.37,89.03,4.06,GOOD
S2736,Shreya,86.92,78.38,64.7,29.86,1.99,AVERAGE
S2737,Ananya,72.02,97.27,66.07,54.86,5.1,GOOD
S2738,Aarav,54.59,60.39,98.05,78.35,2.26,AVERAGE
S2739,Diya,72.03,56.85,80.93,2.17,4.15,AVERAGE
S2740,Rahul,75.38,62.6,51.78,98.69,3.95,AVERAGE
S2741,Kishore,72.89,88.06,99.84,32.4,2.87,GOOD
S2742,Riya,90.81,47.26,55.4,47.98,5.5,AVERAGE
S2743,Aarohi,95.54,52.41,81.15,5.06,5.51,AVERAGE
S2744,Dhanush,89.34,53.69,80.82,4.69,2.7,AVERAGE
S2745,Anusha,79.14,78.18,90.98,11.17,2.74,AVERAGE
S2746,Darshan,77.07,78.49,63.93,32.11,4.27,AVERAGE
S2747,Naveen,82.23,62.31,81.76,92.15,2.42,GOOD
S2748,Nithin,64.39,56.57,77.56,51.54,2.52,AVERAGE
S2749,Janani,90.59,85.28,66.19,32.57,1.1,AVERAGE
S2750,Varsha,92.84,41.9,94.96,45.11,1.47,AVERAGE
S2751,Sahana,63.36,84.32,55.12,26.5,4.29,AVERAGE
S2752,Anjali,95.14,52.62,53.46,62.4,2.6,AVERAGE
S2753,Nikhil,92.44,94.17,77.82,50.72,1.41,GOOD
S2754,Anjali,71.22,64.82,51.42,37.85,5.65,AVERAGE
S2755,Krishna,95.45,78.54,89.8,68.61,2.48,GOOD
S2756,Meera,56.02,47.26,60.38,39.17,2.05,AT RISK
S2757,Yash,51.4,55.23,65.27,80.65,3.61,AVERAGE
S2758,Vignesh,67.39,82.04,80.94,59.84,5.15,GOOD
S2759,Vijay,78.27,73.02,93.11,20.21,5.36,GOOD
S2760,Neha,67.57,86.23,81.4,16.32,2.53,AVERAGE
S2761,Pooja,97.1,73.8,45.65,25.6,4.71,AVERAGE
S2762,Aadhya,62.74,74.16,60.28,91.82,3.62,AVERAGE
S2763,Yash,64.06,91.5,85.0,82.34,3.98,GOOD
S2764,Vignesh,81.74,65.48,94.47,97.22,3.2,GOOD
S2765,Varsha,50.19,93.7,78.03,74.43,1.89,GOOD
S2766,Shreya,86.38,62.33,75.77,91.44,5.1,GOOD
S2767,Rohan,68.87,59.72,62.75,35.54,3.72,AVERAGE
S2768,Akshara,98.89,86.77,68.68,61.99,3.01,GOOD
S2769,Dev,84.57,40.69,65.93,39.15,4.38,AVERAGE
S2770,Manish,52.61,50.33,43.31,86.49,3.13,AVERAGE
S2771,Naveen,54.63,44.31,41.31,99.7,5.25,AVERAGE
S2772,Nandini,54.41,70.73,77.04,74.55,1.68,AVERAGE
S2773,Nikhil,97.63,77.68,70.59,78.15,1.15,GOOD
S2774,Mahesh,84.2,40.62,54.69,88.09,3.85,AVERAGE
S2775,Ashwin,71.38,49.69,93.57,9.53,2.28,AVERAGE
S2776,Manish,60.02,58.15,52.4,48.18,1.59,AVERAGE
S2777,Chetan,93.68,57.65,82.03,73.25,1.15,GOOD
S2778,Keerthi,60.08,45.83,87.3,60.5,4.85,AVERAGE
S2779,Ganesh,85.33,50.37,90.41,54.03,5.8,GOOD
S2780,Aditya,88.17,90.82,90.37,38.58,4.08,GOOD
S2781,Manish,64.73,82.03,87.65,22.05,4.86,AVERAGE
S2782,Aarohi,75.25,57.77,67.47,92.24,5.19,GOOD
S2783,Vidya,61.15,55.8,77.43,73.41,5.03,AVERAGE
S2784,Jeeva,68.95,44.81,91.46,61.35,2.63,AVERAGE
S2785,Harish,98.26,60.93,65.22,8.54,1.01,AVERAGE
S2786,Dev,84.66,63.88,80.25,11.17,4.14,AVERAGE
S2787,Ananya,92.33,94.25,49.57,43.23,5.74,GOOD
S2788,Sakshi,77.03,84.59,73.88,12.57,5.44,GOOD
S2789,Madhavan,61.95,68.75,48.46,14.89,1.02,AT RISK
S2790,Vijay,85.64,48.09,79.62,8.13,5.52,AVERAGE
S2791,Sahana,75.03,79.37,62.61,29.41,1.05,AVERAGE
S2792,Meera,58.84,96.16,53.67,1.11,3.66,AVERAGE
S2793,Jatin,70.62,44.68,61.64,73.23,5.26,AVERAGE
S2794,Sakshi,81.74,90.92,82.09,59.93,3.08,GOOD
S2795,Diya,86.77,50.81,94.48,50.77,4.42,GOOD
S2796,Anusha,62.16,82.08,40.68,98.69,2.16,AVERAGE
S2797,Deepika,93.8,51.03,50.07,48.19,5.85,AVERAGE
S2798,Sakshi,68.98,76.0,82.34,86.97,1.22,GOOD
S2799,Srinivas,63.56,54.26,74.12,18.94,4.16,AVERAGE
S2800,Akash,59.76,72.5,59.15,26.48,1.17,AVERAGE
S2801,Rohan,90.21,76.01,79.11,32.85,1.21,AVERAGE
S2802,Riya,67.71,77.11,92.03,99.03,2.35,GOOD
S2803,Ishaan,74.17,80.97,55.48,90.76,1.08,AVERAGE
S2804,Aryan,61.14,44.14,69.14,44.86,2.04,AVERAGE
S2805,Aditya,84.3,82.2,41.25,84.45,1.77,AVERAGE
S2806,Aarav,89.05,49.28,96.76,23.32,5.56,AVERAGE
S2807,Sameer,66.97,80.62,88.1,59.26,1.21,AVERAGE
S2808,Amrita,97.25,47.44,70.31,16.19,4.06,AVERAGE
S2809,Vidya,51.53,68.76,99.52,57.52,4.35,AVERAGE
S2810,Harish,56.65,63.21,53.21,22.23,5.11,AVERAGE
S2811,Bharath,79.44,98.04,84.64,58.58,2.84,GOOD
S2812,Dharani,85.07,77.85,86.17,42.87,1.91,GOOD
S2813,Sanjay,62.53,45.29,89.85,55.88,1.61,AVERAGE
S2814,Sahana,77.7,82.05,81.11,16.12,1.71,AVERAGE
S2815,Arnav,65.92,51.65,51.44,50.65,3.62,AVERAGE
S2816,Gaurav,77.7,57.17,45.48,31.64,3.98,AVERAGE
S2817,Ishaan,82.97,62.71,50.82,14.39,4.94,AVERAGE
S2818,Ashwin,98.64,86.57,91.5,50.04,5.02,GOOD
S2819,Kavya,72.78,96.64,64.12,13.84,5.21,GOOD
S2820,Krishna,82.41,95.46,72.77,42.73,1.8,GOOD
S2821,Mahesh,78.9,50.24,41.52,32.31,4.73,AVERAGE
S2822,Keerthi,65.88,43.62,69.49,54.3,1.36,AVERAGE
S2823,Reshma,62.65,89.71,64.56,48.38,5.4,GOOD
S2824,Malar,99.39,57.29,72.07,13.46,3.63,AVERAGE
S2825,Shankar,60.34,74.97,62.52,27.9,4.21,AVERAGE
S2826,Arjun,89.51,98.72,44.53,55.67,4.1,GOOD
S2827,Darshan,57.33,51.19,42.64,83.39,3.79,AVERAGE
S2828,Zoya,90.22,62.49,96.99,5.92,3.62,AVERAGE
S2829,Darshan,59.29,92.06,76.23,9.09,5.61,AVERAGE
S2830,Mohan,98.36,79.0,78.6,79.69,2.74,GOOD
S2831,Vidya,84.3,96.25,94.93,33.98,4.89,GOOD
S2832,Vijay,54.51,77.9,73.05,25.69,2.81,AVERAGE
S2833,Aman,84.66,58.21,76.93,22.96,1.23,AVERAGE
S2834,Pranav,80.18,88.31,71.38,97.07,2.89,GOOD
S2835,Ashwin,66.88,85.56,50.56,51.07,1.75,AVERAGE
S2836,Vasanth,63.04,96.02,58.69,16.09,3.2,AVERAGE
S2837,Keerthi,85.94,68.57,93.06,40.6,1.41,AVERAGE
S2838,Divya,87.07,70.17,66.63,26.06,4.93,AVERAGE
S2839,Varun,66.36,59.43,52.25,16.87,3.95,AVERAGE
S2840,Priya,93.81,56.13,89.68,97.86,1.19,GOOD
S2841,Ananya,63.44,99.79,45.24,44.51,4.23,AVERAGE
S2842,Pavithra,53.49,98.64,78.37,69.12,5.77,GOOD
S2843,Rajesh,79.99,71.78,82.01,89.86,1.32,GOOD
S2844,Kishore,55.35,97.31,58.23,20.56,2.78,AVERAGE
S2845,Zoya,63.83,61.37,50.01,12.8,5.47,AVERAGE
S2846,Pooja,75.36,91.0,66.9,26.03,1.17,AVERAGE
S2847,Tanvi,64.32,78.09,85.3,71.26,5.59,GOOD
S2848,Srinivas,60.75,83.02,93.2,38.2,5.94,GOOD
S2849,Chetan,85.16,83.09,88.92,48.91,2.95,GOOD
S2850,Amrita,77.35,78.15,46.57,2.03,3.32,AVERAGE
S2851,Ishaan,91.99,91.14,53.37,0.43,5.94,GOOD
S2852,Riya,79.06,63.52,77.02,40.71,1.3,AVERAGE
S2853,Chetan,74.17,90.95,82.59,15.04,2.59,AVERAGE
S2854,Arjun,63.06,51.0,40.52,79.11,1.32,AVERAGE
S2855,Ramya,89.6,52.0,48.55,95.13,4.73,AVERAGE
S2856,Naveen,59.84,83.04,45.64,92.57,4.26,AVERAGE
S2857,Vijay,62.11,85.01,60.47,46.55,5.32,AVERAGE
S2858,Srinivas,92.08,94.14,80.85,28.69,1.95,GOOD
S2859,Kavin,87.06,56.48,96.59,48.38,3.73,GOOD
S2860,Kavin,80.64,43.36,45.37,10.4,4.57,AVERAGE
S2861,Kavya,51.95,70.45,70.37,94.39,2.41,AVERAGE
S2862,Rajesh,56.36,92.52,62.35,67.13,5.45,GOOD
S2863,Naveen,75.0,98.29,63.9,28.65,1.99,AVERAGE
S2864,Preethi,87.32,91.47,44.08,75.93,1.59,GOOD
S2865,Pooja,73.21,69.4,57.3,24.5,2.4,AVERAGE
S2866,Arnav,50.86,91.8,55.15,75.15,4.99,GOOD
S2867,Mahesh,59.21,52.84,83.1,40.18,4.57,AVERAGE
S2868,Abhinav,79.44,95.27,78.51,86.39,5.46,EXCELLENT
S2869,Malar,84.71,74.01,78.18,98.98,4.08,GOOD
S2870,Aditya,51.67,63.36,71.16,32.02,5.59,AVERAGE
S2871,Diya,52.17,74.9,60.53,55.12,3.72,AVERAGE
S2872,Yash,63.07,87.04,54.63,23.79,5.59,AVERAGE
S2873,Vasanth,54.18,54.41,40.68,80.04,5.35,AVERAGE
S2874,Pooja,77.1,46.11,48.88,49.19,3.37,AVERAGE
S2875,Aryan,56.19,83.99,53.19,98.38,1.03,AVERAGE
S2876,Gaurav,82.41,97.15,98.53,88.69,5.93,EXCELLENT
S2877,Sanjana,88.86,78.22,98.23,27.27,3.49,GOOD
S2878,Jeeva,98.53,48.56,86.06,11.95,4.7,AVERAGE
S2879,Arjun,97.42,78.6,76.62,61.99,3.26,GOOD
S2880,Neha,63.67,47.0,80.13,31.81,2.81,AVERAGE
S2881,Isha,51.47,58.21,76.03,25.37,2.79,AVERAGE
S2882,Deepak,66.47,41.9,78.81,54.51,2.78,AVERAGE
S2883,Rajesh,85.42,69.25,53.15,53.82,3.9,AVERAGE
S2884,Zoya,52.99,59.28,98.6,53.76,5.04,AVERAGE
S2885,Deepak,67.99,45.85,85.4,29.42,3.85,AVERAGE
S2886,Bharath,64.9,58.54,54.05,15.54,3.63,AVERAGE
S2887,Pranav,60.97,78.85,70.82,18.37,2.53,AVERAGE
S2888,Akshara,85.31,57.34,87.35,72.01,3.31,GOOD
S2889,Rakesh,82.95,48.58,94.67,46.8,1.9,AVERAGE
S2890,Deepika,76.77,72.69,63.03,46.94,4.72,AVERAGE
S2891,Harish,95.54,85.19,69.02,97.67,4.92,EXCELLENT
S2892,Reshma,55.16,89.81,58.59,91.79,2.19,AVERAGE
S2893,Janani,57.48,68.33,62.59,6.5,3.84,AVERAGE
S2894,Ashwin,69.17,82.66,53.66,79.77,2.42,AVERAGE
S2895,Ramya,82.79,90.0,41.79,24.79,5.89,AVERAGE
S2896,Vignesh,79.2,80.37,64.98,72.23,2.49,GOOD
S2897,Reshma,53.7,71.64,68.23,17.33,5.32,AVERAGE
S2898,Kishore,97.92,43.6,86.79,14.54,4.5,AVERAGE
S2899,Manish,65.25,57.4,71.36,93.92,5.83,GOOD
S2900,Swathi,67.95,59.19,59.58,55.83,4.6,AVERAGE
S2901,Swathi,81.18,63.7,67.79,34.96,4.05,AVERAGE
S2902,Janani,97.26,97.05,87.77,89.11,3.3,EXCELLENT
S2903,Harish,83.13,52.53,68.86,28.98,3.36,AVERAGE
S2904,Manish,97.74,72.49,73.31,6.39,1.01,AVERAGE
S2905,Harish,59.38,99.47,50.38,39.48,5.98,GOOD
S2906,Kavya,80.94,77.13,40.46,70.73,3.84,AVERAGE
S2907,Chetan,91.44,52.53,95.78,66.2,3.93,GOOD
S2908,Abhinav,75.45,97.61,56.08,47.37,1.9,AVERAGE
S2909,Vasanth,68.11,60.18,60.85,51.02,3.16,AVERAGE
S2910,Aman,99.24,42.87,46.89,52.95,2.1,AVERAGE
S2911,Sahana,57.05,65.88,70.78,37.45,2.09,AVERAGE
S2912,Aarav,70.55,54.44,84.23,8.3,3.74,AVERAGE
S2913,Malar,93.67,89.13,81.16,15.78,2.2,GOOD
S2914,Lakshmi,95.02,53.2,91.34,72.43,4.33,GOOD
S2915,Sneha,99.02,89.19,57.19,81.01,2.88,GOOD
S2916,Karthik,94.24,42.17,58.88,39.55,2.88,AVERAGE
S2917,Sanjay,52.55,95.75,97.93,32.93,4.51,GOOD
S2918,Riya,96.49,42.53,67.4,60.77,4.35,AVERAGE
S2919,Srinivas,71.41,96.31,90.07,2.18,3.02,GOOD
S2920,Nikhil,82.58,44.42,76.69,56.95,5.65,AVERAGE
S2921,Swathi,69.71,92.36,50.85,46.9,2.64,AVERAGE
S2922,Pradeep,90.68,89.88,97.45,44.19,4.59,GOOD
S2923,Rahul,78.8,75.67,59.47,0.14,4.97,AVERAGE
S2924,Nandini,92.28,42.16,78.51,94.29,2.09,AVERAGE
S2925,Ashwin,59.69,77.27,55.27,17.34,3.37,AVERAGE
S2926,Mohan,59.25,77.07,74.54,11.3,1.1,AVERAGE
S2927,Aryan,72.02,73.43,72.47,38.58,2.65,AVERAGE
S2928,Deepika,50.24,77.89,55.66,77.88,2.35,AVERAGE
S2929,Vidya,84.64,98.09,99.33,76.5,4.86,EXCELLENT
S2930,Amrita,64.8,99.73,48.44,51.18,2.1,AVERAGE
S2931,Sameer,77.86,71.23,66.58,54.92,1.13,AVERAGE
S2932,Preethi,53.5,45.51,41.88,45.52,1.12,AT RISK
S2933,Vidya,58.53,48.04,80.96,2.53,4.82,AVERAGE
S2934,Avinash,81.14,83.22,67.73,27.79,1.72,AVERAGE
S2935,Chetan,65.28,98.92,73.61,38.89,4.22,GOOD
S2936,Naveen,60.74,66.16,81.91,55.45,2.01,AVERAGE
S2937,Varun,61.44,45.88,85.84,65.9,2.11,AVERAGE
S2938,Vidya,60.74,61.18,97.95,98.76,5.03,GOOD
S2939,Diya,81.14,63.1,91.84,50.74,4.41,GOOD
S2940,Chetan,58.38,99.8,59.43,67.19,4.27,GOOD
S2941,Ishaan,68.14,81.2,83.64,96.06,5.64,GOOD
S2942,Reshma,84.39,47.07,44.56,27.87,5.35,AVERAGE
S2943,Abhinav,75.68,60.22,48.17,45.37,5.23,AVERAGE
S2944,Neha,79.86,42.91,67.58,72.1,1.68,AVERAGE
S2945,Arnav,62.55,79.18,67.58,56.52,1.83,AVERAGE
S2946,Bhavya,96.64,80.36,70.35,89.32,5.91,EXCELLENT
S2947,Shivani,70.69,43.45,68.51,56.61,3.88,AVERAGE
S2948,Aarav,64.35,60.13,78.48,92.24,3.75,AVERAGE
S2949,Lakshmi,95.22,94.17,97.26,14.86,3.53,GOOD
S2950,Shivani,82.76,89.61,50.36,80.35,4.68,GOOD
S2951,Yash,80.7,74.45,61.45,21.33,3.97,AVERAGE
S2952,Aman,94.34,69.08,44.46,4.91,1.75,AVERAGE
S2953,Rohan,52.93,99.57,52.0,11.17,1.51,AVERAGE
S2954,Anusha,91.88,83.33,99.24,58.07,2.51,GOOD
S2955,Pooja,83.89,97.16,42.37,29.08,5.35,GOOD
S2956,Srinivas,68.0,44.3,52.82,14.4,3.01,AT RISK
S2957,Swathi,62.82,52.73,65.59,62.91,5.36,AVERAGE
S2958,Charan,55.24,41.87,57.56,48.8,3.86,AVERAGE
S2959,Deepika,97.05,92.08,72.71,38.05,5.65,GOOD
S2960,Preethi,57.1,81.65,99.43,53.57,5.42,GOOD
S2961,Darshan,62.97,50.66,82.24,86.14,2.88,AVERAGE
S2962,Avinash,84.56,98.45,64.35,72.47,3.76,GOOD
S2963,Pavithra,85.51,97.35,80.98,49.52,4.55,GOOD
S2964,Pavithra,58.04,53.48,92.34,82.26,1.23,AVERAGE
S2965,Kishore,90.71,78.82,53.74,86.26,1.8,GOOD
S2966,Naveen,75.51,80.09,83.02,37.63,4.65,GOOD
S2967,Rohan,92.42,40.24,76.84,14.98,5.57,AVERAGE
S2968,Preethi,54.36,81.33,84.03,11.5,2.52,AVERAGE
S2969,Bhavya,52.14,53.28,45.05,63.89,2.97,AVERAGE
S2970,Pradeep,81.85,94.08,83.98,93.63,5.37,EXCELLENT
S2971,Surya,57.5,90.31,87.28,3.85,2.33,AVERAGE
S2972,Ganesh,76.25,94.32,81.23,49.73,5.63,GOOD
S2973,Meera,50.71,85.45,51.83,19.42,1.71,AVERAGE
S2974,Varun,89.0,49.89,49.68,53.15,2.26,AVERAGE
S2975,Akash,94.98,61.63,84.3,85.67,1.18,GOOD
S2976,Varsha,91.94,82.54,78.86,78.69,1.47,GOOD
S2977,Meera,97.92,59.4,99.02,97.13,2.28,GOOD
S2978,Akash,95.15,82.6,67.28,48.45,4.28,GOOD
S2979,Muthu,72.2,60.17,53.76,66.34,2.0,AVERAGE
S2980,Bharath,69.92,50.66,86.18,89.85,5.7,GOOD
S2981,Anjali,94.81,71.09,84.91,69.76,2.74,GOOD
S2982,Akash,96.35,81.17,71.36,96.42,3.59,GOOD
S2983,Madhavan,98.64,71.03,84.76,24.55,4.32,GOOD
S2984,Anirudh,88.42,78.51,58.64,13.5,1.68,AVERAGE
S2985,Muthu,60.1,66.28,52.94,14.91,4.44,AVERAGE
S2986,Pradeep,97.25,86.7,47.57,85.24,1.6,GOOD
S2987,Dhanush,97.36,79.0,57.43,5.28,5.13,AVERAGE
S2988,Dhanush,83.31,74.48,79.27,80.99,3.44,GOOD
S2989,Surya,92.86,66.12,55.51,46.41,1.45,AVERAGE
S2990,Swathi,78.06,72.14,93.01,69.12,4.54,GOOD
S2991,Rahul,97.21,43.06,54.99,74.56,1.38,AVERAGE
S2992,Karthik,54.7,80.0,81.07,42.44,5.87,GOOD
S2993,Anirudh,93.2,52.26,71.65,14.61,3.27,AVERAGE
S2994,Madhavan,52.78,91.61,52.69,61.7,2.91,AVERAGE
S2995,Aarav,66.96,88.74,73.37,95.65,2.57,GOOD
S2996,Varun,56.77,71.68,97.28,2.55,3.25,AVERAGE
S2997,Gayathri,73.96,90.83,96.65,22.7,4.91,GOOD
S2998,Karthik,61.61,80.25,57.5,87.44,3.6,GOOD
S2999,Karthik,97.6,48.48,72.19,6.98,4.22,AVERAGE
S3000,Reshma,77.97,84.45,49.05,1.01,1.29,AVERAGE
S3001,Akshara,94.89,99.75,68.14,87.78,5.26,EXCELLENT
S3002,Nikhil,63.9,42.46,59.29,76.81,3.64,AVERAGE
S3003,Riya,51.3,54.7,95.77,25.39,3.62,AVERAGE
S3004,Muthu,88.78,75.86,77.96,96.65,2.26,GOOD
S3005,Aryan,85.12,64.91,51.1,71.24,1.39,AVERAGE
S3006,Rahul,77.27,78.25,99.54,11.91,2.68,AVERAGE
S3007,Bhavya,90.77,75.18,81.65,46.05,5.09,GOOD
S3008,Monisha,92.0,87.28,48.08,86.51,3.74,GOOD
S3009,Anirudh,79.4,44.25,87.97,66.77,2.32,AVERAGE
S3010,Sanjay,98.3,66.44,73.45,58.58,3.97,GOOD
S3011,Nikhil,85.99,91.6,64.02,41.7,2.76,GOOD
S3012,Bhavya,83.84,61.77,51.78,24.8,2.12,AVERAGE
S3013,Surya,68.07,70.23,56.68,61.36,4.7,AVERAGE
S3014,Aishwarya,50.11,41.29,50.04,15.38,1.84,AT RISK
S3015,Krishna,62.05,53.45,88.2,80.99,3.92,AVERAGE
S3016,Pranav,88.2,67.82,56.38,20.96,4.67,AVERAGE
S3017,Jeeva,85.49,63.94,68.2,12.06,1.31,AVERAGE
S3018,Janani,66.55,82.88,98.07,7.2,4.48,AVERAGE
S3019,Rohan,81.28,76.71,99.67,81.49,1.06,GOOD
S3020,Keerthi,59.76,92.82,87.48,46.78,5.06,GOOD
S3021,Bharath,63.18,91.29,87.93,39.87,2.39,GOOD
S3022,Bharath,97.37,54.47,96.69,52.12,1.77,GOOD
S3023,Vikram,70.66,41.06,87.81,58.73,1.65,AVERAGE
S3024,Aman,62.25,91.27,67.06,88.07,3.18,GOOD
S3025,Sakshi,74.36,59.75,43.62,34.38,2.44,AVERAGE
S3026,Zoya,69.35,60.83,52.5,18.71,3.34,AVERAGE
S3027,Vidya,86.48,49.5,66.67,86.91,5.23,GOOD
S3028,Srinivas,98.11,81.58,55.92,48.06,1.52,AVERAGE
S3029,Meera,79.59,56.81,59.75,57.95,2.3,AVERAGE
S3030,Varun,79.56,50.6,43.54,15.82,1.57,AT RISK
S3031,Deepak,68.24,70.2,73.13,86.21,4.19,GOOD
S3032,Ananya,78.23,85.02,61.09,93.84,4.12,GOOD
S3033,Dharani,65.97,56.18,55.53,44.76,5.24,AVERAGE
S3034,Darshan,50.05,83.32,76.62,2.01,4.65,AVERAGE
S3035,Rajesh,93.3,67.72,56.61,2.71,4.5,AVERAGE
S3036,Vijay,71.47,64.23,68.58,30.23,1.8,AVERAGE
S3037,Aditya,74.6,61.57,54.78,49.18,5.1,AVERAGE
S3038,Darshan,54.18,48.73,80.83,43.28,1.04,AVERAGE
S3039,Rakesh,91.86,59.96,91.25,56.89,4.57,GOOD
S3040,Karthik,58.52,92.76,44.9,25.74,5.07,AVERAGE
S3041,Sanjana,70.53,46.13,89.19,20.97,2.13,AVERAGE
S3042,Kishore,92.01,97.5,91.1,97.41,2.56,EXCELLENT
S3043,Kishore,72.89,46.45,97.9,28.06,2.21,AVERAGE
S3044,Jatin,96.56,61.72,89.67,94.65,5.1,GOOD
S3045,Gayathri,60.47,76.38,73.14,57.15,3.1,AVERAGE
S3046,Riya,85.76,90.27,44.22,7.0,2.82,AVERAGE
S3047,Swathi,98.9,48.61,44.47,59.5,3.51,AVERAGE
S3048,Madhavan,77.48,48.47,51.8,98.55,4.65,AVERAGE
S3049,Bharath,84.61,77.7,66.83,83.97,4.3,GOOD
S3050,Deepak,69.66,57.56,97.33,30.35,4.54,AVERAGE
S3051,Keerthi,87.57,78.67,50.52,9.55,5.74,AVERAGE
S3052,Nandini,95.44,89.23,72.33,46.04,2.28,GOOD
S3053,Vasanth,85.15,44.61,99.88,9.87,2.03,AVERAGE
S3054,Janani,96.8,90.67,40.83,29.77,4.25,GOOD
S3055,Nandini,79.43,42.26,42.82,91.81,1.73,AVERAGE
S3056,Kavin,78.86,93.93,56.19,65.36,4.22,GOOD
S3057,Kavin,65.23,98.54,53.51,78.34,5.78,GOOD
S3058,Nikhil,85.48,80.05,69.92,54.06,3.29,GOOD
S3059,Pooja,94.1,99.06,65.23,16.81,2.07,GOOD
S3060,Sanjana,82.32,89.32,75.02,15.04,5.97,GOOD
S3061,Vedant,61.65,42.66,48.82,76.58,2.91,AVERAGE
S3062,Avinash,77.21,40.23,81.15,42.93,1.57,AVERAGE
S3063,Janani,87.8,41.25,52.88,50.0,3.08,AVERAGE
S3064,Vijay,96.97,67.11,67.12,17.89,1.44,AVERAGE
S3065,Shreya,57.83,77.4,42.0,36.17,1.42,AVERAGE
S3066,Jeeva,56.37,68.89,87.87,13.22,1.24,AVERAGE
S3067,Shankar,70.65,80.63,77.63,20.45,3.27,AVERAGE
S3068,Manish,56.28,66.98,52.53,88.89,3.3,AVERAGE
S3069,Pranav,99.02,42.55,76.11,71.67,4.67,GOOD
S3070,Deepika,71.22,53.57,66.22,85.19,3.72,AVERAGE
S3071,Aishwarya,76.68,99.56,89.58,87.42,5.3,EXCELLENT
S3072,Pooja,61.35,60.75,99.02,58.96,5.36,GOOD
S3073,Meera,72.46,59.49,47.47,30.42,1.85,AVERAGE
S3074,Harini,99.23,49.17,69.41,49.25,1.21,AVERAGE
S3075,Pooja,74.43,99.23,55.48,1.89,4.53,AVERAGE
S3076,Rohan,50.44,53.83,84.98,81.73,1.05,AVERAGE
S3077,Rakesh,62.13,78.81,42.07,80.26,2.97,AVERAGE
S3078,Ishaan,98.92,42.52,72.67,50.83,1.27,AVERAGE
S3079,Aryan,99.45,43.99,91.43,37.75,3.29,AVERAGE
S3080,Pradeep,60.52,83.01,63.36,17.26,3.25,AVERAGE
S3081,Ananya,80.76,78.11,90.27,7.56,5.23,GOOD
S3082,Lakshmi,53.85,80.81,48.81,32.5,4.23,AVERAGE
S3083,Charan,78.87,53.86,95.1,93.75,3.01,GOOD
S3084,Ashwin,56.3,99.09,87.49,6.88,3.55,AVERAGE
S3085,Bharath,90.93,73.5,63.47,94.91,3.75,GOOD
S3086,Kavin,96.98,98.17,47.84,52.87,2.13,GOOD
S3087,Charan,58.65,49.85,71.23,44.09,4.88,AVERAGE
S3088,Keerthi,73.14,64.31,80.23,12.3,3.34,AVERAGE
S3089,Aadhya,55.1,60.14,47.74,7.14,4.19,AT RISK
S3090,Sahana,66.96,85.3,95.99,54.45,1.16,GOOD
S3091,Lakshmi,53.25,84.85,85.76,59.86,1.55,AVERAGE
S3092,Nithin,63.23,69.19,97.1,43.41,3.95,AVERAGE
S3093,Dev,99.51,40.97,57.95,28.73,4.72,AVERAGE
S3094,Chetan,52.23,50.51,66.01,1.32,2.6,AT RISK
S3095,Malar,92.95,43.02,54.41,26.67,5.73,AVERAGE
S3096,Varsha,53.87,90.82,56.43,71.48,5.25,GOOD
S3097,Ravi,76.45,57.39,48.72,60.6,3.62,AVERAGE
S3098,Madhavan,72.61,47.08,47.51,15.81,4.2,AVERAGE
S3099,Harish,96.58,61.25,80.25,79.34,3.97,GOOD
S3100,Shivani,59.95,44.64,49.42,14.85,2.53,AT RISK
S3101,Charan,58.98,98.73,48.01,79.55,1.31,AVERAGE
S3102,Deepak,87.44,58.9,72.08,51.26,5.02,GOOD
S3103,Aryan,86.29,95.98,82.24,71.69,3.3,GOOD
S3104,Reshma,84.96,80.96,86.68,8.3,5.21,GOOD
S3105,Jatin,51.31,73.97,74.81,74.1,2.87,AVERAGE
S3106,Mahesh,63.0,68.53,52.09,72.15,1.07,AVERAGE
S3107,Ashwin,91.99,81.24,74.39,17.53,1.63,AVERAGE
S3108,Karthik,80.04,81.18,77.55,13.75,1.79,AVERAGE
S3109,Karthik,80.11,40.63,55.49,74.87,4.65,AVERAGE
S3110,Karthik,64.8,94.47,48.67,41.62,1.16,AVERAGE
S3111,Dharani,63.01,62.08,95.54,64.77,5.1,GOOD
S3112,Shivani,97.33,61.2,45.76,0.91,4.45,AVERAGE
S3113,Shivani,86.39,64.4,56.63,18.36,2.62,AVERAGE
S3114,Kishore,56.34,81.12,53.89,74.59,3.61,AVERAGE
S3115,Diya,96.89,62.56,93.52,19.89,5.66,GOOD
S3116,Yogesh,79.12,62.43,70.12,8.03,1.35,AVERAGE
S3117,Tanvi,66.67,43.81,97.39,17.51,2.82,AVERAGE
S3118,Tanvi,69.86,65.0,89.69,83.24,2.96,GOOD
S3119,Hari,86.27,48.97,85.29,34.65,5.82,AVERAGE
S3120,Mahesh,68.81,91.34,50.61,53.01,5.88,GOOD
S3121,Vidya,78.94,60.07,60.66,57.75,5.21,AVERAGE
S3122,Vijay,85.52,97.65,89.22,37.26,2.91,GOOD
S3123,Zoya,59.77,81.07,99.01,9.37,5.45,AVERAGE
S3124,Kishore,97.21,85.37,92.68,25.68,3.42,GOOD
S3125,Ishaan,67.81,96.87,96.9,15.78,4.22,GOOD
S3126,Keerthi,70.97,54.34,78.51,90.95,5.64,GOOD
S3127,Anjali,84.93,74.04,68.97,74.01,2.24,GOOD
S3128,Akshara,80.44,42.44,70.88,82.31,5.3,AVERAGE
S3129,Lakshmi,72.01,46.05,67.51,81.22,3.0,AVERAGE
S3130,Janani,82.49,62.0,49.29,0.22,5.36,AVERAGE
S3131,Anusha,95.14,80.95,58.35,74.9,3.74,GOOD
S3132,Sneha,90.01,89.9,45.42,48.21,2.24,AVERAGE
S3133,Nikhil,91.21,55.38,45.31,77.46,4.83,AVERAGE
S3134,Rakesh,62.92,84.94,58.71,95.98,1.58,AVERAGE
S3135,Ganesh,70.97,53.46,79.97,35.77,1.72,AVERAGE
S3136,Tanvi,77.69,40.36,76.82,60.48,1.74,AVERAGE
S3137,Aarohi,52.21,43.26,73.57,30.46,5.2,AVERAGE
S3138,Swathi,88.49,75.13,84.94,89.38,5.36,GOOD
S3139,Pooja,66.17,69.83,65.36,25.4,3.86,AVERAGE
S3140,Hari,64.13,56.23,66.53,35.13,2.4,AVERAGE
S3141,Reshma,62.96,40.39,71.08,88.79,2.97,AVERAGE
S3142,Yogesh,64.17,74.08,44.0,10.09,1.92,AVERAGE
S3143,Zoya,66.9,89.06,74.9,49.4,1.02,AVERAGE
S3144,Nandini,80.24,44.11,85.01,58.13,5.2,AVERAGE
S3145,Rakesh,79.18,84.19,55.82,57.9,1.97,AVERAGE
S3146,Deepak,62.79,78.07,91.29,12.01,1.4,AVERAGE
S3147,Varsha,60.32,68.76,55.97,3.95,1.66,AVERAGE
S3148,Rajesh,91.32,42.9,70.79,41.66,5.63,AVERAGE
S3149,Ramya,54.64,95.41,92.47,45.39,2.82,GOOD
S3150,Lakshmi,75.64,68.65,84.29,94.27,4.24,GOOD
S3151,Lakshmi,76.03,63.98,74.57,75.57,1.16,AVERAGE
S3152,Ramya,78.71,91.69,77.36,59.86,3.65,GOOD
S3153,Tanvi,94.28,90.73,46.53,21.01,4.73,GOOD
S3154,Hari,81.2,83.64,81.96,90.14,1.33,GOOD
S3155,Sameer,98.68,89.76,76.72,19.35,2.49,GOOD
S3156,Rakesh,93.57,47.46,45.07,94.74,2.61,AVERAGE
S3157,Anirudh,60.74,85.65,47.46,94.59,5.44,GOOD
S3158,Pavithra,62.06,59.68,98.26,97.79,4.33,GOOD
S3159,Manish,67.24,92.05,50.69,28.3,5.33,AVERAGE
S3160,Nithin,69.58,62.21,93.75,13.75,2.88,AVERAGE
S3161,Harish,77.65,43.26,56.55,62.88,3.96,AVERAGE
S3162,Pooja,61.63,64.86,63.77,42.28,3.59,AVERAGE
S3163,Shivani,61.12,85.41,73.33,38.85,2.38,AVERAGE
S3164,Vidya,69.07,70.06,77.55,55.63,3.11,AVERAGE
S3165,Surya,83.6,85.82,69.87,68.95,2.22,GOOD
S3166,Krishna,84.41,42.12,60.91,33.21,1.08,AVERAGE
S3167,Rajesh,98.81,50.63,69.92,33.51,5.84,AVERAGE
S3168,Varsha,60.12,73.82,82.04,61.04,5.79,GOOD
S3169,Anusha,69.64,63.12,63.79,7.13,5.12,AVERAGE
S3170,Aarohi,98.23,80.81,72.71,69.99,1.87,GOOD
S3171,Kishore,84.5,97.75,62.75,79.9,1.1,GOOD
S3172,Gayathri,79.61,79.59,59.8,87.98,1.98,GOOD
S3173,Mahesh,76.98,65.04,57.93,75.38,5.36,GOOD
S3174,Gaurav,53.78,72.54,53.44,50.67,1.77,AVERAGE
S3175,Mahesh,94.67,94.77,85.65,87.38,2.17,EXCELLENT
S3176,Arjun,81.28,80.38,99.03,49.1,4.46,GOOD
S3177,Sameer,78.58,88.19,41.74,78.71,3.39,GOOD
S3178,Anjali,76.98,58.09,51.76,6.36,4.27,AVERAGE
S3179,Riya,69.6,84.66,97.85,70.9,3.82,GOOD
S3180,Harini,62.73,48.37,60.51,8.41,3.86,AT RISK
S3181,Harish,87.77,84.99,63.34,2.77,5.36,AVERAGE
S3182,Yash,75.48,92.89,79.78,50.22,2.09,GOOD
S3183,Aishwarya,51.7,94.01,61.16,11.94,1.7,AVERAGE
S3184,Anirudh,69.95,47.0,69.56,32.51,3.02,AVERAGE
S3185,Karthik,96.43,89.79,94.04,77.42,3.67,EXCELLENT
S3186,Keerthi,68.69,46.6,73.89,55.03,3.45,AVERAGE
S3187,Ishaan,70.66,68.7,80.01,73.34,3.7,GOOD
S3188,Rohan,81.2,80.95,53.03,78.36,3.43,GOOD
S3189,Vijay,90.08,69.05,55.69,48.03,3.59,AVERAGE
S3190,Nandini,83.42,60.39,93.49,98.56,5.66,GOOD
S3191,Pooja,92.5,81.03,95.05,20.21,1.25,GOOD
S3192,Karthik,55.7,79.65,88.42,8.49,5.71,AVERAGE
S3193,Dhanush,96.23,74.97,47.32,31.85,3.94,AVERAGE
S3194,Bharath,95.2,71.71,89.11,76.25,1.24,GOOD
S3195,Pavithra,75.96,82.34,41.15,9.62,1.27,AVERAGE
S3196,Kavya,81.24,64.18,75.79,46.67,3.86,AVERAGE
S3197,Ravi,60.64,44.13,80.52,57.13,4.45,AVERAGE
S3198,Vignesh,72.4,72.25,65.58,80.8,3.6,GOOD
S3199,Chetan,60.14,83.41,68.75,84.59,3.24,GOOD
S3200,Nandini,51.1,57.95,84.51,23.89,2.39,AVERAGE
S3201,Aarav,99.05,48.45,93.69,27.41,4.03,AVERAGE
S3202,Abhinav,62.96,94.71,51.36,68.4,5.49,GOOD
S3203,Manish,79.66,91.82,48.31,85.98,3.11,GOOD
S3204,Riya,65.01,77.11,77.8,16.84,4.48,AVERAGE
S3205,Muthu,68.53,87.2,53.85,72.26,1.09,AVERAGE
S3206,Ashwin,69.89,98.13,51.65,23.77,3.25,AVERAGE
S3207,Preethi,66.75,74.16,52.21,18.07,4.81,AVERAGE
S3208,Gaurav,81.87,54.65,51.81,33.76,5.21,AVERAGE
S3209,Ashwin,98.05,78.33,68.63,79.47,3.69,GOOD
S3210,Harini,71.43,94.88,97.86,74.26,3.83,GOOD
S3211,Malar,98.67,81.41,89.68,47.87,1.69,GOOD
S3212,Yash,83.39,41.57,72.6,71.42,2.48,AVERAGE
S3213,Arnav,80.36,95.03,44.87,40.58,4.34,GOOD
S3214,Arnav,61.86,85.22,80.38,21.05,4.83,AVERAGE
S3215,Nikhil,53.15,64.11,67.07,84.3,1.41,AVERAGE
S3216,Riya,92.6,99.25,86.7,5.38,5.8,GOOD
S3217,Gayathri,78.7,83.3,69.64,90.1,5.77,GOOD
S3218,Karthik,70.72,89.53,80.1,78.89,1.94,GOOD
S3219,Dev,90.6,96.59,52.0,72.36,1.23,GOOD
S3220,Vasanth,65.53,42.37,89.99,56.91,2.71,AVERAGE
S3221,Bhavya,89.18,86.47,86.77,81.0,5.79,EXCELLENT
S3222,Aarohi,66.4,63.18,62.44,2.82,3.22,AVERAGE
S3223,Priya,96.04,92.14,97.82,59.1,2.57,GOOD
S3224,Pooja,63.4,92.73,49.62,26.1,5.47,AVERAGE
S3225,Zoya,56.88,89.72,41.2,63.93,1.67,AVERAGE
S3226,Reshma,84.9,86.75,85.79,67.47,5.71,GOOD
S3227,Varsha,58.14,87.66,76.03,21.47,5.04,AVERAGE
S3228,Karthik,97.47,57.79,46.66,15.48,2.92,AVERAGE
S3229,Darshan,82.78,64.39,49.57,58.75,4.94,AVERAGE
S3230,Anirudh,61.54,46.9,47.85,94.06,4.78,AVERAGE
S3231,Akshara,60.44,89.84,50.01,66.34,3.9,AVERAGE
S3232,Varsha,96.19,78.76,67.68,48.42,4.91,GOOD
S3233,Ashwin,80.39,76.76,43.06,93.55,3.5,GOOD
S3234,Vijay,94.69,54.76,71.16,81.89,5.21,GOOD
S3235,Muthu,55.51,76.9,76.32,73.28,4.97,GOOD
S3236,Harish,96.27,67.27,83.64,43.74,5.53,GOOD
S3237,Jatin,76.0,99.72,96.76,49.14,4.99,GOOD
S3238,Sakshi,83.42,91.78,44.95,26.46,5.6,GOOD
S3239,Sahana,68.64,71.56,42.11,81.69,1.89,AVERAGE
S3240,Divya,52.96,88.51,48.35,28.47,2.39,AVERAGE
S3241,Charan,97.9,49.87,60.24,70.38,3.26,AVERAGE
S3242,Riya,99.73,46.08,71.52,87.5,2.21,AVERAGE
S3243,Arnav,68.23,77.84,40.26,55.22,5.48,AVERAGE
S3244,Janani,97.19,83.61,81.54,15.65,1.9,GOOD
S3245,Preethi,58.39,43.18,97.41,2.49,3.29,AVERAGE
S3246,Vignesh,57.73,52.06,54.99,67.32,3.61,AVERAGE
S3247,Deepak,53.66,72.24,40.53,22.46,5.37,AVERAGE
S3248,Bhavya,69.56,43.77,85.19,3.91,2.3,AVERAGE
S3249,Priya,52.62,65.44,86.2,34.33,5.85,AVERAGE
S3250,Shreya,69.73,68.92,42.61,58.21,2.46,AVERAGE
S3251,Varun,56.92,95.31,77.04,55.15,1.81,AVERAGE
S3252,Harish,86.53,58.94,54.57,16.74,2.27,AVERAGE
S3253,Shreya,91.67,50.12,77.97,60.4,5.41,GOOD
S3254,Kavya,84.39,40.45,83.58,41.08,1.76,AVERAGE
S3255,Ganesh,60.02,47.3,53.36,47.76,1.16,AT RISK
S3256,Muthu,88.34,85.05,55.65,87.44,2.46,GOOD
S3257,Bharath,62.48,66.7,76.69,7.85,3.72,AVERAGE
S3258,Aarav,87.97,51.92,74.94,52.79,2.78,AVERAGE
S3259,Gayathri,78.37,95.98,93.17,17.36,1.8,GOOD
S3260,Aarohi,68.34,87.25,70.62,18.28,2.82,AVERAGE
S3261,Gayathri,54.17,46.86,87.99,61.05,4.46,AVERAGE
S3262,Abhinav,91.38,56.14,83.92,66.97,3.18,GOOD
S3263,Sneha,96.98,90.97,79.94,60.62,3.86,GOOD
S3264,Arjun,83.3,81.55,51.51,92.35,5.74,GOOD
S3265,Ananya,98.23,96.73,56.58,79.47,4.74,GOOD
S3266,Ganesh,96.71,44.57,74.01,19.86,5.02,AVERAGE
S3267,Jeeva,59.73,86.52,43.96,63.59,2.44,AVERAGE
S3268,Arnav,86.56,44.58,42.7,62.03,3.56,AVERAGE
S3269,Anusha,67.47,60.2,42.99,64.65,2.72,AVERAGE
S3270,Lakshmi,74.38,85.04,95.28,42.91,3.42,GOOD
S3271,Krishna,57.85,82.66,81.33,94.76,1.56,GOOD
S3272,Kavya,98.74,40.13,90.21,46.37,3.59,AVERAGE
S3273,Rohan,86.31,52.12,97.81,78.94,3.63,GOOD
S3274,Deepak,63.35,86.71,82.06,48.13,3.87,GOOD
S3275,Priya,68.57,47.57,70.92,78.74,2.17,AVERAGE
S3276,Diya,71.12,59.58,68.74,39.56,2.11,AVERAGE
S3277,Akash,87.38,51.03,84.76,0.08,2.84,AVERAGE
S3278,Nandini,96.28,46.69,92.07,49.99,3.69,GOOD
S3279,Dharani,66.07,90.2,89.78,54.8,2.68,GOOD
S3280,Mahesh,73.63,43.68,69.58,11.56,4.53,AVERAGE
S3281,Mohan,79.66,72.16,86.41,66.52,3.93,GOOD
S3282,Lakshmi,69.67,81.56,68.6,85.37,1.56,GOOD
S3283,Monisha,75.21,43.46,63.06,86.83,2.12,AVERAGE
S3284,Ganesh,55.29,78.01,57.86,37.69,4.02,AVERAGE
S3285,Preethi,58.38,60.04,43.27,41.0,3.66,AVERAGE
S3286,Shankar,70.06,90.01,52.07,85.84,2.7,GOOD
S3287,Pradeep,95.75,87.86,83.8,99.83,1.86,EXCELLENT
S3288,Varsha,67.47,87.63,50.3,5.26,5.6,AVERAGE
S3289,Pranav,62.49,63.92,94.07,6.18,3.25,AVERAGE
S3290,Nikhil,87.14,89.35,44.71,5.43,2.06,AVERAGE
S3291,Lakshmi,97.46,77.8,43.07,46.25,4.6,GOOD
S3292,Gaurav,72.96,62.72,68.86,78.46,2.28,AVERAGE
S3293,Kishore,50.43,44.84,53.36,9.37,2.33,AT RISK
S3294,Janani,84.41,44.01,46.18,68.89,5.14,AVERAGE
S3295,Nithin,70.75,55.08,43.59,17.12,5.54,AVERAGE
S3296,Chetan,83.68,57.98,71.64,3.3,3.34,AVERAGE
S3297,Sanjay,63.89,95.65,55.57,59.56,4.16,GOOD
S3298,Divya,50.12,100.0,73.35,59.39,2.81,GOOD
S3299,Sanjana,67.22,48.62,48.9,28.33,4.17,AVERAGE
S3300,Isha,85.24,96.57,41.47,32.22,4.64,GOOD
S3301,Avinash,69.66,82.39,41.64,35.4,4.61,AVERAGE
S3302,Vedant,60.96,69.92,46.76,92.92,1.2,AVERAGE
S3303,Reshma,73.2,97.28,87.76,86.63,1.49,GOOD
S3304,Shivani,87.62,82.82,66.91,52.75,4.54,GOOD
S3305,Ananya,55.97,75.62,77.43,96.35,3.66,GOOD
S3306,Lakshmi,84.59,52.57,92.5,58.17,5.72,GOOD
S3307,Bhavya,83.37,54.67,52.76,10.15,1.52,AVERAGE
S3308,Keerthi,68.54,94.69,92.28,48.72,5.95,GOOD
S3309,Swathi,98.52,52.9,84.74,89.45,1.67,GOOD
S3310,Karthik,94.74,41.94,83.74,66.27,1.16,AVERAGE
S3311,Akshara,65.81,55.97,92.24,95.27,5.49,GOOD
S3312,Sneha,51.55,68.83,47.55,53.09,3.52,AVERAGE
S3313,Akash,65.42,62.92,72.43,91.18,2.43,AVERAGE
S3314,Divya,60.24,96.15,69.01,76.66,3.86,GOOD
S3315,Aarav,77.36,65.11,79.84,82.27,2.89,GOOD
S3316,Amrita,95.94,93.34,54.28,99.15,5.94,EXCELLENT
S3317,Rahul,93.52,75.68,47.64,30.22,4.87,AVERAGE
S3318,Ramya,65.29,71.45,98.41,62.81,4.28,GOOD
S3319,Malar,71.43,49.61,67.94,25.65,2.61,AVERAGE
S3320,Ananya,51.83,56.26,53.92,85.39,1.13,AVERAGE
S3321,Abhinav,77.21,92.03,47.72,58.59,4.99,GOOD
S3322,Manish,53.17,86.8,75.62,17.58,1.24,AVERAGE
S3323,Bharath,96.93,66.85,48.87,42.12,1.57,AVERAGE
S3324,Kishore,93.35,94.54,50.98,18.17,3.94,GOOD
S3325,Pradeep,60.71,89.15,97.13,45.8,4.78,GOOD
S3326,Meera,84.97,46.73,41.75,7.76,3.04,AT RISK
S3327,Chetan,78.4,76.36,51.21,96.53,3.95,GOOD
S3328,Aarohi,90.07,87.93,80.27,59.66,5.87,GOOD
S3329,Avinash,73.78,88.5,53.01,99.07,2.41,GOOD
S3330,Akshara,59.59,45.48,50.92,17.38,1.22,AT RISK
S3331,Ravi,81.99,53.48,73.39,38.44,2.11,AVERAGE
S3332,Isha,54.01,64.78,81.76,93.12,3.23,AVERAGE
S3333,Pradeep,79.23,55.1,65.84,69.2,4.89,AVERAGE
S3334,Varun,60.64,46.54,86.88,7.0,3.1,AVERAGE
S3335,Swathi,84.25,77.73,88.91,88.32,3.94,GOOD
S3336,Riya,91.4,70.45,77.39,18.88,3.83,AVERAGE
S3337,Pavithra,55.48,49.3,74.67,26.18,3.44,AVERAGE
S3338,Aditya,70.01,75.18,88.98,73.18,1.8,GOOD
S3339,Ananya,86.68,43.72,40.9,71.07,1.34,AVERAGE
S3340,Priya,58.19,62.98,70.64,66.06,2.01,AVERAGE
S3341,Nikhil,78.33,87.55,47.72,0.54,2.35,AVERAGE
S3342,Tanvi,83.59,93.4,53.29,24.94,1.94,AVERAGE
S3343,Kavin,67.74,54.71,96.94,34.49,1.96,AVERAGE
S3344,Vijay,91.6,91.57,40.22,40.03,4.04,GOOD
S3345,Ishaan,75.53,93.51,58.42,7.39,3.27,AVERAGE
S3346,Lakshmi,81.35,76.41,49.26,67.54,2.25,AVERAGE
S3347,Madhavan,57.04,98.93,74.23,89.12,2.18,GOOD
S3348,Diya,51.16,54.77,90.66,98.97,1.72,AVERAGE
S3349,Shreya,52.54,44.14,63.45,79.8,4.46,AVERAGE
S3350,Swathi,95.2,90.61,90.23,20.26,3.38,GOOD
S3351,Madhavan,94.13,69.46,66.41,51.13,4.32,GOOD
S3352,Janani,90.38,60.79,94.54,91.57,2.89,GOOD
S3353,Rohan,59.98,43.31,90.82,6.66,1.43,AT RISK
S3354,Keerthi,76.27,43.88,50.73,22.83,5.12,AVERAGE
S3355,Nandini,89.81,45.44,93.1,26.47,1.21,AVERAGE
S3356,Pranav,83.73,51.02,51.55,60.96,2.84,AVERAGE
S3357,Dhanush,55.78,98.22,69.42,95.15,3.93,GOOD
S3358,Anjali,94.78,56.88,51.76,48.26,4.32,AVERAGE
S3359,Diya,58.03,89.02,63.19,56.39,3.41,AVERAGE
S3360,Aishwarya,58.59,41.16,99.14,63.99,4.99,AVERAGE
S3361,Madhavan,95.05,59.31,85.91,85.15,3.4,GOOD
S3362,Yogesh,74.23,94.37,73.24,28.63,5.18,GOOD
S3363,Arnav,68.64,51.1,96.13,62.62,2.23,AVERAGE
S3364,Madhavan,77.68,57.04,61.58,92.53,3.36,AVERAGE
S3365,Amrita,99.07,89.59,50.39,93.89,1.15,GOOD
S3366,Manish,55.98,47.28,89.74,38.26,3.89,AVERAGE
S3367,Deepak,87.85,43.19,40.73,11.18,3.01,AT RISK
S3368,Chetan,66.72,97.96,88.28,92.44,4.41,GOOD
S3369,Deepak,55.85,64.29,41.31,92.1,4.71,AVERAGE
S3370,Aditya,71.1,79.47,57.06,9.72,3.17,AVERAGE
S3371,Pradeep,77.44,47.63,61.33,8.13,4.04,AVERAGE
S3372,Akshara,60.3,53.21,59.11,18.51,4.66,AVERAGE
S3373,Nikhil,70.26,67.6,54.61,64.68,5.18,AVERAGE
S3374,Harini,81.78,80.51,46.49,30.26,1.53,AVERAGE
S3375,Gayathri,78.82,57.59,40.19,24.02,3.74,AVERAGE
S3376,Ramya,86.16,93.08,86.48,79.96,5.62,EXCELLENT
S3377,Ashwin,91.82,86.87,67.41,24.39,2.42,GOOD
S3378,Darshan,70.46,73.09,49.72,96.04,4.14,GOOD
S3379,Bharath,71.15,67.55,44.93,43.84,2.41,AVERAGE
S3380,Deepak,74.83,77.17,56.71,42.26,5.02,AVERAGE
S3381,Rakesh,78.32,83.9,61.26,94.36,4.72,GOOD
S3382,Shivani,55.42,48.1,67.69,12.01,5.75,AVERAGE
S3383,Nikhil,65.63,91.16,46.06,11.49,4.49,AVERAGE
S3384,Deepika,58.59,69.36,98.8,43.36,3.45,AVERAGE
S3385,Reshma,69.29,96.12,56.12,58.71,3.71,GOOD
S3386,Vidya,98.67,97.33,66.48,50.81,4.9,GOOD
S3387,Anusha,79.14,41.84,82.54,95.49,4.69,GOOD
S3388,Vidya,71.47,63.07,58.61,99.32,1.59,AVERAGE
S3389,Reshma,78.3,71.57,44.95,4.09,2.5,AVERAGE
S3390,Riya,83.45,72.38,62.59,16.55,4.41,AVERAGE
S3391,Dev,71.75,89.34,73.17,55.36,1.5,GOOD
S3392,Zoya,72.39,48.47,90.51,95.01,4.3,GOOD
S3393,Divya,85.07,77.35,62.08,27.99,5.32,AVERAGE
S3394,Sakshi,53.04,96.56,93.37,36.71,2.84,GOOD
S3395,Bharath,77.0,99.8,72.76,23.11,2.09,GOOD
S3396,Vasanth,77.37,40.61,83.05,96.74,5.27,GOOD
S3397,Karthik,87.84,98.35,41.81,15.39,3.41,AVERAGE
S3398,Ishaan,99.13,47.33,93.74,56.46,5.16,GOOD
S3399,Kavin,89.79,72.22,52.81,2.3,1.39,AVERAGE
S3400,Aarav,75.19,54.78,59.55,60.17,2.06,AVERAGE
S3401,Vedant,58.47,76.38,71.42,39.25,1.01,AVERAGE
S3402,Kishore,79.41,42.22,97.59,56.57,3.24,AVERAGE
S3403,Varun,91.71,54.3,60.74,8.03,5.41,AVERAGE
S3404,Neha,96.62,58.03,53.23,9.11,4.23,AVERAGE
S3405,Pradeep,91.27,94.94,97.64,9.22,1.09,GOOD
S3406,Naveen,59.45,75.02,88.51,83.52,1.12,AVERAGE
S3407,Janani,85.63,82.49,79.81,72.42,4.6,GOOD
S3408,Rohan,94.01,80.56,64.58,12.84,1.46,AVERAGE
S3409,Aarohi,84.05,63.54,65.23,31.6,2.1,AVERAGE
S3410,Swathi,84.29,40.84,97.04,43.64,4.49,AVERAGE
S3411,Aditya,75.01,46.42,44.14,9.86,2.24,AT RISK
S3412,Varsha,81.85,67.53,85.45,84.0,3.45,GOOD
S3413,Yash,64.72,96.48,76.07,36.29,2.98,GOOD
S3414,Naveen,54.44,54.93,98.11,67.05,2.72,AVERAGE
S3415,Sameer,91.39,81.9,73.5,64.2,2.26,GOOD
S3416,Zoya,97.16,89.6,56.83,91.43,3.04,GOOD
S3417,Isha,92.84,94.41,86.8,74.19,1.91,GOOD
S3418,Karthik,66.7,57.61,99.14,3.44,5.77,AVERAGE
S3419,Pranav,54.68,95.88,94.45,15.51,2.58,AVERAGE
S3420,Ishaan,64.01,76.48,57.68,44.49,4.64,AVERAGE
S3421,Madhavan,92.14,70.5,60.78,9.3,2.46,AVERAGE
S3422,Arjun,82.79,86.7,85.29,39.18,2.31,GOOD
S3423,Pradeep,98.33,54.32,75.89,97.74,3.41,GOOD
S3424,Meera,67.13,88.75,40.7,20.55,4.66,AVERAGE
S3425,Vedant,77.57,79.0,48.51,70.47,1.02,AVERAGE
S3426,Bhavya,89.5,87.96,45.13,25.99,1.86,AVERAGE
S3427,Neha,61.7,91.34,50.72,3.42,4.87,AVERAGE
S3428,Madhavan,98.2,77.04,58.29,9.84,2.76,AVERAGE
S3429,Jatin,79.62,42.2,98.03,10.39,5.28,AVERAGE
S3430,Ashwin,50.39,57.86,80.59,29.9,1.67,AVERAGE
S3431,Srinivas,51.26,92.68,43.29,96.06,5.06,GOOD
S3432,Chetan,94.11,77.62,76.44,62.07,4.11,GOOD
S3433,Krishna,82.26,93.4,66.2,12.3,1.84,AVERAGE
S3434,Riya,88.15,63.07,85.24,7.03,1.06,AVERAGE
S3435,Vedant,89.2,70.28,93.04,97.08,5.41,EXCELLENT
S3436,Anirudh,71.02,91.76,43.91,17.14,2.44,AVERAGE
S3437,Dharani,89.93,85.72,98.8,27.05,2.21,GOOD
S3438,Rajesh,96.88,62.65,43.47,84.17,1.92,AVERAGE
S3439,Akshara,58.61,41.36,83.94,55.49,2.78,AVERAGE
S3440,Nandini,88.21,92.82,94.19,22.67,3.62,GOOD
S3441,Aarav,65.39,87.18,85.1,66.45,3.39,GOOD
S3442,Aarav,66.07,66.95,49.05,37.15,5.26,AVERAGE
S3443,Dhanush,70.64,72.77,52.48,58.16,1.99,AVERAGE
S3444,Vikram,93.19,52.26,42.47,9.68,4.73,AVERAGE
S3445,Sanjana,51.1,64.73,47.86,88.02,5.55,AVERAGE
S3446,Malar,71.7,49.79,43.66,59.55,1.18,AVERAGE
S3447,Aishwarya,84.0,52.63,43.22,0.43,4.76,AVERAGE
S3448,Malar,55.52,90.78,73.73,55.91,2.37,AVERAGE
S3449,Deepak,89.61,61.75,44.6,36.21,3.24,AVERAGE
S3450,Preethi,97.1,88.88,65.5,90.55,1.31,GOOD
S3451,Sanjana,54.55,68.43,82.58,13.85,2.47,AVERAGE
S3452,Ananya,57.65,44.25,40.91,33.37,1.56,AT RISK
S3453,Rohan,98.7,61.69,78.33,76.45,2.16,GOOD
S3454,Preethi,59.89,49.5,85.43,22.52,1.16,AVERAGE
S3455,Sakshi,53.95,81.61,72.2,31.32,5.69,AVERAGE
S3456,Rajesh,97.61,94.68,68.54,77.12,5.48,EXCELLENT
S3457,Varsha,94.63,85.78,83.85,71.23,4.25,GOOD
S3458,Sakshi,82.79,86.71,71.78,35.97,2.63,GOOD
S3459,Akash,77.57,91.71,70.56,46.74,5.72,GOOD
S3460,Meera,95.96,86.6,88.11,55.24,5.86,EXCELLENT
S3461,Dhanush,82.78,74.11,90.25,88.8,4.97,GOOD
S3462,Sakshi,82.92,82.86,62.11,66.15,4.41,GOOD
S3463,Vijay,92.18,64.96,64.93,59.25,2.64,AVERAGE
S3464,Rohan,82.66,44.25,88.05,81.09,5.42,GOOD
S3465,Dev,75.18,82.33,72.69,30.43,3.5,AVERAGE
S3466,Keerthi,69.49,83.3,81.21,44.4,4.16,GOOD
S3467,Dharani,75.16,53.42,44.51,68.67,1.87,AVERAGE
S3468,Aarohi,76.12,97.24,45.72,40.39,1.11,AVERAGE
S3469,Dhanush,68.04,43.15,71.91,47.91,5.94,AVERAGE
S3470,Sanjana,72.41,84.16,89.15,16.04,4.11,GOOD
S3471,Ananya,90.09,98.11,58.99,61.0,4.43,GOOD
S3472,Pranav,70.83,58.55,97.64,64.02,1.25,AVERAGE
S3473,Diya,51.28,94.75,85.62,85.62,3.11,GOOD
S3474,Arjun,64.15,89.59,86.9,8.54,2.42,AVERAGE
S3475,Priya,61.59,84.65,90.04,89.96,5.18,GOOD
S3476,Srinivas,89.68,97.23,55.27,8.59,3.43,AVERAGE
S3477,Deepak,72.46,79.24,59.82,74.53,2.92,AVERAGE
S3478,Aman,64.02,69.69,47.11,58.9,1.74,AVERAGE
S3479,Ashwin,90.54,80.54,62.82,40.61,2.92,GOOD
S3480,Bharath,50.96,64.71,42.15,92.35,2.81,AVERAGE
S3481,Ravi,58.71,59.49,85.09,45.66,4.94,AVERAGE
S3482,Deepika,91.35,44.93,88.15,2.47,5.24,AVERAGE
S3483,Lakshmi,77.53,62.68,52.82,52.06,2.9,AVERAGE
S3484,Meera,88.68,88.19,69.39,53.25,3.05,GOOD
S3485,Nandini,91.91,96.73,80.32,74.44,5.88,EXCELLENT
S3486,Harish,97.1,98.51,84.55,35.82,2.89,GOOD
S3487,Akash,53.17,52.39,98.17,7.39,4.14,AVERAGE
S3488,Srinivas,89.96,74.29,52.04,34.95,1.67,AVERAGE
S3489,Mohan,85.44,74.54,54.8,60.26,3.14,AVERAGE
S3490,Meera,60.35,50.56,91.23,54.48,2.21,AVERAGE
S3491,Isha,96.59,74.9,45.83,84.7,2.21,GOOD
S3492,Surya,70.21,61.77,87.15,27.02,2.17,AVERAGE
S3493,Zoya,94.38,96.54,48.0,56.93,3.37,GOOD
S3494,Pranav,80.26,55.31,67.87,97.56,2.47,AVERAGE
S3495,Diya,76.34,90.1,75.53,31.37,5.08,GOOD
S3496,Nithin,57.98,93.81,86.07,43.61,3.24,GOOD
S3497,Sahana,95.72,84.15,46.87,99.42,1.27,GOOD
S3498,Abhinav,77.83,52.88,89.44,14.44,3.19,AVERAGE
S3499,Surya,50.3,55.62,91.03,57.36,1.5,AVERAGE
S3500,Harini,50.91,98.27,87.61,37.03,1.74,AVERAGE
S3501,Ananya,88.88,44.55,96.24,4.61,1.68,AVERAGE
S3502,Madhavan,58.1,47.03,92.33,76.08,4.96,AVERAGE
S3503,Arjun,79.94,98.71,86.08,19.88,3.15,GOOD
S3504,Akash,84.05,86.61,74.76,89.21,1.0,GOOD
S3505,Arnav,63.97,84.78,88.52,41.78,3.56,GOOD
S3506,Riya,78.47,49.61,98.52,14.46,2.01,AVERAGE
S3507,Zoya,62.01,69.34,78.24,24.6,4.59,AVERAGE
S3508,Pooja,97.32,90.45,54.56,83.29,5.71,GOOD
S3509,Aryan,93.01,59.73,54.87,37.39,1.85,AVERAGE
S3510,Dev,64.4,51.57,87.76,25.63,2.38,AVERAGE
S3511,Ramya,76.44,40.66,99.37,24.89,4.56,AVERAGE
S3512,Yogesh,75.03,77.35,52.62,58.32,4.16,AVERAGE
S3513,Madhavan,98.0,57.63,98.21,25.68,5.14,GOOD
S3514,Arjun,69.7,91.82,56.1,93.53,4.25,GOOD
S3515,Pavithra,78.11,57.01,64.77,4.94,1.95,AVERAGE
S3516,Harini,96.44,49.09,94.49,15.59,5.18,AVERAGE
S3517,Srinivas,58.14,97.63,97.71,42.9,1.8,GOOD
S3518,Avinash,77.52,97.89,74.02,20.83,1.42,AVERAGE
S3519,Gayathri,55.28,81.1,97.01,77.86,5.7,GOOD
S3520,Rakesh,80.87,95.7,90.55,91.65,3.92,EXCELLENT
S3521,Aditya,68.28,49.71,91.98,60.02,2.66,AVERAGE
S3522,Diya,98.38,67.62,92.09,85.4,2.28,GOOD
S3523,Pooja,70.77,52.25,63.17,80.06,1.42,AVERAGE
S3524,Akshara,56.81,68.73,41.84,15.86,3.8,AVERAGE
S3525,Lakshmi,91.7,87.47,49.88,7.81,5.35,AVERAGE
S3526,Rohan,91.04,90.7,44.47,62.9,4.4,GOOD
S3527,Vasanth,84.74,40.25,54.54,98.25,4.81,AVERAGE
S3528,Amrita,87.44,63.37,43.32,83.19,3.99,AVERAGE
S3529,Vignesh,63.24,99.64,56.62,61.63,1.05,AVERAGE
S3530,Shivani,82.1,75.36,75.34,11.09,3.23,AVERAGE
S3531,Nithin,51.9,57.77,48.46,77.97,1.18,AVERAGE
S3532,Surya,59.84,63.34,58.94,68.3,1.41,AVERAGE
S3533,Deepak,96.61,59.35,53.45,93.39,1.88,AVERAGE
S3534,Nithin,86.96,66.86,45.71,70.94,5.45,GOOD
S3535,Anusha,61.53,66.67,80.57,10.35,2.08,AVERAGE
S3536,Lakshmi,55.57,70.41,93.58,60.92,3.26,AVERAGE
S3537,Sanjay,97.45,67.87,82.96,40.38,5.38,GOOD
S3538,Swathi,55.61,70.97,81.05,42.14,4.39,AVERAGE
S3539,Sanjay,62.85,41.68,98.98,63.3,1.66,AVERAGE
S3540,Karthik,59.13,43.27,83.88,89.97,3.31,AVERAGE
S3541,Anusha,50.37,62.27,42.83,75.98,4.85,AVERAGE
S3542,Vidya,65.71,93.1,53.09,2.23,3.22,AVERAGE
S3543,Neha,98.71,87.45,78.25,14.7,2.09,GOOD
S3544,Nithin,67.1,46.61,78.34,36.32,4.22,AVERAGE
S3545,Nikhil,75.22,69.69,89.96,68.47,3.04,GOOD
S3546,Muthu,87.3,76.28,49.53,63.42,3.57,GOOD
S3547,Vijay,77.55,68.87,98.87,50.37,1.62,GOOD
S3548,Sakshi,87.18,81.85,70.98,43.01,5.53,GOOD
S3549,Aryan,83.08,99.84,95.22,78.96,5.61,EXCELLENT
S3550,Bharath,80.43,45.79,71.76,9.57,2.52,AVERAGE
S3551,Lakshmi,82.48,70.93,51.21,59.5,2.46,AVERAGE
S3552,Dhanush,89.96,70.74,61.06,80.85,1.85,GOOD
S3553,Dev,85.51,73.74,53.27,27.24,3.93,AVERAGE
S3554,Darshan,89.59,50.02,55.85,20.23,2.0,AVERAGE
S3555,Arjun,57.28,78.3,93.42,67.35,4.07,GOOD
S3556,Muthu,83.88,42.66,62.64,17.56,5.73,AVERAGE
S3557,Ravi,86.85,84.47,50.96,48.82,1.9,AVERAGE
S3558,Abhinav,65.0,79.79,61.87,92.28,2.13,AVERAGE
S3559,Vijay,93.73,59.83,77.04,6.07,1.46,AVERAGE
S3560,Vignesh,65.24,99.34,52.05,90.91,2.57,GOOD
S3561,Mohan,62.19,89.73,43.06,19.04,5.41,AVERAGE
S3562,Charan,93.35,72.37,92.33,48.23,1.08,GOOD
S3563,Pooja,62.35,99.43,54.35,13.22,4.18,AVERAGE
S3564,Rahul,70.78,89.81,96.18,70.99,2.92,GOOD
S3565,Rahul,68.4,48.28,42.83,99.78,2.59,AVERAGE
S3566,Nithin,94.9,75.46,79.05,30.21,1.86,AVERAGE
S3567,Anirudh,72.76,74.85,79.91,92.47,5.16,GOOD
S3568,Naveen,84.72,79.18,49.36,73.0,5.11,GOOD
S3569,Surya,89.7,96.45,79.91,96.54,1.2,GOOD
S3570,Nithin,81.4,69.52,63.26,67.18,3.88,GOOD
S3571,Varsha,97.18,44.64,62.91,68.2,3.07,AVERAGE
S3572,Kavin,90.13,68.76,92.65,94.37,1.03,GOOD
S3573,Nikhil,70.01,87.27,97.14,72.74,2.53,GOOD
S3574,Malar,97.54,61.52,50.21,84.75,1.94,AVERAGE
S3575,Lakshmi,76.23,41.63,81.05,28.46,4.82,AVERAGE
S3576,Jatin,51.13,58.19,49.28,16.89,3.24,AT RISK
S3577,Riya,63.0,80.93,42.1,64.01,4.99,AVERAGE
S3578,Yogesh,81.09,45.16,48.97,25.26,5.84,AVERAGE
S3579,Vedant,57.84,62.56,78.08,42.98,3.01,AVERAGE
S3580,Neha,79.2,47.99,83.59,85.56,3.78,GOOD
S3581,Rohan,68.08,68.56,70.42,63.11,5.86,GOOD
S3582,Kavya,76.72,48.49,97.1,94.39,1.83,GOOD
S3583,Bharath,50.09,46.54,85.85,35.47,1.27,AVERAGE
S3584,Mohan,92.42,81.87,49.7,28.06,3.35,AVERAGE
S3585,Varun,68.1,49.48,52.48,21.37,3.44,AVERAGE
S3586,Nandini,57.01,49.29,75.76,97.64,5.65,AVERAGE
S3587,Lakshmi,71.9,75.55,60.0,42.96,3.28,AVERAGE
S3588,Anusha,74.31,42.62,40.05,92.01,3.22,AVERAGE
S3589,Meera,81.87,41.98,41.46,34.49,3.49,AVERAGE
S3590,Aman,76.23,65.89,64.49,28.77,3.23,AVERAGE
S3591,Naveen,52.18,61.91,71.42,77.08,5.49,AVERAGE
S3592,Swathi,93.58,72.68,79.2,61.81,4.09,GOOD
S3593,Ananya,72.83,99.61,85.79,52.47,4.98,GOOD
S3594,Keerthi,53.85,66.08,98.13,44.02,1.77,AVERAGE
S3595,Chetan,88.64,74.56,90.33,46.64,5.38,GOOD
S3596,Shreya,83.01,95.15,61.36,83.44,5.85,GOOD
S3597,Jeeva,82.47,68.99,72.08,15.31,5.78,AVERAGE
S3598,Yogesh,71.35,86.87,52.96,5.1,5.91,AVERAGE
S3599,Neha,70.52,72.92,98.13,0.59,4.49,AVERAGE
S3600,Ravi,76.82,78.23,72.13,49.5,4.36,GOOD
S3601,Dhanush,52.53,95.95,54.98,81.8,1.34,AVERAGE
S3602,Monisha,64.95,40.04,83.44,67.1,2.41,AVERAGE
S3603,Vedant,99.39,94.06,69.27,99.04,4.94,EXCELLENT
S3604,Madhavan,83.11,69.86,99.8,61.0,2.81,GOOD
S3605,Madhavan,70.95,76.41,44.48,50.91,4.1,AVERAGE
S3606,Swathi,61.12,67.0,60.13,58.16,3.93,AVERAGE
S3607,Ishaan,87.26,55.66,96.51,88.22,3.9,GOOD
S3608,Srinivas,63.01,43.96,67.67,1.46,2.85,AT RISK
S3609,Pradeep,58.12,96.71,58.71,46.65,5.42,GOOD
S3610,Anusha,57.73,77.43,76.29,41.12,2.24,AVERAGE
S3611,Surya,86.46,92.41,79.87,95.33,4.85,EXCELLENT
S3612,Deepika,82.14,57.45,45.57,18.73,1.13,AVERAGE
S3613,Vikram,53.49,56.68,55.56,2.55,5.19,AVERAGE
S3614,Arjun,55.75,60.15,58.54,63.17,4.79,AVERAGE
S3615,Charan,81.69,53.86,54.75,62.5,5.89,AVERAGE
S3616,Gayathri,78.56,69.88,62.97,31.93,1.6,AVERAGE
S3617,Akash,84.3,96.17,60.08,53.98,5.02,GOOD
S3618,Bharath,58.9,92.56,83.89,59.67,2.55,GOOD
S3619,Vasanth,86.33,69.71,75.94,35.3,2.24,AVERAGE
S3620,Rajesh,96.8,60.93,65.75,42.05,2.03,AVERAGE
S3621,Nikhil,80.05,76.7,52.0,14.18,4.59,AVERAGE
S3622,Arjun,59.81,76.74,65.24,77.1,5.71,GOOD
S3623,Surya,83.98,81.03,50.83,38.92,4.26,AVERAGE
S3624,Surya,67.15,72.14,97.13,64.55,2.33,GOOD
S3625,Vignesh,52.46,41.61,50.43,42.66,3.0,AT RISK
S3626,Anusha,65.12,44.56,91.52,16.23,2.21,AVERAGE
S3627,Aarav,95.28,98.43,76.93,70.06,1.35,GOOD
S3628,Zoya,70.56,84.77,88.65,41.73,4.84,GOOD
S3629,Abhinav,93.23,96.89,93.31,18.54,1.52,GOOD
S3630,Varsha,75.43,60.37,88.24,93.35,4.25,GOOD
S3631,Ganesh,75.85,72.1,75.36,89.33,3.14,GOOD
S3632,Shivani,50.26,59.32,56.02,72.72,1.36,AVERAGE
S3633,Vedant,81.86,94.54,79.6,57.61,2.51,GOOD
S3634,Amrita,55.39,57.26,40.29,62.52,1.38,AVERAGE
S3635,Aarohi,73.94,81.63,62.65,36.02,4.15,AVERAGE
S3636,Manish,63.02,50.5,91.48,26.3,4.34,AVERAGE
S3637,Kishore,69.62,46.32,74.83,59.21,5.47,AVERAGE
S3638,Bhavya,76.85,49.34,55.64,74.0,2.43,AVERAGE
S3639,Ramya,50.72,71.77,93.53,49.51,1.88,AVERAGE
S3640,Gaurav,64.23,90.67,40.92,89.55,3.37,GOOD
S3641,Sanjay,99.48,99.96,92.98,38.84,5.07,EXCELLENT
S3642,Diya,52.87,77.36,85.57,37.65,3.83,AVERAGE
S3643,Rohan,65.97,72.02,48.78,42.55,5.72,AVERAGE
S3644,Riya,66.07,87.21,43.77,70.42,1.44,AVERAGE
S3645,Aarav,68.97,43.82,97.07,2.75,4.6,AVERAGE
S3646,Vedant,84.24,88.56,44.02,35.38,4.32,AVERAGE
S3647,Monisha,62.39,85.5,98.43,74.29,2.22,GOOD
S3648,Varsha,73.01,71.77,65.24,55.48,2.04,AVERAGE
S3649,Manish,82.24,41.38,61.21,30.99,2.91,AVERAGE
S3650,Sahana,66.12,52.13,79.0,65.67,2.61,AVERAGE
S3651,Reshma,97.44,62.18,69.76,90.11,2.67,GOOD
S3652,Darshan,98.98,96.47,63.4,50.51,4.61,GOOD
S3653,Naveen,55.98,78.31,78.41,73.92,1.45,AVERAGE
S3654,Ramya,67.19,70.61,61.0,19.84,4.74,AVERAGE
S3655,Vedant,60.4,69.31,42.06,47.3,3.5,AVERAGE
S3656,Akash,59.34,86.8,89.48,29.13,1.87,AVERAGE
S3657,Jatin,74.55,59.42,70.88,99.28,4.35,GOOD
S3658,Dharani,78.19,45.67,81.2,21.87,2.87,AVERAGE
S3659,Chetan,71.28,80.62,74.51,94.74,1.66,GOOD
S3660,Rahul,63.63,59.74,76.85,40.87,3.94,AVERAGE
S3661,Malar,63.93,59.54,53.14,49.83,2.6,AVERAGE
S3662,Avinash,99.61,67.28,96.08,52.39,2.42,GOOD
S3663,Sanjay,96.18,54.56,66.86,24.18,3.39,AVERAGE
S3664,Dhanush,53.79,95.3,95.21,23.89,3.6,GOOD
S3665,Swathi,82.83,90.82,88.42,37.6,4.51,GOOD
S3666,Harish,72.84,99.47,83.2,74.52,3.46,GOOD
S3667,Yogesh,84.44,97.87,67.61,70.08,3.67,GOOD
S3668,Aman,79.85,58.87,41.36,99.76,3.85,AVERAGE
S3669,Yogesh,94.46,62.84,58.91,8.84,5.64,AVERAGE
S3670,Muthu,53.35,81.9,79.89,75.93,1.51,AVERAGE
S3671,Ramya,67.48,40.95,59.84,19.49,4.32,AVERAGE
S3672,Ramya,99.27,99.63,45.95,51.1,1.19,GOOD
S3673,Deepika,59.11,40.65,71.07,19.64,2.3,AT RISK
S3674,Varsha,56.37,71.89,49.27,93.61,4.95,AVERAGE
S3675,Vikram,86.45,80.12,58.37,50.72,2.81,AVERAGE
S3676,Yogesh,88.87,94.85,70.11,46.95,1.13,GOOD
S3677,Reshma,83.61,78.65,46.98,30.74,3.57,AVERAGE
S3678,Vignesh,88.81,75.82,46.75,44.9,3.19,AVERAGE
S3679,Naveen,84.69,58.02,52.61,11.07,5.63,AVERAGE
S3680,Arnav,56.79,75.46,75.51,68.42,5.71,GOOD
S3681,Arjun,80.41,84.98,95.99,57.07,2.39,GOOD
S3682,Neha,88.84,70.94,54.34,9.96,5.1,AVERAGE
S3683,Pavithra,93.28,86.78,83.19,10.24,3.57,GOOD
S3684,Shreya,62.31,44.18,51.36,29.3,3.7,AT RISK
S3685,Sameer,56.37,60.12,78.13,47.31,1.57,AVERAGE
S3686,Harish,89.05,97.59,48.26,22.27,5.18,GOOD
S3687,Vedant,62.83,59.41,90.72,13.13,4.03,AVERAGE
S3688,Anirudh,51.6,77.31,84.55,9.63,5.78,AVERAGE
S3689,Darshan,91.26,71.19,80.84,30.51,4.91,GOOD
S3690,Jeeva,75.3,96.2,40.88,62.96,3.33,GOOD
S3691,Yash,66.33,49.77,90.18,67.84,5.29,AVERAGE
S3692,Shivani,50.57,57.96,49.05,28.29,2.59,AT RISK
S3693,Priya,51.77,91.74,72.01,44.06,5.31,GOOD
S3694,Varsha,89.63,79.97,86.6,62.85,1.58,GOOD
S3695,Nandini,74.49,72.58,77.9,36.0,2.68,AVERAGE
S3696,Aryan,57.49,63.69,89.14,97.86,5.34,GOOD
S3697,Pranav,67.93,64.68,82.53,69.27,1.12,AVERAGE
S3698,Aryan,58.27,96.1,85.36,57.84,5.34,GOOD
S3699,Arnav,55.64,80.26,57.93,49.79,1.2,AVERAGE
S3700,Sahana,63.82,95.75,62.75,49.19,4.29,GOOD
S3701,Muthu,77.48,98.33,70.09,29.17,4.19,GOOD
S3702,Divya,60.5,72.82,75.17,7.72,1.29,AVERAGE
S3703,Preethi,67.18,76.59,81.5,83.79,5.19,GOOD
S3704,Akshara,73.9,79.38,73.33,90.54,1.43,GOOD
S3705,Karthik,71.0,90.35,82.63,97.45,5.26,GOOD
S3706,Hari,56.43,79.54,49.05,40.4,5.92,AVERAGE
S3707,Keerthi,51.94,46.88,63.68,94.64,4.36,AVERAGE
S3708,Kavin,51.77,96.55,94.8,70.24,5.65,GOOD
S3709,Reshma,67.51,79.66,53.02,42.21,4.13,AVERAGE
S3710,Akshara,85.94,92.2,48.62,91.85,5.91,GOOD
S3711,Aarohi,56.56,65.48,84.69,96.85,4.98,GOOD
S3712,Vasanth,89.35,68.48,51.67,53.39,4.4,AVERAGE
S3713,Srinivas,85.78,81.33,67.46,77.96,5.94,GOOD
S3714,Shreya,50.2,86.58,82.71,77.66,3.42,GOOD
S3715,Rohan,51.34,44.71,69.09,60.88,3.42,AVERAGE
S3716,Rahul,59.75,64.44,94.09,42.28,5.26,AVERAGE
S3717,Harini,52.81,86.19,92.69,13.43,4.37,AVERAGE
S3718,Vignesh,76.57,99.53,70.18,99.8,1.72,GOOD
S3719,Chetan,51.98,40.7,97.65,7.17,2.54,AVERAGE
S3720,Anjali,90.13,55.89,57.51,13.49,3.92,AVERAGE
S3721,Charan,74.65,67.89,54.03,37.48,1.08,AVERAGE
S3722,Arnav,86.4,53.38,80.21,39.85,3.55,AVERAGE
S3723,Naveen,87.54,41.62,74.37,26.72,2.17,AVERAGE
S3724,Muthu,75.34,72.37,55.07,7.81,2.18,AVERAGE
S3725,Zoya,96.27,78.96,62.27,89.94,5.48,GOOD
S3726,Ashwin,99.51,64.96,53.98,51.33,2.41,AVERAGE
S3727,Aditya,67.96,62.19,54.22,96.98,5.49,GOOD
S3728,Vijay,56.29,99.14,62.05,87.8,3.67,GOOD
S3729,Rohan,68.16,68.65,95.45,49.4,5.64,GOOD
S3730,Yogesh,61.17,87.88,90.09,38.82,4.65,GOOD
S3731,Srinivas,76.55,57.23,70.75,25.5,3.07,AVERAGE
S3732,Varsha,68.92,89.81,68.67,99.3,1.18,GOOD
S3733,Dhanush,74.02,89.42,41.89,60.51,5.46,GOOD
S3734,Rakesh,88.16,56.06,67.74,84.07,4.54,GOOD
S3735,Ashwin,63.7,79.35,77.43,98.47,1.67,GOOD
S3736,Vignesh,76.87,80.92,86.72,22.39,5.68,GOOD
S3737,Deepika,66.76,66.56,61.36,92.48,3.44,AVERAGE
S3738,Sanjay,89.25,86.43,95.16,79.45,1.15,GOOD
S3739,Meera,81.98,58.41,90.41,45.46,2.48,AVERAGE
S3740,Deepika,50.43,69.06,44.93,94.88,5.3,AVERAGE
S3741,Ananya,83.0,99.41,94.18,58.99,3.1,GOOD
S3742,Sneha,58.51,50.72,53.37,39.37,5.04,AVERAGE
S3743,Vasanth,86.22,48.87,95.4,15.99,3.01,AVERAGE
S3744,Dev,78.37,48.53,77.84,72.79,1.67,AVERAGE
S3745,Pooja,70.07,99.89,64.72,77.4,1.97,GOOD
S3746,Divya,84.7,49.59,66.19,20.69,5.41,AVERAGE
S3747,Nithin,92.83,51.41,73.77,37.18,1.91,AVERAGE
S3748,Pranav,88.94,81.69,90.63,5.5,5.68,GOOD
S3749,Anusha,77.27,85.57,90.22,55.73,2.44,GOOD
S3750,Harish,86.13,71.62,64.89,60.01,5.86,GOOD
S3751,Amrita,70.7,98.96,90.94,84.83,1.48,GOOD
S3752,Vijay,89.45,42.33,68.32,2.62,3.74,AVERAGE
S3753,Bharath,91.45,77.25,65.05,11.96,1.18,AVERAGE
S3754,Gayathri,56.86,76.39,54.6,3.16,2.28,AVERAGE
S3755,Reshma,61.9,59.27,89.68,94.44,5.28,GOOD
S3756,Sahana,63.5,93.97,77.2,51.29,1.94,GOOD
S3757,Anirudh,58.3,73.17,65.87,24.6,5.46,AVERAGE
S3758,Mohan,69.63,54.78,79.74,1.91,3.95,AVERAGE
S3759,Priya,59.65,45.3,91.66,9.65,4.63,AVERAGE
S3760,Ashwin,79.78,46.43,51.87,72.02,2.8,AVERAGE
S3761,Rahul,55.08,93.84,63.55,48.03,5.92,GOOD
S3762,Nandini,63.5,55.02,62.82,73.44,5.13,AVERAGE
S3763,Abhinav,83.28,94.42,44.56,26.52,5.56,GOOD
S3764,Diya,69.93,47.21,60.04,43.95,1.73,AVERAGE
S3765,Swathi,71.07,99.04,85.71,62.39,2.33,GOOD
S3766,Nandini,89.9,90.0,55.2,21.23,5.2,GOOD
S3767,Gayathri,99.23,46.97,88.65,28.75,4.35,AVERAGE
S3768,Sakshi,78.25,45.16,97.32,14.16,2.92,AVERAGE
S3769,Vidya,53.95,88.21,53.44,71.18,3.32,AVERAGE
S3770,Charan,55.15,44.68,64.58,58.23,3.19,AVERAGE
S3771,Aditya,98.43,55.73,47.88,44.47,3.79,AVERAGE
S3772,Diya,83.96,88.07,81.53,56.73,3.45,GOOD
S3773,Hari,87.62,94.45,68.93,16.98,3.27,GOOD
S3774,Tanvi,83.79,86.06,75.32,81.29,2.64,GOOD
S3775,Keerthi,58.98,93.39,86.72,75.55,3.24,GOOD
S3776,Srinivas,72.42,73.59,86.57,18.2,1.89,AVERAGE
S3777,Shankar,89.9,86.78,70.96,88.57,1.95,GOOD
S3778,Neha,93.32,60.65,92.94,39.4,4.44,GOOD
S3779,Aditya,61.87,87.11,95.92,46.36,5.82,GOOD
S3780,Krishna,79.8,80.78,77.84,53.13,2.06,GOOD
S3781,Varsha,57.86,74.49,42.3,79.29,5.56,AVERAGE
S3782,Mahesh,97.91,99.54,86.56,16.4,4.13,GOOD
S3783,Preethi,62.61,68.19,93.52,26.5,5.76,AVERAGE
S3784,Shivani,86.33,77.15,73.4,93.64,2.98,GOOD
S3785,Arnav,61.56,70.59,82.02,93.78,4.45,GOOD
S3786,Karthik,80.8,55.63,61.36,80.9,3.72,AVERAGE
S3787,Akash,82.96,59.82,70.13,16.84,5.89,AVERAGE
S3788,Aarav,66.42,98.73,87.89,59.5,1.3,GOOD
S3789,Preethi,90.94,63.53,92.56,44.6,1.29,AVERAGE
S3790,Varsha,94.27,80.76,46.91,8.07,5.32,AVERAGE
S3791,Bhavya,92.75,74.03,41.03,7.55,1.27,AVERAGE
S3792,Jeeva,66.54,93.39,62.42,85.68,5.54,GOOD
S3793,Swathi,87.22,85.46,63.46,9.05,1.47,AVERAGE
S3794,Akshara,77.97,44.84,86.4,27.14,1.56,AVERAGE
S3795,Shivani,79.63,61.33,40.52,15.07,2.65,AVERAGE
S3796,Reshma,73.87,82.71,85.84,57.51,4.63,GOOD
S3797,Vedant,80.01,49.68,72.18,76.0,3.88,AVERAGE
S3798,Hari,56.78,70.21,81.87,26.52,5.54,AVERAGE
S3799,Nikhil,70.44,59.07,70.56,78.2,4.15,AVERAGE
S3800,Muthu,58.88,43.89,87.44,17.5,3.98,AVERAGE
S3801,Rakesh,64.01,99.83,66.22,35.67,3.85,GOOD
S3802,Darshan,56.39,95.76,60.75,24.29,3.03,AVERAGE
S3803,Akshara,60.62,84.85,78.19,45.43,4.2,GOOD
S3804,Deepak,89.1,52.06,66.67,98.1,5.87,GOOD
S3805,Yogesh,77.49,99.31,58.21,73.68,5.86,GOOD
S3806,Karthik,51.18,77.85,94.81,20.58,1.55,AVERAGE
S3807,Krishna,89.43,97.96,83.4,96.64,3.28,EXCELLENT
S3808,Muthu,95.47,42.55,51.81,68.13,3.96,AVERAGE
S3809,Deepika,94.02,50.41,84.41,45.42,4.58,AVERAGE
S3810,Sneha,91.15,80.63,55.14,91.63,2.5,GOOD
S3811,Karthik,99.61,94.43,65.88,76.28,5.91,EXCELLENT
S3812,Dev,79.32,50.55,53.05,72.92,3.08,AVERAGE
S3813,Yogesh,98.13,59.03,46.8,20.09,2.43,AVERAGE
S3814,Dev,97.44,75.29,63.94,12.8,4.9,AVERAGE
S3815,Ananya,65.66,99.98,73.3,86.56,3.94,GOOD
S3816,Dharani,93.17,87.98,58.13,68.02,5.52,GOOD
S3817,Ravi,89.62,95.41,44.5,81.72,1.53,GOOD
S3818,Aryan,88.79,80.5,54.98,76.58,1.27,GOOD
S3819,Hari,94.81,92.64,54.74,90.31,5.72,EXCELLENT
S3820,Tanvi,69.21,70.42,75.45,37.55,3.23,AVERAGE
S3821,Preethi,70.0,47.45,56.93,35.02,2.08,AVERAGE
S3822,Aryan,82.0,82.57,72.03,23.69,4.72,GOOD
S3823,Anusha,86.89,76.09,68.22,10.54,5.99,AVERAGE
S3824,Zoya,93.99,69.12,55.98,48.29,5.99,GOOD
S3825,Rajesh,93.79,56.5,84.47,49.82,5.82,GOOD
S3826,Nandini,86.07,87.05,80.06,11.45,1.78,AVERAGE
S3827,Vasanth,97.84,89.22,80.82,60.35,5.25,EXCELLENT
S3828,Anjali,58.93,61.85,66.01,36.34,1.62,AVERAGE
S3829,Aryan,97.52,95.67,59.0,45.62,2.78,GOOD
S3830,Surya,53.21,62.18,75.44,51.0,1.89,AVERAGE
S3831,Muthu,77.78,46.45,97.55,31.05,2.78,AVERAGE
S3832,Keerthi,54.51,49.99,66.04,68.51,2.24,AVERAGE
S3833,Tanvi,78.4,69.67,79.92,50.99,5.48,GOOD
S3834,Neha,69.51,44.79,66.54,44.14,5.94,AVERAGE
S3835,Tanvi,54.08,83.1,95.96,40.96,1.87,AVERAGE
S3836,Yogesh,82.41,87.71,55.88,2.37,1.65,AVERAGE
S3837,Sanjana,86.56,72.97,67.5,77.12,1.82,GOOD
S3838,Dhanush,58.71,93.6,69.62,96.65,3.83,GOOD
S3839,Anusha,84.72,97.26,83.72,13.1,5.41,GOOD
S3840,Rahul,58.95,66.85,83.28,28.94,4.73,AVERAGE
S3841,Hari,56.87,45.35,84.37,84.69,3.11,AVERAGE
S3842,Mahesh,57.37,53.88,83.98,70.87,5.8,AVERAGE
S3843,Sameer,79.95,79.46,68.19,31.24,3.69,AVERAGE
S3844,Riya,88.94,64.35,49.33,64.95,4.92,AVERAGE
S3845,Riya,79.84,81.1,92.23,91.72,3.5,GOOD
S3846,Ravi,90.47,80.0,59.49,21.97,4.33,AVERAGE
S3847,Neha,79.57,76.32,46.62,67.96,2.88,AVERAGE
S3848,Jatin,89.87,49.47,47.73,81.2,1.26,AVERAGE
S3849,Nandini,98.83,57.15,69.69,9.53,4.06,AVERAGE
S3850,Dev,69.55,62.67,65.56,93.45,2.44,AVERAGE
S3851,Nikhil,57.5,89.47,79.81,95.93,3.75,GOOD
S3852,Arnav,56.77,80.93,76.71,73.31,4.26,GOOD
S3853,Amrita,79.87,78.7,46.44,51.56,3.26,AVERAGE
S3854,Jeeva,77.36,80.33,57.8,60.4,1.79,AVERAGE
S3855,Aman,59.21,70.19,93.78,64.84,5.03,GOOD
S3856,Vedant,94.11,42.38,86.0,15.41,1.86,AVERAGE
S3857,Malar,97.84,52.07,92.23,29.49,1.65,AVERAGE
S3858,Jeeva,62.66,48.42,41.32,10.09,2.59,AT RISK
S3859,Rakesh,60.34,43.84,94.73,37.05,1.29,AVERAGE
S3860,Dev,60.7,59.17,91.66,74.51,2.77,AVERAGE
S3861,Varsha,69.37,87.26,67.14,88.55,4.79,GOOD
S3862,Preethi,92.66,46.91,80.42,37.13,4.95,AVERAGE
S3863,Zoya,79.8,46.69,56.32,61.61,3.28,AVERAGE
S3864,Amrita,53.38,47.46,79.52,59.48,1.92,AVERAGE
S3865,Abhinav,73.65,56.19,87.93,47.25,5.87,AVERAGE
S3866,Krishna,54.52,52.13,69.01,69.42,5.12,AVERAGE
S3867,Bhavya,70.31,40.84,41.7,15.08,1.03,AT RISK
S3868,Ravi,70.18,56.59,64.98,7.48,4.04,AVERAGE
S3869,Diya,82.42,99.78,83.5,34.8,5.73,GOOD
S3870,Karthik,77.47,60.19,82.23,96.93,5.65,GOOD
S3871,Anusha,93.74,52.68,69.18,95.31,3.0,GOOD
S3872,Pavithra,50.81,69.74,99.14,63.31,4.06,AVERAGE
S3873,Dhanush,88.7,53.76,47.02,57.87,4.08,AVERAGE
S3874,Neha,51.13,73.58,49.5,63.32,4.65,AVERAGE
S3875,Sneha,65.21,64.04,55.5,42.94,5.71,AVERAGE
S3876,Charan,93.98,93.81,88.21,28.84,3.33,GOOD
S3877,Varsha,84.52,95.68,85.77,0.56,1.31,AVERAGE
S3878,Reshma,58.6,82.78,86.37,1.92,4.61,AVERAGE
S3879,Anusha,74.54,52.94,92.78,97.22,5.73,GOOD
S3880,Aditya,86.1,68.43,66.57,74.46,5.35,GOOD
S3881,Gaurav,96.87,58.33,59.11,69.02,1.12,AVERAGE
S3882,Vedant,81.72,87.9,76.02,84.44,5.41,GOOD
S3883,Aditya,51.23,41.75,64.59,60.69,1.74,AVERAGE
S3884,Mohan,74.99,79.75,71.43,66.76,5.89,GOOD
S3885,Bhavya,57.65,59.39,48.41,79.01,4.71,AVERAGE
S3886,Varsha,52.39,68.86,63.78,12.52,1.63,AVERAGE
S3887,Akshara,79.93,59.38,68.36,18.76,1.5,AVERAGE
S3888,Avinash,88.85,61.89,45.25,55.6,2.39,AVERAGE
S3889,Dev,51.8,80.46,99.67,9.69,2.15,AVERAGE
S3890,Avinash,89.18,75.73,42.27,65.94,1.02,AVERAGE
S3891,Vedant,85.32,54.65,95.17,83.22,5.45,GOOD
S3892,Nandini,87.6,42.62,44.81,83.76,1.63,AVERAGE
S3893,Shivani,62.24,91.36,91.56,32.33,5.95,GOOD
S3894,Isha,69.68,69.54,72.89,20.27,2.32,AVERAGE
S3895,Swathi,55.99,77.12,51.78,95.87,3.87,AVERAGE
S3896,Charan,61.94,69.31,53.88,91.24,4.49,AVERAGE
S3897,Anjali,65.14,77.14,61.1,31.35,2.51,AVERAGE
S3898,Muthu,65.97,77.62,87.64,89.42,3.28,GOOD
S3899,Diya,58.75,40.9,48.83,88.1,4.86,AVERAGE
S3900,Shreya,59.44,72.0,54.53,33.8,1.32,AVERAGE
S3901,Nithin,95.07,70.13,81.56,36.32,2.81,GOOD
S3902,Ravi,89.19,45.75,76.84,93.19,4.95,GOOD
S3903,Zoya,67.22,84.75,65.25,74.19,2.66,GOOD
S3904,Bharath,97.38,54.15,43.63,61.75,1.3,AVERAGE
S3905,Ravi,61.95,43.27,73.51,95.29,1.94,AVERAGE
S3906,Anjali,70.34,88.19,53.75,86.49,4.39,GOOD
S3907,Vasanth,90.68,91.91,76.73,7.48,5.84,GOOD
S3908,Aryan,72.14,54.44,56.47,49.88,2.14,AVERAGE
S3909,Meera,61.73,81.25,98.82,89.57,3.59,GOOD
S3910,Arnav,68.43,40.3,75.44,11.12,2.2,AT RISK
S3911,Ananya,75.04,83.27,74.28,7.22,5.62,AVERAGE
S3912,Sakshi,81.03,67.89,90.21,85.91,5.5,GOOD
S3913,Divya,70.28,87.55,99.59,77.74,2.96,GOOD
S3914,Pooja,71.57,63.58,86.75,16.72,1.19,AVERAGE
S3915,Rahul,63.2,61.06,75.63,18.11,4.04,AVERAGE
S3916,Anjali,76.77,90.45,91.81,83.26,4.14,GOOD
S3917,Vasanth,60.97,42.32,50.87,20.92,4.09,AT RISK
S3918,Rajesh,93.38,51.23,85.85,14.4,2.48,AVERAGE
S3919,Naveen,87.37,64.73,80.79,90.76,1.12,GOOD
S3920,Lakshmi,70.51,75.78,73.8,80.51,1.16,AVERAGE
S3921,Malar,87.36,40.31,92.01,40.38,4.89,AVERAGE
S3922,Aryan,50.35,74.51,82.58,62.6,3.66,AVERAGE
S3923,Tanvi,67.22,62.71,83.0,43.04,2.36,AVERAGE
S3924,Priya,72.02,77.8,94.58,27.45,5.57,GOOD
S3925,Deepika,73.49,94.42,81.96,98.68,5.42,EXCELLENT
S3926,Zoya,87.44,66.45,55.33,54.56,5.08,AVERAGE
S3927,Lakshmi,98.14,73.27,51.02,63.76,4.11,GOOD
S3928,Deepika,69.0,67.77,70.79,40.83,4.07,AVERAGE
S3929,Bharath,67.53,47.11,54.09,50.07,3.65,AVERAGE
S3930,Deepak,80.53,87.59,81.98,28.77,1.92,GOOD
S3931,Dharani,64.06,93.11,90.56,42.93,4.64,GOOD
S3932,Chetan,57.07,88.69,57.51,62.78,3.6,AVERAGE
S3933,Rahul,98.08,96.86,94.81,81.21,3.73,EXCELLENT
S3934,Nithin,90.48,68.08,84.81,80.23,4.44,GOOD
S3935,Divya,97.92,79.14,99.29,1.14,2.86,GOOD
S3936,Mahesh,60.89,50.1,51.92,53.49,4.52,AVERAGE
S3937,Jeeva,50.89,98.61,67.69,37.33,2.24,AVERAGE
S3938,Shankar,71.86,74.83,78.42,60.7,5.33,GOOD
S3939,Chetan,96.68,55.7,85.78,88.17,5.93,GOOD
S3940,Janani,56.92,88.32,94.72,77.5,3.96,GOOD
S3941,Varsha,55.86,75.19,93.48,33.07,2.91,AVERAGE
S3942,Mahesh,53.45,96.98,54.17,73.92,2.44,AVERAGE
S3943,Deepika,88.25,86.2,65.35,10.14,5.46,GOOD
S3944,Pradeep,89.3,92.64,83.1,12.82,2.63,GOOD
S3945,Arjun,84.77,72.8,47.94,22.56,5.07,AVERAGE
S3946,Vijay,52.66,71.04,97.56,39.97,3.04,AVERAGE
S3947,Sanjay,86.16,85.44,84.82,51.07,5.4,GOOD
S3948,Swathi,72.43,46.3,89.73,39.78,3.16,AVERAGE
S3949,Sneha,57.89,43.24,94.45,62.78,3.89,AVERAGE
S3950,Abhinav,64.76,99.02,50.68,12.42,1.61,AVERAGE
S3951,Shreya,75.06,94.98,65.33,52.15,5.88,GOOD
S3952,Varsha,66.48,97.34,79.1,27.24,3.81,GOOD
S3953,Rahul,98.49,43.74,89.35,36.46,4.1,AVERAGE
S3954,Jatin,73.74,56.16,84.28,50.89,1.63,AVERAGE
S3955,Gayathri,68.61,94.09,47.29,13.27,4.45,AVERAGE
S3956,Ananya,83.66,45.37,78.74,38.82,3.13,AVERAGE
S3957,Sameer,82.53,67.09,57.64,76.07,3.12,AVERAGE
S3958,Sneha,50.12,60.48,64.39,27.76,3.37,AVERAGE
S3959,Sakshi,80.92,92.79,99.65,76.46,3.68,EXCELLENT
S3960,Surya,62.19,71.08,49.42,23.09,5.02,AVERAGE
S3961,Priya,68.76,57.42,46.26,75.42,2.71,AVERAGE
S3962,Anusha,85.32,71.46,64.55,19.44,5.4,AVERAGE
S3963,Akshara,77.87,46.75,91.85,95.12,1.55,AVERAGE
S3964,Kavin,68.43,83.87,49.73,15.38,3.65,AVERAGE
S3965,Vikram,58.37,77.1,44.8,99.98,4.39,AVERAGE
S3966,Harish,75.27,76.04,65.13,22.9,5.85,AVERAGE
S3967,Divya,65.97,66.27,77.94,71.02,2.99,AVERAGE
S3968,Janani,95.65,57.65,49.28,30.51,4.39,AVERAGE
S3969,Anirudh,76.72,43.92,88.28,8.22,4.93,AVERAGE
S3970,Zoya,93.3,96.82,90.75,2.49,5.16,GOOD
S3971,Akash,69.51,64.99,71.36,14.73,5.58,AVERAGE
S3972,Vikram,91.37,69.76,41.83,40.81,2.73,AVERAGE
S3973,Darshan,52.83,62.55,70.97,58.02,5.21,AVERAGE
S3974,Aadhya,64.91,99.27,52.85,47.85,5.78,GOOD
S3975,Rohan,53.91,87.77,66.77,63.05,3.35,AVERAGE
S3976,Sanjay,51.58,45.75,85.58,9.58,4.46,AVERAGE
S3977,Sanjana,95.94,76.49,43.27,67.64,2.61,GOOD
S3978,Karthik,85.84,69.08,40.01,78.52,2.28,AVERAGE
S3979,Sakshi,81.26,87.6,48.01,23.07,2.39,AVERAGE
S3980,Janani,76.62,99.84,42.72,79.19,1.26,GOOD
S3981,Akshara,78.48,84.66,55.63,25.0,3.89,AVERAGE
S3982,Nithin,81.93,91.9,64.26,44.41,5.31,GOOD
S3983,Pradeep,91.33,70.16,86.78,80.58,2.44,GOOD
S3984,Janani,79.84,62.42,41.82,68.72,1.16,AVERAGE
S3985,Aishwarya,87.43,78.6,61.06,50.37,2.42,AVERAGE
S3986,Kishore,64.05,84.97,95.77,36.97,4.86,GOOD
S3987,Monisha,98.84,53.65,74.58,56.37,3.24,AVERAGE
S3988,Shankar,51.59,70.2,89.61,51.98,4.84,AVERAGE
S3989,Priya,69.33,46.83,69.01,97.14,2.09,AVERAGE
S3990,Riya,94.1,52.98,45.83,82.62,4.21,AVERAGE
S3991,Anirudh,59.03,92.91,51.22,11.64,4.66,AVERAGE
S3992,Dev,57.07,48.68,85.48,41.24,5.05,AVERAGE
S3993,Ramya,68.27,88.68,91.85,58.73,4.42,GOOD
S3994,Malar,71.41,62.36,68.05,70.54,5.55,GOOD
S3995,Anirudh,96.67,79.81,69.55,17.74,1.63,AVERAGE
S3996,Keerthi,91.81,94.62,67.01,83.08,3.75,GOOD
S3997,Meera,73.2,86.85,41.1,63.0,3.25,AVERAGE
S3998,Rahul,98.65,89.56,45.73,6.74,6.0,GOOD
S3999,Charan,82.11,55.67,99.51,5.91,3.75,AVERAGE
S4000,Malar,93.68,61.7,42.52,68.62,4.43,AVERAGE
S4001,Dharani,62.3,83.97,60.94,75.55,5.6,GOOD
S4002,Surya,74.45,86.63,81.44,31.04,1.71,AVERAGE
S4003,Yogesh,51.49,87.4,65.49,16.2,2.7,AVERAGE
S4004,Hari,50.44,84.41,98.96,21.98,2.62,AVERAGE
S4005,Naveen,85.27,53.9,41.96,39.22,1.58,AVERAGE
S4006,Vikram,55.91,57.35,92.47,63.19,3.8,AVERAGE
S4007,Priya,77.39,96.52,48.08,18.77,2.53,AVERAGE
S4008,Anjali,84.8,73.23,52.29,79.13,1.83,AVERAGE
S4009,Pavithra,51.61,85.27,71.7,24.89,1.11,AVERAGE
S4010,Nandini,72.44,75.95,92.29,80.96,1.13,GOOD
S4011,Shreya,84.21,95.47,64.84,92.4,2.95,GOOD
S4012,Aditya,94.49,92.13,57.61,16.42,4.05,GOOD
S4013,Kavin,64.96,55.68,64.1,91.77,2.06,AVERAGE
S4014,Sameer,98.71,93.08,45.66,70.54,5.55,GOOD
S4015,Riya,92.23,58.0,90.29,88.72,2.05,GOOD
S4016,Swathi,82.53,66.46,94.91,34.68,2.35,AVERAGE
S4017,Dhanush,69.6,91.07,80.55,86.37,2.52,GOOD
S4018,Vikram,85.56,59.44,66.68,47.68,1.79,AVERAGE
S4019,Kishore,90.81,57.45,76.85,18.97,6.0,AVERAGE
S4020,Meera,65.16,80.12,73.11,99.66,4.58,GOOD
S4021,Ashwin,99.64,99.98,43.09,94.81,2.5,GOOD
S4022,Neha,95.43,47.86,63.67,12.48,5.87,AVERAGE
S4023,Dev,74.28,82.06,79.41,45.62,4.17,GOOD
S4024,Naveen,86.14,71.62,90.87,98.62,4.85,GOOD
S4025,Anjali,76.2,64.64,61.54,54.85,2.72,AVERAGE
S4026,Arnav,88.05,84.99,89.16,49.71,2.08,GOOD
S4027,Kishore,91.35,73.29,85.41,19.54,3.25,GOOD
S4028,Divya,51.16,87.87,95.76,41.95,3.08,AVERAGE
S4029,Sanjana,53.96,84.63,99.37,49.82,5.92,GOOD
S4030,Kavin,66.82,99.11,42.5,71.41,1.73,AVERAGE
S4031,Jatin,95.88,88.65,66.25,45.0,1.68,GOOD
S4032,Vedant,69.91,44.01,86.41,63.5,4.11,AVERAGE
S4033,Arnav,94.38,86.77,89.39,10.15,3.81,GOOD
S4034,Ananya,73.12,78.98,44.97,76.38,3.73,AVERAGE
S4035,Vidya,64.44,45.39,76.4,0.33,3.06,AVERAGE
S4036,Nithin,95.03,76.33,93.91,64.22,2.81,GOOD
S4037,Bhavya,78.03,85.05,53.62,82.63,1.44,GOOD
S4038,Karthik,68.02,51.83,60.84,76.68,4.96,AVERAGE
S4039,Dev,52.22,66.09,63.69,14.73,3.23,AVERAGE
S4040,Nikhil,55.55,72.55,63.67,84.42,5.49,GOOD
S4041,Kavya,56.97,64.79,73.7,7.92,3.48,AVERAGE
S4042,Lakshmi,68.24,92.56,43.65,6.64,5.52,AVERAGE
S4043,Srinivas,80.37,50.13,86.75,82.26,5.62,GOOD
S4044,Deepika,65.38,86.29,47.37,18.25,3.8,AVERAGE
S4045,Sahana,53.28,86.69,88.8,44.71,4.99,GOOD
S4046,Jeeva,63.24,66.88,41.03,93.66,1.52,AVERAGE
S4047,Mahesh,70.43,72.37,87.22,20.9,1.59,AVERAGE
S4048,Chetan,99.61,49.21,61.32,78.06,4.5,GOOD
S4049,Hari,69.65,51.71,79.35,58.44,1.25,AVERAGE
S4050,Preethi,54.46,71.9,50.75,40.57,4.56,AVERAGE
S4051,Deepak,79.06,53.48,72.22,45.92,2.15,AVERAGE
S4052,Madhavan,95.98,88.39,57.95,41.03,2.17,GOOD
S4053,Mohan,89.33,76.97,40.24,82.73,2.8,GOOD
S4054,Monisha,91.81,43.39,83.51,81.4,5.62,GOOD
S4055,Sakshi,96.41,61.47,47.87,37.34,4.55,AVERAGE
S4056,Nithin,81.83,91.51,96.38,69.72,4.76,EXCELLENT
S4057,Avinash,99.75,56.65,72.62,53.19,4.92,GOOD
S4058,Neha,51.66,83.18,40.1,74.82,5.16,AVERAGE
S4059,Jatin,91.74,45.63,96.7,5.0,1.85,AVERAGE
S4060,Harish,92.85,95.83,47.97,33.6,5.71,GOOD
S4061,Keerthi,95.84,66.96,90.04,33.58,2.99,GOOD
S4062,Neha,73.91,69.49,59.76,59.68,3.81,AVERAGE
S4063,Aryan,89.39,74.19,74.08,20.76,5.05,GOOD
S4064,Hari,59.75,61.81,90.14,53.17,5.26,AVERAGE
S4065,Varun,80.16,83.52,43.01,97.99,3.53,GOOD
S4066,Pradeep,67.93,40.88,80.8,4.35,3.72,AVERAGE
S4067,Hari,79.81,49.73,48.91,50.34,3.05,AVERAGE
S4068,Avinash,83.78,51.33,82.98,13.83,1.25,AVERAGE
S4069,Akshara,67.35,78.12,49.64,58.24,4.24,AVERAGE
S4070,Priya,60.81,93.44,41.32,24.09,4.39,AVERAGE
S4071,Sameer,66.08,43.82,49.33,90.25,3.36,AVERAGE
S4072,Harish,83.2,91.15,77.54,31.8,1.24,GOOD
S4073,Monisha,83.84,89.17,99.14,95.83,3.83,EXCELLENT
S4074,Vijay,87.07,44.6,98.21,0.41,1.52,AVERAGE
S4075,Kishore,56.33,48.59,84.74,83.21,3.27,AVERAGE
S4076,Arjun,90.93,61.0,89.47,26.17,4.99,GOOD
S4077,Pavithra,84.41,46.88,92.44,20.16,2.14,AVERAGE
S4078,Diya,51.53,85.5,71.7,88.41,5.59,GOOD
S4079,Rakesh,66.78,70.24,53.72,30.44,4.54,AVERAGE
S4080,Rahul,73.34,64.65,79.67,58.39,2.29,AVERAGE
S4081,Pradeep,68.03,83.5,48.5,73.68,2.15,AVERAGE
S4082,Jatin,55.87,57.57,89.94,41.92,1.37,AVERAGE
S4083,Harish,60.37,92.29,64.73,10.13,5.37,AVERAGE
S4084,Manish,51.23,79.24,55.99,92.23,1.32,AVERAGE
S4085,Nandini,54.65,60.79,90.61,64.75,4.13,AVERAGE
S4086,Deepika,63.32,72.39,46.67,89.24,4.76,AVERAGE
S4087,Deepak,91.0,55.57,98.49,76.77,2.28,GOOD
S4088,Gaurav,76.33,99.1,97.02,77.4,2.9,GOOD
S4089,Rohan,71.22,66.14,76.53,58.99,2.47,AVERAGE
S4090,Meera,83.11,93.81,82.73,0.62,5.01,GOOD
S4091,Nikhil,77.08,98.68,42.23,88.27,5.98,GOOD
S4092,Janani,56.58,72.15,66.22,83.09,5.85,GOOD
S4093,Harish,61.13,83.8,93.08,72.7,1.35,GOOD
S4094,Shankar,61.13,74.33,40.69,87.82,4.39,AVERAGE
S4095,Madhavan,80.0,45.49,57.44,18.42,3.92,AVERAGE
S4096,Deepak,73.08,97.15,61.23,28.19,5.65,GOOD
S4097,Krishna,69.38,67.4,80.5,15.71,3.89,AVERAGE
S4098,Deepika,77.83,93.64,82.29,64.66,3.29,GOOD
S4099,Jatin,98.51,79.34,43.91,43.84,3.24,AVERAGE
S4100,Nandini,65.71,46.31,53.05,10.26,5.27,AVERAGE
S4101,Ashwin,76.01,65.02,89.53,57.56,4.36,GOOD
S4102,Aadhya,74.02,51.75,51.51,33.9,1.37,AVERAGE
S4103,Rahul,85.83,50.19,57.19,49.05,5.67,AVERAGE
S4104,Hari,86.51,82.91,49.73,26.14,4.39,AVERAGE
S4105,Keerthi,86.45,41.8,85.26,16.11,1.78,AVERAGE
S4106,Ravi,60.08,97.97,41.63,45.08,3.35,AVERAGE
S4107,Nandini,72.45,67.0,58.11,22.61,2.25,AVERAGE
S4108,Shankar,90.56,69.39,71.94,40.5,3.96,GOOD
S4109,Gaurav,69.08,57.97,40.36,38.23,3.78,AVERAGE
S4110,Swathi,99.21,45.14,97.24,94.04,5.85,GOOD
S4111,Mahesh,68.24,75.29,92.16,18.68,1.28,AVERAGE
S4112,Akash,74.88,60.69,78.84,28.64,3.25,AVERAGE
S4113,Varsha,73.73,77.44,66.35,79.19,1.91,AVERAGE
S4114,Nandini,71.68,73.35,49.32,29.59,1.11,AVERAGE
S4115,Sanjay,92.28,53.01,73.22,48.03,4.89,AVERAGE
S4116,Anjali,57.76,67.7,54.35,76.19,4.79,AVERAGE
S4117,Aishwarya,78.38,58.48,78.28,0.44,5.67,AVERAGE
S4118,Aarohi,80.93,54.38,48.74,95.66,3.94,AVERAGE
S4119,Ravi,92.56,86.18,83.03,46.28,2.28,GOOD
S4120,Anjali,80.46,40.71,59.37,75.94,2.81,AVERAGE
S4121,Gayathri,98.0,56.13,70.12,92.08,4.02,GOOD
S4122,Sakshi,93.61,71.87,49.71,87.68,4.14,GOOD
S4123,Zoya,67.44,68.57,55.38,22.04,1.21,AVERAGE
S4124,Rakesh,93.0,96.41,67.01,55.52,5.55,GOOD
S4125,Sahana,97.92,90.62,67.49,41.07,5.63,GOOD
S4126,Preethi,62.86,85.1,99.99,53.24,4.99,GOOD
S4127,Shankar,80.51,70.84,60.13,77.96,2.25,AVERAGE
S4128,Shreya,64.09,65.73,45.06,35.45,2.74,AVERAGE
S4129,Muthu,82.48,42.19,71.45,47.72,4.51,AVERAGE
S4130,Mohan,54.68,89.3,59.31,60.8,2.53,AVERAGE
S4131,Rohan,86.71,65.84,92.67,27.06,2.94,AVERAGE
S4132,Mahesh,70.99,59.26,52.62,60.66,4.34,AVERAGE
S4133,Amrita,79.37,76.4,91.34,14.89,1.17,AVERAGE
S4134,Janani,51.29,85.25,79.81,62.16,1.69,AVERAGE
S4135,Aadhya,84.77,71.38,51.28,14.32,1.18,AVERAGE
S4136,Vijay,74.8,48.97,64.31,77.57,2.33,AVERAGE
S4137,Sakshi,81.26,95.3,69.55,19.4,3.41,GOOD
S4138,Rohan,65.78,46.77,71.31,64.61,5.22,AVERAGE
S4139,Sanjay,57.29,98.17,63.83,58.12,1.89,AVERAGE
S4140,Sanjay,71.77,66.55,75.08,42.53,2.78,AVERAGE
S4141,Pooja,97.2,96.8,83.0,64.55,1.05,GOOD
S4142,Riya,61.39,94.88,70.37,84.65,3.32,GOOD
S4143,Vedant,83.79,64.38,76.15,12.02,1.13,AVERAGE
S4144,Mahesh,52.49,88.0,91.58,67.64,2.61,GOOD
S4145,Varun,85.9,45.39,69.87,41.01,5.15,AVERAGE
S4146,Aishwarya,61.92,44.96,64.98,67.39,5.68,AVERAGE
S4147,Preethi,72.58,61.36,54.87,87.5,2.84,AVERAGE
S4148,Darshan,68.39,76.59,47.88,65.28,2.42,AVERAGE
S4149,Arjun,55.64,40.56,57.54,15.98,4.79,AT RISK
S4150,Janani,67.28,70.91,64.37,41.61,4.49,AVERAGE
S4151,Divya,67.51,98.54,85.86,54.94,2.89,GOOD
S4152,Dev,76.11,91.51,53.05,12.69,5.53,AVERAGE
S4153,Muthu,98.62,53.95,82.13,64.36,3.27,GOOD
S4154,Akshara,73.5,71.68,44.74,71.32,5.68,AVERAGE
S4155,Rajesh,95.72,50.28,49.5,76.25,5.42,AVERAGE
S4156,Malar,73.08,55.8,59.58,11.99,5.74,AVERAGE
S4157,Gayathri,55.38,95.38,68.19,70.51,1.54,AVERAGE
S4158,Charan,61.51,99.87,50.86,36.62,2.34,AVERAGE
S4159,Reshma,70.38,54.55,46.72,21.12,2.86,AVERAGE
S4160,Arnav,66.27,52.72,73.95,52.43,4.72,AVERAGE
S4161,Sahana,93.29,63.03,64.72,57.27,2.47,AVERAGE
S4162,Chetan,83.93,66.75,64.95,45.68,2.04,AVERAGE
S4163,Krishna,78.92,45.35,58.48,84.08,2.72,AVERAGE
S4164,Aryan,74.56,48.86,62.27,15.58,2.55,AVERAGE
S4165,Pooja,69.86,65.49,51.04,40.72,5.07,AVERAGE
S4166,Kishore,80.61,54.13,56.24,26.7,5.95,AVERAGE
S4167,Isha,56.23,90.7,72.54,4.88,2.52,AVERAGE
S4168,Pradeep,58.13,85.09,71.34,33.91,1.26,AVERAGE
S4169,Yash,65.16,72.18,94.36,71.81,4.61,GOOD
S4170,Anjali,58.56,65.96,89.95,52.32,3.4,AVERAGE
S4171,Varsha,83.85,89.86,40.43,41.87,3.17,AVERAGE
S4172,Rahul,51.24,49.96,53.79,47.47,2.76,AVERAGE
S4173,Meera,58.01,93.24,93.26,31.25,3.35,GOOD
S4174,Gayathri,95.13,42.94,58.89,12.22,1.68,AVERAGE
S4175,Varun,99.88,95.4,68.66,59.04,4.06,GOOD
S4176,Zoya,74.38,48.33,80.5,81.54,5.65,GOOD
S4177,Kavya,74.77,88.73,72.6,78.91,5.6,GOOD
S4178,Dhanush,88.67,41.08,40.29,23.33,4.69,AVERAGE
S4179,Chetan,51.81,88.9,52.39,43.43,2.95,AVERAGE
S4180,Divya,71.35,75.04,46.03,55.21,5.61,AVERAGE
S4181,Dev,54.99,41.14,50.06,80.25,4.3,AVERAGE
S4182,Kishore,70.05,86.45,48.84,19.65,3.52,AVERAGE
S4183,Akash,99.19,46.09,77.37,13.22,2.42,AVERAGE
S4184,Anjali,87.68,72.39,64.39,93.16,4.78,GOOD
S4185,Vasanth,99.25,59.92,43.99,14.57,4.99,AVERAGE
S4186,Mahesh,87.3,85.55,44.94,98.91,3.79,GOOD
S4187,Pooja,80.41,91.19,97.02,59.9,2.43,GOOD
S4188,Akash,87.71,67.86,49.29,49.9,2.95,AVERAGE
S4189,Preethi,82.95,85.48,55.23,18.89,4.12,AVERAGE
S4190,Aarav,73.2,95.0,74.46,86.05,2.11,GOOD
S4191,Ganesh,64.63,81.35,51.23,17.22,3.35,AVERAGE
S4192,Dharani,76.01,59.32,51.85,40.13,1.21,AVERAGE
S4193,Dev,62.92,67.8,44.36,4.8,5.03,AVERAGE
S4194,Kavin,74.33,53.8,98.85,2.25,2.91,AVERAGE
S4195,Deepak,57.31,67.5,76.36,72.96,3.23,AVERAGE
S4196,Divya,78.27,54.75,71.78,20.77,5.43,AVERAGE
S4197,Pavithra,62.26,88.43,93.32,60.08,2.98,GOOD
S4198,Anusha,64.68,76.6,75.67,72.34,3.38,GOOD
S4199,Isha,74.95,77.99,55.78,49.18,2.48,AVERAGE
S4200,Surya,58.13,46.62,68.34,65.64,5.04,AVERAGE
S4201,Shivani,98.12,40.09,68.65,24.11,3.18,AVERAGE
S4202,Mahesh,72.35,87.35,63.88,81.79,3.41,GOOD
S4203,Avinash,67.61,72.54,85.22,20.62,3.46,AVERAGE
S4204,Kavya,51.46,95.89,46.58,59.06,4.38,AVERAGE
S4205,Dharani,92.16,72.23,49.55,83.59,3.71,GOOD
S4206,Gayathri,81.29,52.88,62.33,79.32,3.17,AVERAGE
S4207,Pavithra,70.82,81.91,44.27,5.13,4.27,AVERAGE
S4208,Priya,62.28,82.06,99.24,36.72,4.19,GOOD
S4209,Gaurav,87.26,43.93,69.75,85.26,4.55,AVERAGE
S4210,Yogesh,97.27,81.62,43.01,85.09,3.35,GOOD
S4211,Jatin,69.04,52.75,76.47,63.64,5.9,AVERAGE
S4212,Meera,56.74,55.27,86.87,10.85,3.88,AVERAGE
S4213,Yogesh,55.46,41.88,64.46,40.43,4.99,AVERAGE
S4214,Vedant,50.32,77.64,68.83,96.12,3.33,AVERAGE
S4215,Isha,87.2,83.9,82.04,10.65,2.69,AVERAGE
S4216,Aarav,99.07,53.83,54.03,80.14,3.62,AVERAGE
S4217,Priya,99.64,87.55,75.86,41.78,3.89,GOOD
S4218,Darshan,89.21,85.72,77.86,74.47,2.54,GOOD
S4219,Rahul,58.11,64.59,88.28,5.43,4.77,AVERAGE
S4220,Harini,98.89,44.09,93.46,1.03,3.14,AVERAGE
S4221,Ishaan,66.39,56.81,96.45,30.06,4.3,AVERAGE
S4222,Malar,66.68,49.93,47.58,87.02,2.44,AVERAGE
S4223,Malar,84.37,97.53,88.98,67.98,3.42,GOOD
S4224,Yash,52.45,89.06,80.53,61.18,2.76,AVERAGE
S4225,Malar,91.29,44.7,62.24,99.77,3.09,AVERAGE
S4226,Vignesh,99.86,70.81,95.37,34.73,4.38,GOOD
S4227,Naveen,88.75,56.01,91.61,85.03,1.78,GOOD
S4228,Kavin,89.08,41.93,86.46,10.97,2.23,AVERAGE
S4229,Preethi,69.52,59.34,43.45,17.07,2.8,AVERAGE
S4230,Rajesh,53.3,47.66,50.62,47.81,2.37,AT RISK
S4231,Dhanush,89.63,53.36,95.1,95.95,1.87,GOOD
S4232,Dharani,79.86,59.59,98.93,70.34,5.08,GOOD
S4233,Aarav,95.47,64.53,56.64,11.25,1.81,AVERAGE
S4234,Vignesh,55.8,68.11,56.64,95.49,4.21,AVERAGE
S4235,Vignesh,65.26,71.21,76.62,76.57,3.26,AVERAGE
S4236,Nandini,68.03,62.2,44.57,73.66,1.82,AVERAGE
S4237,Gayathri,84.16,69.9,75.72,55.15,2.48,AVERAGE
S4238,Sahana,89.39,65.07,98.12,39.35,1.55,AVERAGE
S4239,Abhinav,98.05,97.87,57.82,10.99,1.48,AVERAGE
S4240,Diya,64.77,44.06,84.56,61.98,2.79,AVERAGE
S4241,Diya,74.68,75.16,71.49,12.77,4.78,AVERAGE
S4242,Sanjana,51.45,51.62,57.24,58.99,2.99,AVERAGE
S4243,Sneha,62.65,62.53,64.75,53.96,3.84,AVERAGE
S4244,Jeeva,68.7,72.79,73.06,59.65,1.64,AVERAGE
S4245,Nithin,79.69,85.59,85.7,82.68,5.41,GOOD
S4246,Mahesh,73.54,98.66,72.45,41.12,2.65,GOOD
S4247,Amrita,68.22,69.62,95.51,43.66,1.95,AVERAGE
S4248,Avinash,81.2,55.42,47.02,6.0,2.77,AVERAGE
S4249,Nikhil,91.43,87.49,97.46,28.77,5.85,GOOD
S4250,Manish,62.08,53.29,73.04,8.1,4.15,AVERAGE
S4251,Kishore,67.14,70.47,63.51,14.18,1.61,AVERAGE
S4252,Bhavya,85.25,90.8,44.56,42.68,1.81,AVERAGE
S4253,Naveen,88.9,64.23,57.77,40.72,4.81,AVERAGE
S4254,Gaurav,91.27,73.42,66.28,93.59,5.23,GOOD
S4255,Deepika,60.47,47.17,96.22,11.93,1.41,AVERAGE
S4256,Deepak,76.96,43.36,85.39,14.93,2.47,AVERAGE
S4257,Dev,95.0,99.18,43.54,75.09,1.24,GOOD
S4258,Vedant,69.6,50.73,59.67,2.24,1.62,AT RISK
S4259,Pranav,71.49,60.13,69.49,65.09,1.69,AVERAGE
S4260,Rahul,99.24,70.28,91.01,74.76,3.19,GOOD
S4261,Sakshi,55.65,62.47,86.59,62.9,1.06,AVERAGE
S4262,Kishore,85.28,45.84,52.97,28.78,4.57,AVERAGE
S4263,Ravi,92.51,51.81,43.03,10.36,3.02,AVERAGE
S4264,Srinivas,57.54,69.61,47.94,99.42,3.01,AVERAGE
S4265,Aishwarya,85.72,66.33,70.2,85.94,5.81,GOOD
S4266,Kavin,73.49,87.89,45.39,73.06,2.66,AVERAGE
S4267,Harini,92.64,58.71,54.99,18.7,1.21,AVERAGE
S4268,Ashwin,95.37,96.42,89.28,43.09,3.02,GOOD
S4269,Darshan,93.62,56.97,64.12,70.98,3.34,AVERAGE
S4270,Chetan,53.22,59.88,99.77,10.14,3.35,AVERAGE
S4271,Pranav,87.84,96.96,85.36,95.73,3.32,EXCELLENT
S4272,Bharath,96.08,90.43,55.9,95.52,2.67,GOOD
S4273,Pooja,81.07,59.02,40.45,15.05,3.73,AVERAGE
S4274,Harish,80.04,63.72,71.63,19.71,5.35,AVERAGE
S4275,Surya,52.25,90.54,82.35,36.41,2.79,AVERAGE
S4276,Aman,92.8,45.17,68.18,45.07,3.68,AVERAGE
S4277,Harish,52.32,57.68,94.39,44.07,5.24,AVERAGE
S4278,Gayathri,65.68,71.89,86.08,68.82,2.99,GOOD
S4279,Jeeva,96.29,89.73,71.22,47.02,1.68,GOOD
S4280,Amrita,97.49,73.88,41.14,18.43,3.16,AVERAGE
S4281,Madhavan,99.6,69.39,60.29,26.1,3.52,AVERAGE
S4282,Yogesh,73.82,97.73,69.66,41.12,5.34,GOOD
S4283,Ananya,58.87,46.98,55.01,51.93,5.26,AVERAGE
S4284,Pranav,74.4,86.8,90.26,92.3,4.84,GOOD
S4285,Rohan,55.12,47.62,65.47,9.62,2.91,AT RISK
S4286,Ashwin,93.63,83.97,52.23,80.43,2.38,GOOD
S4287,Diya,78.03,72.59,86.75,31.09,3.21,AVERAGE
S4288,Deepak,70.23,55.88,76.5,72.7,2.6,AVERAGE
S4289,Deepika,53.98,72.6,51.82,25.83,5.9,AVERAGE
S4290,Pooja,70.26,92.76,71.96,38.51,1.42,AVERAGE
S4291,Rohan,93.31,68.33,81.67,44.33,3.53,GOOD
S4292,Gaurav,85.17,40.39,66.91,75.08,2.92,AVERAGE
S4293,Karthik,54.12,43.4,58.14,16.63,4.86,AT RISK
S4294,Dev,58.0,77.96,81.38,34.66,3.98,AVERAGE
S4295,Muthu,69.62,80.68,81.24,52.86,1.3,AVERAGE
S4296,Dhanush,55.07,64.11,41.02,65.76,4.37,AVERAGE
S4297,Shankar,96.7,54.57,54.05,7.61,3.46,AVERAGE
S4298,Swathi,82.61,82.96,78.78,9.47,4.08,AVERAGE
S4299,Nithin,54.74,58.25,53.45,71.85,1.46,AVERAGE
S4300,Anirudh,89.4,44.44,97.76,36.61,3.55,AVERAGE
S4301,Isha,68.42,64.58,49.77,16.56,3.64,AVERAGE
S4302,Yash,62.24,72.35,84.89,26.32,1.73,AVERAGE
S4303,Jatin,78.5,97.94,99.9,59.82,4.07,GOOD
S4304,Arnav,50.67,75.53,60.79,95.33,5.54,GOOD
S4305,Ishaan,73.27,52.5,76.19,73.19,1.13,AVERAGE
S4306,Jatin,92.19,89.93,46.34,79.71,2.26,GOOD
S4307,Ashwin,96.4,57.49,77.31,60.84,2.65,GOOD
S4308,Aarohi,67.13,97.56,99.25,37.12,3.72,GOOD
S4309,Vasanth,82.12,59.52,98.37,96.22,4.7,GOOD
S4310,Sneha,61.34,94.57,64.71,8.13,4.3,AVERAGE
S4311,Pooja,78.01,92.74,89.24,80.86,3.31,GOOD
S4312,Surya,62.7,91.84,89.6,25.83,5.8,GOOD
S4313,Divya,78.57,42.36,59.64,60.79,2.71,AVERAGE
S4314,Pooja,58.59,90.99,89.36,98.24,4.92,GOOD
S4315,Rajesh,97.06,83.28,49.74,84.23,5.13,GOOD
S4316,Anirudh,94.35,60.06,98.73,85.01,1.5,GOOD
S4317,Nikhil,66.85,69.41,91.85,82.31,1.22,GOOD
S4318,Ishaan,88.83,78.39,70.64,45.38,5.93,GOOD
S4319,Abhinav,54.78,96.61,63.12,39.31,2.79,AVERAGE
S4320,Amrita,87.02,86.81,96.76,51.85,4.34,GOOD
S4321,Chetan,64.12,65.71,44.27,28.51,1.15,AVERAGE
S4322,Monisha,56.78,78.73,69.9,47.81,4.82,AVERAGE
S4323,Anirudh,83.91,51.15,69.22,12.68,2.76,AVERAGE
S4324,Rahul,73.49,65.44,62.88,89.25,3.91,GOOD
S4325,Monisha,76.51,87.48,46.76,73.57,1.24,AVERAGE
S4326,Chetan,76.03,76.4,55.08,6.2,1.54,AVERAGE
S4327,Dhanush,52.97,86.99,98.99,65.99,5.12,GOOD
S4328,Nikhil,52.57,70.59,88.48,75.87,3.77,AVERAGE
S4329,Shivani,80.06,62.81,90.3,86.16,4.88,GOOD
S4330,Zoya,81.19,84.55,70.57,32.91,1.81,AVERAGE
S4331,Ramya,52.36,45.63,79.71,63.07,2.64,AVERAGE
S4332,Harish,68.92,98.72,70.3,27.61,5.26,GOOD
S4333,Rajesh,80.64,96.9,80.64,84.89,3.93,GOOD
S4334,Aman,82.83,92.82,91.81,87.52,4.35,EXCELLENT
S4335,Divya,91.41,93.06,54.56,7.66,2.03,AVERAGE
S4336,Srinivas,71.04,70.66,97.05,28.51,3.78,AVERAGE
S4337,Akash,77.41,69.88,94.82,10.28,4.67,AVERAGE
S4338,Ramya,78.93,89.2,65.16,39.88,1.86,AVERAGE
S4339,Ravi,65.6,57.0,98.61,0.51,2.5,AVERAGE
S4340,Tanvi,52.69,90.99,92.95,78.28,1.04,GOOD
S4341,Keerthi,50.21,52.05,42.4,43.15,5.81,AVERAGE
S4342,Ananya,91.81,92.75,42.53,53.43,5.48,GOOD
S4343,Zoya,60.01,72.47,82.44,74.26,1.46,AVERAGE
S4344,Swathi,81.51,90.59,87.02,71.23,5.16,GOOD
S4345,Madhavan,78.85,69.59,54.92,31.47,3.73,AVERAGE
S4346,Yash,69.98,76.51,69.92,78.28,5.82,GOOD
S4347,Aryan,91.67,95.61,72.35,64.08,3.55,GOOD
S4348,Aryan,84.92,65.09,66.74,21.82,2.03,AVERAGE
S4349,Monisha,51.14,53.22,44.15,2.93,5.28,AT RISK
S4350,Bhavya,88.83,45.46,53.13,75.62,5.69,AVERAGE
S4351,Varsha,75.35,75.4,88.87,16.56,3.65,AVERAGE
S4352,Arjun,67.35,76.67,44.39,11.26,3.04,AVERAGE
S4353,Jeeva,86.34,77.24,77.33,42.04,4.88,GOOD
S4354,Anusha,84.3,42.23,78.05,92.17,1.42,AVERAGE
S4355,Rakesh,65.53,41.64,97.39,71.82,5.21,AVERAGE
S4356,Akash,99.15,93.73,99.25,79.81,5.3,EXCELLENT
S4357,Reshma,82.44,81.73,96.7,26.99,2.48,GOOD
S4358,Deepika,80.29,46.8,72.48,83.51,1.06,AVERAGE
S4359,Srinivas,53.49,44.48,42.51,41.54,1.05,AT RISK
S4360,Darshan,63.97,49.71,56.64,97.94,5.89,AVERAGE
S4361,Kishore,72.35,88.42,68.53,56.98,4.9,GOOD
S4362,Aditya,81.53,83.39,42.35,60.62,2.79,AVERAGE
S4363,Pradeep,75.64,78.32,42.23,91.51,5.45,GOOD
S4364,Chetan,88.15,78.45,59.44,94.84,5.46,GOOD
S4365,Kishore,63.13,91.53,63.24,1.76,5.54,AVERAGE
S4366,Anjali,85.11,60.01,74.85,23.25,3.51,AVERAGE
S4367,Karthik,90.83,59.33,95.97,61.42,5.1,GOOD
S4368,Priya,88.25,65.53,63.47,0.36,1.19,AVERAGE
S4369,Arnav,88.54,99.38,42.89,31.75,1.8,AVERAGE
S4370,Darshan,94.43,73.29,72.4,19.63,4.16,AVERAGE
S4371,Gaurav,54.21,72.81,61.48,52.35,1.52,AVERAGE
S4372,Keerthi,84.86,88.58,94.07,59.73,1.22,GOOD
S4373,Shreya,98.43,50.68,65.89,18.9,1.54,AVERAGE
S4374,Dharani,78.68,64.32,59.31,53.64,3.27,AVERAGE
S4375,Shreya,60.87,78.48,83.43,39.67,3.44,AVERAGE
S4376,Shreya,99.94,99.28,69.6,99.1,5.63,EXCELLENT
S4377,Vijay,58.73,49.27,73.31,6.51,3.11,AVERAGE
S4378,Ramya,66.78,67.12,49.12,84.07,3.57,AVERAGE
S4379,Nikhil,58.6,94.33,62.51,99.95,5.08,GOOD
S4380,Preethi,73.23,83.53,42.79,54.16,5.07,AVERAGE
S4381,Monisha,70.94,76.83,85.29,68.06,2.63,GOOD
S4382,Yogesh,74.56,55.43,54.73,12.79,4.62,AVERAGE
S4383,Shivani,96.4,51.23,47.23,35.08,5.43,AVERAGE
S4384,Muthu,73.92,62.45,75.37,18.15,5.12,AVERAGE
S4385,Harish,75.73,55.31,74.77,58.33,2.64,AVERAGE
S4386,Malar,94.33,88.51,58.95,94.21,4.7,GOOD
S4387,Kavin,90.89,83.24,97.74,2.96,4.69,GOOD
S4388,Karthik,61.99,90.11,78.13,49.44,2.21,AVERAGE
S4389,Dharani,50.65,50.26,95.58,72.36,4.35,AVERAGE
S4390,Ishaan,81.47,58.6,58.04,43.06,1.44,AVERAGE
S4391,Srinivas,92.24,86.11,73.11,53.89,2.37,GOOD
S4392,Muthu,77.64,49.81,64.81,45.3,1.14,AVERAGE
S4393,Deepika,60.56,48.74,64.8,59.75,1.65,AVERAGE
S4394,Manish,87.07,62.98,42.87,6.86,1.53,AVERAGE
S4395,Muthu,83.48,51.19,53.18,54.68,5.73,AVERAGE
S4396,Riya,78.25,44.73,92.16,51.18,1.82,AVERAGE
S4397,Yogesh,93.17,58.77,90.99,18.19,1.36,AVERAGE
S4398,Aarav,89.21,92.54,46.31,53.48,4.75,GOOD
S4399,Jeeva,83.4,43.39,41.09,46.31,4.24,AVERAGE
S4400,Pavithra,83.24,73.97,46.12,59.32,4.18,AVERAGE
S4401,Shivani,83.11,73.78,78.33,56.38,5.46,GOOD
S4402,Bhavya,76.26,71.85,54.39,40.46,4.33,AVERAGE
S4403,Darshan,73.2,70.33,85.76,78.11,4.34,GOOD
S4404,Nikhil,85.48,41.03,40.35,35.75,3.28,AVERAGE
S4405,Mohan,80.52,42.85,82.95,47.45,3.83,AVERAGE
S4406,Mohan,74.5,70.67,93.18,42.64,4.83,GOOD
S4407,Anirudh,56.33,98.1,42.69,48.59,2.8,AVERAGE
S4408,Bharath,85.1,64.48,92.04,80.02,1.18,GOOD
S4409,Sakshi,82.3,68.34,95.07,70.97,3.13,GOOD
S4410,Aman,67.11,98.92,72.15,4.22,2.88,AVERAGE
S4411,Darshan,67.82,86.75,57.07,49.46,1.91,AVERAGE
S4412,Divya,62.34,86.21,73.77,12.48,4.54,AVERAGE
S4413,Ananya,98.1,70.28,58.64,72.93,5.02,GOOD
S4414,Vikram,93.01,93.87,95.99,98.67,1.79,EXCELLENT
S4415,Pranav,78.05,74.87,72.62,61.88,3.41,GOOD
S4416,Zoya,70.08,79.4,87.92,37.99,2.63,AVERAGE
S4417,Reshma,86.84,87.25,76.6,7.23,3.84,GOOD
S4418,Ananya,76.39,64.4,57.3,33.26,1.47,AVERAGE
S4419,Karthik,98.79,97.2,70.01,52.53,5.67,EXCELLENT
S4420,Sneha,52.76,99.28,92.79,88.09,1.32,GOOD
S4421,Monisha,51.71,75.23,62.97,51.3,5.11,AVERAGE
S4422,Yash,78.43,53.32,60.48,98.44,1.97,AVERAGE
S4423,Neha,60.16,86.49,97.39,36.92,4.85,GOOD
S4424,Zoya,80.22,59.33,60.04,0.05,2.41,AVERAGE
S4425,Anusha,89.07,74.63,91.57,62.86,4.95,GOOD
S4426,Sameer,56.91,45.2,50.7,21.91,5.58,AVERAGE
S4427,Sahana,72.03,88.44,87.5,24.38,5.68,GOOD
S4428,Malar,84.43,97.55,76.92,1.74,5.32,GOOD
S4429,Keerthi,91.69,45.65,47.21,53.15,3.13,AVERAGE
S4430,Harish,74.82,83.9,43.84,24.75,3.14,AVERAGE
S4431,Malar,60.31,91.65,57.9,99.43,5.76,GOOD
S4432,Diya,79.29,46.57,79.45,83.57,5.46,GOOD
S4433,Manish,72.73,54.81,61.61,72.12,3.42,AVERAGE
S4434,Gaurav,88.6,63.51,56.27,35.39,2.99,AVERAGE
S4435,Yash,77.78,90.21,74.91,7.16,1.47,AVERAGE
S4436,Kavya,63.97,69.61,97.15,66.89,2.81,GOOD
S4437,Bharath,87.72,48.22,47.31,2.23,3.36,AVERAGE
S4438,Varsha,75.89,55.38,78.67,44.16,5.15,AVERAGE
S4439,Pradeep,58.88,68.04,94.74,5.28,2.62,AVERAGE
S4440,Vasanth,78.15,42.36,72.47,55.97,2.51,AVERAGE
S4441,Aarohi,97.42,77.86,97.85,55.95,1.13,GOOD
S4442,Riya,85.28,41.52,75.87,53.06,1.2,AVERAGE
S4443,Divya,64.94,86.85,80.36,71.46,5.04,GOOD
S4444,Shivani,85.54,84.03,87.48,22.82,1.82,GOOD
S4445,Janani,64.13,91.93,51.98,24.22,5.83,AVERAGE
S4446,Lakshmi,77.13,49.46,73.61,41.62,1.3,AVERAGE
S4447,Vedant,76.33,76.16,76.86,70.28,5.03,GOOD
S4448,Yash,62.37,86.86,47.21,11.68,1.58,AVERAGE
S4449,Sanjay,67.39,70.94,67.33,88.59,4.17,GOOD
S4450,Sakshi,97.11,47.85,86.24,25.22,4.78,AVERAGE
S4451,Akash,62.53,45.94,42.44,12.79,2.13,AT RISK
S4452,Riya,90.05,76.35,64.81,59.9,3.8,GOOD
S4453,Meera,83.37,69.86,48.74,27.56,4.9,AVERAGE
S4454,Pavithra,76.63,95.77,50.54,40.88,1.85,AVERAGE
S4455,Ravi,56.88,90.03,70.75,6.11,3.61,AVERAGE
S4456,Madhavan,60.23,83.42,41.77,46.5,3.66,AVERAGE
S4457,Abhinav,58.95,98.94,65.5,30.37,4.84,GOOD
S4458,Rajesh,79.34,81.68,41.54,16.98,2.81,AVERAGE
S4459,Nikhil,98.67,45.54,95.53,38.63,4.23,GOOD
S4460,Pranav,93.86,44.65,92.98,77.01,5.75,GOOD
S4461,Vasanth,51.26,88.95,52.7,76.37,4.54,AVERAGE
S4462,Ravi,63.69,61.64,43.95,36.05,1.09,AVERAGE
S4463,Akash,57.86,95.46,55.04,97.42,1.75,GOOD
S4464,Mohan,98.78,47.09,41.7,12.59,2.99,AVERAGE
S4465,Kishore,61.78,51.93,84.09,85.48,3.02,AVERAGE
S4466,Swathi,60.07,86.39,74.43,97.9,2.65,GOOD
S4467,Ishaan,81.04,90.85,72.63,57.3,3.22,GOOD
S4468,Srinivas,77.81,92.03,91.12,6.01,5.72,GOOD
S4469,Ravi,61.29,45.95,88.56,92.1,5.02,AVERAGE
S4470,Divya,83.52,62.91,64.53,43.7,1.69,AVERAGE
S4471,Kishore,54.85,78.78,76.62,17.19,3.22,AVERAGE
S4472,Kavin,50.97,95.13,66.51,89.14,4.41,GOOD
S4473,Sahana,54.12,54.34,77.44,42.69,1.82,AVERAGE
S4474,Kavya,68.24,76.02,49.09,49.94,1.25,AVERAGE
S4475,Dhanush,98.75,48.61,58.0,57.1,5.79,AVERAGE
S4476,Tanvi,77.36,84.84,55.11,90.66,4.92,GOOD
S4477,Swathi,87.74,47.65,50.05,50.37,5.43,AVERAGE
S4478,Pooja,66.07,100.0,64.83,88.82,4.91,GOOD
S4479,Malar,85.97,45.54,83.59,17.02,4.4,AVERAGE
S4480,Muthu,98.31,81.12,63.76,61.67,4.83,GOOD
S4481,Harish,67.89,86.62,98.96,52.55,3.63,GOOD
S4482,Muthu,99.95,55.48,58.13,32.5,2.29,AVERAGE
S4483,Gaurav,81.92,55.29,96.89,21.25,1.47,AVERAGE
S4484,Pooja,87.43,75.77,51.61,6.99,3.99,AVERAGE
S4485,Aarohi,62.61,77.83,59.25,26.17,2.1,AVERAGE
S4486,Meera,82.15,83.23,49.84,68.06,5.12,GOOD
S4487,Vidya,75.55,74.82,54.27,27.82,3.68,AVERAGE
S4488,Rakesh,97.82,50.47,49.43,72.81,5.98,GOOD
S4489,Janani,95.23,95.45,77.49,87.52,2.93,EXCELLENT
S4490,Arjun,69.83,50.0,52.04,69.43,3.1,AVERAGE
S4491,Anirudh,97.34,73.91,45.11,80.51,2.35,GOOD
S4492,Naveen,94.24,95.2,55.99,57.32,2.43,GOOD
S4493,Kishore,79.52,94.78,80.7,94.66,3.39,GOOD
S4494,Surya,54.11,50.07,65.72,76.29,1.32,AVERAGE
S4495,Swathi,58.04,54.32,49.37,32.27,5.17,AVERAGE
S4496,Arjun,53.84,76.11,43.81,72.33,1.49,AVERAGE
S4497,Sakshi,55.4,60.23,83.76,67.19,5.53,AVERAGE
S4498,Aryan,98.85,83.85,82.25,75.14,3.0,GOOD
S4499,Rakesh,60.61,71.34,67.69,31.94,3.3,AVERAGE
S4500,Akshara,84.54,55.97,71.66,50.96,5.82,AVERAGE
S4501,Aishwarya,81.83,64.66,54.43,88.04,4.7,GOOD
S4502,Krishna,81.56,81.47,69.12,97.57,2.39,GOOD
S4503,Diya,60.34,87.11,83.72,35.99,2.53,AVERAGE
S4504,Aadhya,78.97,62.17,86.29,48.67,1.75,AVERAGE
S4505,Sahana,81.28,46.3,60.43,33.08,4.19,AVERAGE
S4506,Preethi,78.52,61.2,80.73,71.79,4.3,GOOD
S4507,Pavithra,59.31,77.83,69.19,3.88,5.45,AVERAGE
S4508,Akash,86.15,85.59,84.36,95.38,2.42,GOOD
S4509,Meera,53.66,92.78,81.45,54.94,1.34,AVERAGE
S4510,Anusha,79.56,97.72,85.02,27.09,2.1,GOOD
S4511,Vignesh,71.81,71.76,49.89,3.73,5.82,AVERAGE
S4512,Aryan,62.51,92.81,59.33,56.07,5.94,GOOD
S4513,Avinash,90.37,55.72,55.9,58.62,2.77,AVERAGE
S4514,Isha,58.79,73.58,66.82,69.52,3.45,AVERAGE
S4515,Anusha,96.65,72.36,67.89,52.54,5.23,GOOD
S4516,Chetan,94.23,86.12,80.04,51.57,3.39,GOOD
S4517,Shankar,68.03,86.39,74.18,30.41,5.79,GOOD
S4518,Dharani,65.26,57.12,74.79,19.4,5.19,AVERAGE
S4519,Surya,56.87,93.15,77.98,25.1,4.71,AVERAGE
S4520,Pradeep,95.82,93.49,56.37,37.48,4.14,GOOD
S4521,Manish,81.38,96.89,53.57,77.33,2.03,GOOD
S4522,Pradeep,51.59,67.46,52.91,11.83,1.91,AT RISK
S4523,Chetan,75.55,99.24,86.77,64.37,5.33,GOOD
S4524,Kavya,54.29,87.09,45.84,3.8,2.2,AVERAGE
S4525,Dhanush,78.69,79.19,58.97,4.31,2.22,AVERAGE
S4526,Ashwin,75.45,65.94,56.82,27.36,5.23,AVERAGE
S4527,Ananya,54.14,90.55,75.52,35.72,1.23,AVERAGE
S4528,Deepika,90.79,85.85,95.45,18.99,4.59,GOOD
S4529,Aryan,63.12,75.13,92.72,88.62,4.08,GOOD
S4530,Neha,77.07,99.83,46.32,30.47,1.19,AVERAGE
S4531,Aman,81.95,54.97,72.41,46.84,1.91,AVERAGE
S4532,Akshara,98.12,78.51,42.23,99.41,2.5,GOOD
S4533,Darshan,74.69,59.27,87.54,25.39,2.14,AVERAGE
S4534,Amrita,95.87,67.47,62.48,61.88,1.85,AVERAGE
S4535,Aman,67.74,60.34,52.89,74.65,5.27,AVERAGE
S4536,Abhinav,92.87,60.07,69.05,27.1,5.62,AVERAGE
S4537,Ashwin,61.79,62.61,66.11,5.75,1.88,AVERAGE
S4538,Srinivas,85.37,43.4,96.59,79.14,3.89,GOOD
S4539,Pradeep,54.43,42.39,41.99,28.9,3.17,AT RISK
S4540,Kavin,99.3,83.5,97.0,32.13,2.88,GOOD
S4541,Vijay,97.7,58.65,54.06,41.47,5.77,AVERAGE
S4542,Amrita,72.11,41.27,48.7,3.9,1.23,AT RISK
S4543,Malar,76.2,44.89,84.51,85.14,5.87,GOOD
S4544,Abhinav,79.89,51.75,71.35,86.33,2.59,AVERAGE
S4545,Anirudh,63.75,42.89,93.74,87.14,3.85,AVERAGE
S4546,Pooja,83.72,96.77,72.56,18.26,5.66,GOOD
S4547,Sahana,84.93,74.1,70.33,97.62,4.23,GOOD
S4548,Keerthi,76.25,63.64,52.37,66.15,4.84,AVERAGE
S4549,Anirudh,57.39,71.96,96.99,59.29,1.48,AVERAGE
S4550,Rahul,95.96,46.77,79.87,72.23,3.85,GOOD
S4551,Srinivas,55.75,82.11,76.09,75.6,2.55,AVERAGE
S4552,Varsha,81.46,98.18,87.4,41.61,3.1,GOOD
S4553,Janani,55.15,47.84,46.08,58.39,2.19,AT RISK
S4554,Pranav,57.31,49.16,91.98,58.51,4.08,AVERAGE
S4555,Rakesh,51.03,77.72,70.03,0.78,3.68,AVERAGE
S4556,Hari,68.17,49.12,88.13,0.98,1.64,AVERAGE
S4557,Meera,81.98,47.56,82.76,47.07,4.65,AVERAGE
S4558,Chetan,76.08,80.23,67.08,55.85,2.42,AVERAGE
S4559,Rohan,83.73,77.12,86.18,70.72,3.93,GOOD
S4560,Akshara,83.75,53.06,83.24,75.27,5.34,GOOD
S4561,Chetan,57.01,89.39,40.22,58.58,2.99,AVERAGE
S4562,Priya,52.87,46.32,82.55,28.44,4.2,AVERAGE
S4563,Muthu,81.27,59.95,70.53,61.93,5.31,GOOD
S4564,Monisha,82.66,84.33,90.37,25.98,4.11,GOOD
S4565,Isha,77.84,76.83,88.58,81.76,5.92,GOOD
S4566,Priya,62.29,76.0,50.24,42.33,1.41,AVERAGE
S4567,Bhavya,90.54,81.18,41.31,89.5,2.81,GOOD
S4568,Madhavan,53.78,78.79,51.78,12.79,4.51,AVERAGE
S4569,Harish,81.62,92.46,84.47,70.55,3.44,GOOD
S4570,Muthu,56.02,74.13,92.28,42.93,2.29,AVERAGE
S4571,Rajesh,82.72,64.08,82.03,12.74,2.67,AVERAGE
S4572,Ganesh,70.89,85.97,89.24,55.9,4.62,GOOD
S4573,Manish,85.91,55.55,75.23,21.19,4.93,AVERAGE
S4574,Vidya,52.61,85.58,70.39,29.24,4.17,AVERAGE
S4575,Ganesh,77.75,56.8,98.22,45.62,5.44,GOOD
S4576,Aishwarya,57.24,68.82,44.84,36.44,3.61,AVERAGE
S4577,Ramya,84.12,84.35,65.28,38.87,5.12,GOOD
S4578,Sahana,56.0,77.66,56.68,39.7,1.54,AVERAGE
S4579,Aman,53.68,45.14,47.32,1.7,5.93,AT RISK
S4580,Sahana,85.66,66.79,76.33,36.73,5.37,GOOD
S4581,Mahesh,53.18,88.71,55.8,39.35,5.47,AVERAGE
S4582,Diya,61.23,99.81,67.78,59.27,5.4,GOOD
S4583,Keerthi,91.24,68.01,48.2,48.09,5.21,AVERAGE
S4584,Madhavan,90.48,45.16,63.4,17.25,1.43,AVERAGE
S4585,Dhanush,92.71,61.97,52.02,58.79,5.55,GOOD
S4586,Riya,66.3,69.4,93.82,3.51,1.84,AVERAGE
S4587,Ganesh,76.4,44.41,71.34,33.33,5.34,AVERAGE
S4588,Bharath,88.67,91.86,87.97,62.01,3.79,GOOD
S4589,Shankar,56.85,72.33,69.14,62.4,2.41,AVERAGE
S4590,Arnav,86.22,64.97,42.54,18.04,2.57,AVERAGE
S4591,Kavya,54.87,63.83,81.67,33.92,2.35,AVERAGE
S4592,Darshan,95.66,41.7,42.87,45.77,4.63,AVERAGE
S4593,Vedant,81.87,71.13,63.7,41.14,4.68,AVERAGE
S4594,Harish,74.67,68.53,72.82,68.54,3.14,AVERAGE
S4595,Karthik,74.24,60.75,86.79,74.02,3.14,GOOD
S4596,Manish,59.07,79.52,93.92,4.09,2.07,AVERAGE
S4597,Varun,67.3,64.66,52.29,74.53,2.99,AVERAGE
S4598,Karthik,86.36,74.31,79.81,87.85,4.31,GOOD
S4599,Anjali,77.05,93.1,68.21,91.39,4.13,GOOD
S4600,Rakesh,76.47,61.83,86.05,5.6,1.65,AVERAGE
S4601,Zoya,59.76,63.88,96.39,88.37,4.66,GOOD
S4602,Bhavya,84.52,91.95,71.98,16.37,5.95,GOOD
S4603,Anjali,69.6,61.49,57.21,33.83,5.05,AVERAGE
S4604,Surya,59.14,66.36,87.91,38.17,1.04,AVERAGE
S4605,Ashwin,97.19,88.05,71.6,29.9,5.11,GOOD
S4606,Lakshmi,75.34,75.51,92.94,29.47,1.15,AVERAGE
S4607,Harini,76.4,96.03,73.96,16.94,1.67,AVERAGE
S4608,Zoya,99.07,68.24,96.23,65.9,2.21,GOOD
S4609,Dharani,68.32,68.74,41.05,58.05,3.46,AVERAGE
S4610,Varun,97.15,42.58,84.34,61.35,5.22,GOOD
S4611,Ganesh,84.75,51.84,60.79,52.14,5.07,AVERAGE
S4612,Yash,81.65,72.4,80.12,22.08,2.86,AVERAGE
S4613,Aman,61.72,51.23,96.54,58.63,3.37,AVERAGE
S4614,Madhavan,52.59,67.22,79.23,65.37,1.85,AVERAGE
S4615,Rakesh,71.89,57.0,84.7,5.19,5.76,AVERAGE
S4616,Akash,50.51,41.25,49.48,98.77,2.37,AVERAGE
S4617,Pooja,53.55,68.51,50.23,57.98,2.02,AVERAGE
S4618,Rahul,79.77,78.78,74.41,63.83,5.94,GOOD
S4619,Amrita,86.22,60.29,65.84,56.97,2.06,AVERAGE
S4620,Gayathri,58.4,86.59,46.67,69.07,1.91,AVERAGE
S4621,Divya,86.63,48.76,83.7,65.68,5.91,GOOD
S4622,Manish,97.49,45.48,81.94,79.92,1.38,AVERAGE
S4623,Rakesh,87.16,96.09,45.49,16.15,1.17,AVERAGE
S4624,Preethi,89.24,95.3,42.92,16.37,3.28,AVERAGE
S4625,Kishore,85.04,64.39,62.73,21.96,2.48,AVERAGE
S4626,Malar,61.24,65.2,77.98,96.35,5.35,GOOD
S4627,Gaurav,68.04,91.06,93.61,35.7,4.67,GOOD
S4628,Rajesh,97.46,71.83,66.07,31.62,3.7,GOOD
S4629,Pradeep,83.06,47.03,45.05,22.93,1.05,AT RISK
S4630,Rohan,89.45,46.89,90.43,48.14,2.33,AVERAGE
S4631,Tanvi,98.43,47.87,47.49,90.53,5.45,GOOD
S4632,Abhinav,61.57,86.85,78.24,67.42,2.24,GOOD
S4633,Mahesh,66.08,76.11,64.81,18.78,1.14,AVERAGE
S4634,Yogesh,82.24,57.99,94.57,83.74,2.16,GOOD
S4635,Sakshi,51.22,49.72,82.29,94.55,4.78,AVERAGE
S4636,Tanvi,78.56,47.41,40.01,71.31,5.3,AVERAGE
S4637,Sanjay,90.43,84.48,62.37,59.36,2.43,GOOD
S4638,Amrita,80.52,93.15,50.82,67.18,2.16,GOOD
S4639,Zoya,64.77,71.86,57.01,73.6,5.19,AVERAGE
S4640,Jeeva,86.21,86.36,63.94,85.94,1.98,GOOD
S4641,Surya,57.3,56.99,72.48,65.87,2.82,AVERAGE
S4642,Surya,94.74,75.14,87.9,53.15,2.9,GOOD
S4643,Sanjay,55.05,66.28,45.19,18.24,2.98,AVERAGE
S4644,Vidya,93.17,45.26,66.47,37.42,1.38,AVERAGE
S4645,Srinivas,74.89,69.24,91.04,8.46,5.22,AVERAGE
S4646,Aishwarya,71.43,90.81,65.93,72.85,2.08,GOOD
S4647,Yash,75.03,43.11,71.16,99.23,2.83,AVERAGE
S4648,Gayathri,60.01,68.63,86.72,9.6,4.19,AVERAGE
S4649,Kavin,72.88,92.4,82.77,44.02,5.02,GOOD
S4650,Aryan,92.49,87.4,70.6,70.01,3.94,GOOD
S4651,Aman,90.05,69.61,98.03,2.99,2.81,AVERAGE
S4652,Pooja,58.15,50.28,42.17,43.96,1.03,AT RISK
S4653,Sneha,83.67,90.91,43.27,79.48,3.48,GOOD
S4654,Charan,92.84,49.19,65.64,29.32,3.81,AVERAGE
S4655,Sameer,90.99,56.61,49.47,65.97,2.8,AVERAGE
S4656,Sneha,71.28,47.46,52.99,60.73,4.15,AVERAGE
S4657,Surya,52.4,67.54,49.0,70.0,4.94,AVERAGE
S4658,Manish,96.56,77.75,81.54,24.02,1.18,AVERAGE
S4659,Sanjay,69.79,89.63,65.28,16.83,5.06,AVERAGE
S4660,Varun,68.05,67.68,90.05,1.69,3.95,AVERAGE
S4661,Rohan,87.98,98.24,55.02,48.03,2.63,GOOD
S4662,Yogesh,63.2,75.75,77.41,18.68,4.47,AVERAGE
S4663,Yogesh,91.74,76.26,52.81,65.12,4.52,GOOD
S4664,Sneha,53.8,50.52,40.87,54.92,4.79,AVERAGE
S4665,Riya,87.04,51.41,81.34,83.37,3.06,GOOD
S4666,Vijay,98.29,74.6,48.73,80.19,3.88,GOOD
S4667,Deepika,99.79,83.25,81.63,36.12,3.38,GOOD
S4668,Priya,96.19,52.28,81.44,29.63,2.82,AVERAGE
S4669,Dhanush,93.54,69.04,80.09,8.22,1.65,AVERAGE
S4670,Avinash,63.94,61.37,75.52,75.64,5.6,GOOD
S4671,Ananya,98.33,66.33,93.1,49.62,1.64,GOOD
S4672,Vijay,96.39,53.33,44.54,33.63,4.24,AVERAGE
S4673,Aarav,76.72,48.44,95.91,70.36,3.0,AVERAGE
S4674,Aishwarya,70.1,59.23,43.96,27.41,5.11,AVERAGE
S4675,Rahul,55.46,92.14,69.72,47.8,3.36,AVERAGE
S4676,Nandini,79.53,88.31,95.39,43.6,1.93,GOOD
S4677,Mahesh,85.03,46.1,56.14,27.02,1.75,AVERAGE
S4678,Swathi,70.2,45.27,90.27,79.04,2.96,AVERAGE
S4679,Kavin,70.3,69.58,75.59,70.73,3.67,GOOD
S4680,Hari,78.67,56.64,91.67,51.95,4.15,AVERAGE
S4681,Abhinav,51.39,89.41,42.91,69.12,5.24,AVERAGE
S4682,Dhanush,97.89,69.17,73.36,8.94,2.87,AVERAGE
S4683,Vedant,64.5,91.16,51.32,42.98,4.91,AVERAGE
S4684,Anusha,57.04,46.49,41.08,60.02,2.12,AT RISK
S4685,Bhavya,50.27,98.2,81.34,39.38,5.39,GOOD
S4686,Arjun,92.84,86.03,84.98,71.41,1.49,GOOD
S4687,Vasanth,93.16,83.91,84.18,52.22,5.02,GOOD
S4688,Yogesh,54.77,96.41,83.62,38.29,2.34,AVERAGE
S4689,Chetan,57.61,68.22,88.0,41.53,4.28,AVERAGE
S4690,Pooja,72.4,48.93,68.18,71.62,3.72,AVERAGE
S4691,Anjali,59.29,69.81,60.85,6.58,3.89,AVERAGE
S4692,Dev,86.79,88.91,86.26,83.82,5.9,EXCELLENT
S4693,Lakshmi,52.9,91.57,79.99,5.74,3.99,AVERAGE
S4694,Nikhil,77.49,69.31,52.0,13.27,2.08,AVERAGE
S4695,Aishwarya,69.14,83.94,66.12,81.02,3.05,GOOD
S4696,Keerthi,73.25,54.82,50.93,37.45,1.48,AVERAGE
S4697,Pranav,71.24,53.83,86.73,45.94,2.68,AVERAGE
S4698,Karthik,57.66,75.18,54.83,37.28,2.46,AVERAGE
S4699,Madhavan,61.01,65.31,77.36,9.3,4.22,AVERAGE
S4700,Bhavya,53.24,49.66,84.12,60.86,5.57,AVERAGE
S4701,Gaurav,55.76,85.68,99.5,68.91,2.41,GOOD
S4702,Harish,98.89,71.93,65.99,18.99,5.24,GOOD
S4703,Shankar,63.99,71.22,92.35,75.21,5.38,GOOD
S4704,Vasanth,65.35,51.36,79.86,9.98,4.16,AVERAGE
S4705,Shreya,56.36,54.47,40.51,77.48,4.49,AVERAGE
S4706,Bhavya,87.76,81.56,63.48,70.13,4.99,GOOD
S4707,Madhavan,96.21,91.11,63.65,91.21,2.86,GOOD
S4708,Sanjay,89.49,50.63,47.18,81.35,5.93,AVERAGE
S4709,Rajesh,80.63,88.74,66.23,84.45,2.91,GOOD
S4710,Mohan,90.66,87.29,46.99,95.77,1.42,GOOD
S4711,Gayathri,70.21,88.89,90.12,84.43,4.66,GOOD
S4712,Nithin,92.97,74.9,61.71,79.64,2.67,GOOD
S4713,Divya,89.93,61.11,50.99,19.61,1.14,AVERAGE
S4714,Jeeva,50.09,86.26,76.11,75.51,1.9,AVERAGE
S4715,Karthik,74.39,68.8,91.45,63.27,2.85,GOOD
S4716,Meera,63.23,53.31,96.1,96.16,2.06,AVERAGE
S4717,Ishaan,54.31,64.14,93.66,72.0,1.68,AVERAGE
S4718,Ganesh,92.31,67.46,92.92,25.96,1.81,AVERAGE
S4719,Isha,50.4,70.32,60.88,16.41,4.13,AVERAGE
S4720,Anirudh,86.51,93.85,70.33,28.14,1.64,GOOD
S4721,Vijay,99.41,64.67,62.28,48.01,4.92,GOOD
S4722,Madhavan,74.1,57.09,95.34,65.25,5.21,GOOD
S4723,Gayathri,68.56,97.74,45.57,21.51,4.62,AVERAGE
S4724,Aarav,80.29,54.52,73.26,23.28,2.23,AVERAGE
S4725,Gayathri,90.23,40.67,54.81,30.19,3.88,AVERAGE
S4726,Arjun,62.01,90.99,91.02,80.73,1.31,GOOD
S4727,Srinivas,62.54,97.27,60.35,36.54,5.71,GOOD
S4728,Meera,80.36,80.93,91.82,7.84,1.04,AVERAGE
S4729,Anirudh,96.99,64.46,95.68,54.5,2.11,GOOD
S4730,Jeeva,64.92,72.63,50.32,0.59,1.41,AVERAGE
S4731,Ramya,68.84,89.92,85.26,67.37,5.97,GOOD
S4732,Pooja,99.67,93.12,61.0,84.21,1.2,GOOD
S4733,Varsha,58.81,46.15,64.2,16.64,1.01,AT RISK
S4734,Lakshmi,53.85,92.08,56.46,84.46,1.5,AVERAGE
S4735,Diya,79.49,77.04,77.0,67.9,5.41,GOOD
S4736,Naveen,51.21,41.94,60.59,9.86,3.0,AT RISK
S4737,Srinivas,59.02,46.51,84.44,22.79,5.72,AVERAGE
S4738,Charan,81.11,42.73,86.71,22.73,5.8,AVERAGE
S4739,Preethi,82.98,96.91,63.71,20.57,4.63,GOOD
S4740,Divya,75.52,65.59,40.28,33.46,1.84,AVERAGE
S4741,Keerthi,69.19,82.94,43.96,90.77,5.86,GOOD
S4742,Varsha,78.81,40.1,56.43,22.41,3.19,AVERAGE
S4743,Rahul,82.17,87.59,97.23,92.67,3.32,EXCELLENT
S4744,Harish,90.17,68.92,63.63,54.97,4.18,GOOD
S4745,Darshan,89.64,95.42,84.65,51.7,4.58,GOOD
S4746,Rakesh,83.24,71.25,96.16,67.38,5.81,GOOD
S4747,Darshan,94.71,87.33,60.5,80.57,5.85,GOOD
S4748,Shivani,91.9,77.77,73.68,95.76,3.07,GOOD
S4749,Shankar,56.66,71.23,91.14,0.27,1.71,AVERAGE
S4750,Vijay,97.83,96.89,76.89,39.81,5.58,GOOD
S4751,Muthu,94.59,69.74,46.73,17.9,1.59,AVERAGE
S4752,Yogesh,66.05,93.54,86.17,15.18,3.76,GOOD
S4753,Isha,51.01,42.16,94.25,14.7,1.83,AT RISK
S4754,Abhinav,80.2,79.45,86.13,70.98,2.79,GOOD
S4755,Lakshmi,71.92,94.7,85.15,5.11,3.65,GOOD
S4756,Anirudh,87.48,93.96,85.34,83.67,4.52,EXCELLENT
S4757,Tanvi,76.23,69.1,76.75,75.26,5.88,GOOD
S4758,Amrita,53.82,68.33,54.87,40.93,5.59,AVERAGE
S4759,Vedant,62.23,88.63,94.65,42.55,3.6,GOOD
S4760,Deepak,94.13,60.1,47.73,67.84,2.56,AVERAGE
S4761,Shreya,51.88,96.23,89.64,1.08,3.68,AVERAGE
S4762,Vignesh,86.83,55.04,61.56,38.71,2.83,AVERAGE
S4763,Anirudh,64.6,44.46,80.43,18.01,3.3,AVERAGE
S4764,Pranav,72.63,86.32,88.31,18.08,5.57,GOOD
S4765,Pooja,76.55,64.28,87.92,55.06,3.57,GOOD
S4766,Dharani,62.5,61.35,49.67,24.59,1.21,AT RISK
S4767,Kishore,82.6,59.25,76.66,37.52,4.42,AVERAGE
S4768,Nithin,84.67,98.83,52.87,71.73,2.4,GOOD
S4769,Manish,54.25,74.3,46.73,62.07,2.07,AVERAGE
S4770,Priya,68.7,99.51,70.81,33.0,4.83,GOOD
S4771,Manish,87.22,60.61,99.25,4.96,1.83,AVERAGE
S4772,Srinivas,86.08,64.84,98.9,2.67,4.05,AVERAGE
S4773,Aryan,77.23,52.71,74.4,48.75,5.09,AVERAGE
S4774,Rahul,88.88,65.82,86.33,42.15,2.5,AVERAGE
S4775,Deepika,55.38,43.72,54.98,79.64,3.36,AVERAGE
S4776,Swathi,55.91,40.03,53.46,8.2,3.89,AT RISK
S4777,Ramya,82.87,67.18,82.39,84.99,4.21,GOOD
S4778,Darshan,84.67,84.76,87.16,21.25,5.86,GOOD
S4779,Rakesh,90.73,66.22,84.51,35.07,5.44,GOOD
S4780,Akash,59.05,71.08,46.27,85.99,2.05,AVERAGE
S4781,Divya,75.84,66.74,61.38,83.77,3.73,GOOD
S4782,Arjun,83.04,71.61,42.65,51.49,1.79,AVERAGE
S4783,Madhavan,61.18,86.54,87.17,8.17,1.3,AVERAGE
S4784,Darshan,75.85,88.23,58.7,59.05,2.84,GOOD
S4785,Varun,81.92,90.28,65.78,76.17,2.6,GOOD
S4786,Deepak,60.72,52.75,74.73,26.23,3.85,AVERAGE
S4787,Aarohi,68.78,67.47,40.03,18.31,4.21,AVERAGE
S4788,Anusha,60.82,89.86,61.25,49.7,2.93,AVERAGE
S4789,Krishna,95.15,96.51,83.64,74.93,5.34,EXCELLENT
S4790,Arnav,61.84,72.58,57.16,50.49,5.21,AVERAGE
S4791,Deepak,56.04,69.58,74.23,23.95,4.61,AVERAGE
S4792,Ishaan,51.76,85.88,98.63,86.89,2.75,GOOD
S4793,Bharath,52.25,99.5,47.09,87.2,2.21,AVERAGE
S4794,Sanjana,59.58,65.56,56.09,65.83,1.58,AVERAGE
S4795,Jatin,80.41,49.91,81.04,7.43,2.25,AVERAGE
S4796,Ganesh,50.88,90.06,75.9,23.21,5.8,AVERAGE
S4797,Akshara,64.34,82.63,98.68,61.87,3.09,GOOD
S4798,Aadhya,52.91,48.7,42.08,78.13,3.08,AVERAGE
S4799,Akash,70.18,59.41,92.68,47.43,3.35,AVERAGE
S4800,Surya,52.43,73.19,69.31,30.4,4.24,AVERAGE
S4801,Vijay,80.38,83.89,53.61,88.45,5.6,GOOD
S4802,Nithin,84.42,86.84,70.2,38.13,1.57,AVERAGE
S4803,Aarohi,86.57,49.34,64.73,91.62,5.1,GOOD
S4804,Aarohi,61.22,53.01,50.76,53.23,3.24,AVERAGE
S4805,Rajesh,93.43,84.65,53.16,61.43,2.37,GOOD
S4806,Arjun,84.51,46.97,57.29,12.5,3.72,AVERAGE
S4807,Bhavya,52.83,69.89,73.13,26.76,3.7,AVERAGE
S4808,Sneha,72.04,72.76,44.99,97.47,1.67,AVERAGE
S4809,Yash,88.39,60.36,45.33,71.87,1.49,AVERAGE
S4810,Divya,65.54,87.78,59.9,47.71,4.13,AVERAGE
S4811,Rakesh,69.08,43.32,82.44,52.14,4.68,AVERAGE
S4812,Dharani,81.48,86.65,98.7,8.78,4.07,GOOD
S4813,Rakesh,52.77,78.76,40.72,78.33,2.76,AVERAGE
S4814,Neha,98.35,70.43,98.34,7.14,3.78,GOOD
S4815,Aman,58.72,92.34,81.16,38.7,5.53,GOOD
S4816,Riya,51.33,52.13,94.06,41.07,5.62,AVERAGE
S4817,Nithin,50.27,88.05,72.18,60.31,2.16,AVERAGE
S4818,Anjali,69.98,51.27,67.78,41.55,1.48,AVERAGE
S4819,Sanjana,94.21,99.43,87.11,96.07,4.27,EXCELLENT
S4820,Aryan,90.99,41.97,73.07,79.79,1.87,AVERAGE
S4821,Aadhya,95.6,73.19,93.84,95.93,5.01,EXCELLENT
S4822,Tanvi,76.69,50.08,93.58,51.87,2.4,AVERAGE
S4823,Deepak,72.44,64.48,71.83,30.22,1.75,AVERAGE
S4824,Vikram,69.29,48.88,74.43,98.13,5.08,GOOD
S4825,Shankar,52.32,51.63,67.38,8.12,2.04,AT RISK
S4826,Manish,95.48,43.66,81.36,92.71,1.04,AVERAGE
S4827,Tanvi,74.81,40.48,80.94,9.58,5.11,AVERAGE
S4828,Ganesh,72.75,83.16,79.04,80.69,1.47,GOOD
S4829,Bhavya,75.76,67.21,43.74,77.99,3.1,AVERAGE
S4830,Sanjana,89.71,42.74,97.81,65.97,2.98,AVERAGE
S4831,Diya,61.22,96.34,60.14,78.26,1.71,GOOD
S4832,Nithin,85.5,79.94,54.77,8.81,1.18,AVERAGE
S4833,Bharath,85.54,55.86,52.66,37.35,1.42,AVERAGE
S4834,Avinash,92.48,66.32,44.16,33.65,3.14,AVERAGE
S4835,Jeeva,50.43,69.36,67.42,98.15,5.79,GOOD
S4836,Dev,58.52,74.2,42.49,47.25,4.62,AVERAGE
S4837,Vikram,73.55,91.45,49.65,4.97,4.57,AVERAGE
S4838,Vidya,92.53,75.39,40.32,25.93,4.35,AVERAGE
S4839,Vidya,98.26,98.72,50.48,84.41,4.85,EXCELLENT
S4840,Reshma,79.74,83.61,99.71,89.16,3.65,GOOD
S4841,Sanjay,60.61,99.31,72.49,92.74,5.93,GOOD
S4842,Varun,59.23,73.04,44.03,14.41,4.04,AVERAGE
S4843,Keerthi,81.97,80.71,73.85,68.81,4.15,GOOD
S4844,Surya,60.5,84.27,76.05,40.23,1.11,AVERAGE
S4845,Sakshi,77.65,85.28,72.86,73.55,4.77,GOOD
S4846,Malar,91.74,41.47,60.16,82.44,2.78,AVERAGE
S4847,Mohan,69.49,47.65,79.43,26.13,4.87,AVERAGE
S4848,Kishore,68.92,53.66,48.56,50.03,5.24,AVERAGE
S4849,Divya,51.81,56.29,53.17,32.73,1.11,AT RISK
S4850,Kavin,62.7,94.32,99.68,45.59,2.92,GOOD
S4851,Aditya,84.91,83.36,64.94,29.06,5.52,GOOD
S4852,Arjun,68.02,48.6,48.87,33.96,1.64,AT RISK
S4853,Mohan,57.91,65.58,53.02,27.23,4.72,AVERAGE
S4854,Sameer,55.29,54.59,83.45,29.84,2.62,AVERAGE
S4855,Janani,54.75,89.79,46.98,57.8,3.55,AVERAGE
S4856,Mohan,82.96,95.07,61.24,60.03,5.52,GOOD
S4857,Aadhya,80.63,49.86,59.7,92.07,4.16,AVERAGE
S4858,Lakshmi,75.93,64.99,53.68,39.06,3.17,AVERAGE
S4859,Rahul,75.02,97.17,68.61,65.75,4.49,GOOD
S4860,Tanvi,57.66,79.43,46.61,96.55,2.11,AVERAGE
S4861,Aishwarya,75.03,92.09,67.39,46.64,1.06,AVERAGE
S4862,Harish,53.0,61.46,41.96,77.92,4.09,AVERAGE
S4863,Zoya,96.29,52.58,98.22,96.98,5.31,GOOD
S4864,Anirudh,52.9,81.48,76.29,78.98,4.5,GOOD
S4865,Malar,71.18,48.25,44.5,8.05,3.6,AT RISK
S4866,Srinivas,50.03,90.39,51.44,19.31,1.72,AVERAGE
S4867,Pavithra,89.31,85.29,84.19,29.49,1.42,GOOD
S4868,Divya,58.31,58.29,83.9,68.62,2.4,AVERAGE
S4869,Janani,96.25,69.92,61.9,67.14,5.82,GOOD
S4870,Aditya,52.2,87.95,48.91,13.72,3.31,AVERAGE
S4871,Arjun,91.04,96.09,72.16,44.93,5.02,GOOD
S4872,Ravi,82.83,61.13,56.58,42.18,1.06,AVERAGE
S4873,Sakshi,62.49,87.4,45.81,68.99,3.36,AVERAGE
S4874,Anjali,60.12,51.67,60.76,26.09,2.23,AVERAGE
S4875,Yash,67.88,94.21,85.06,23.78,5.76,GOOD
S4876,Harini,91.42,81.18,61.25,59.67,1.99,GOOD
S4877,Harish,93.1,49.16,42.45,8.28,1.25,AT RISK
S4878,Deepak,58.76,84.39,47.22,66.89,1.81,AVERAGE
S4879,Aditya,67.67,83.44,75.78,43.94,1.32,AVERAGE
S4880,Ravi,61.87,84.54,71.33,53.63,2.58,AVERAGE
S4881,Divya,56.13,60.69,80.49,80.2,5.98,GOOD
S4882,Vignesh,82.32,84.39,74.31,18.1,5.65,GOOD
S4883,Riya,67.29,89.59,69.83,20.99,3.86,AVERAGE
S4884,Chetan,61.27,60.83,68.51,90.11,5.16,AVERAGE
S4885,Pranav,93.3,52.48,97.69,74.1,3.0,GOOD
S4886,Amrita,87.42,93.27,91.74,26.27,5.46,GOOD
S4887,Deepak,88.69,77.24,62.97,72.07,2.05,GOOD
S4888,Ashwin,51.96,67.62,79.21,45.72,3.02,AVERAGE
S4889,Pradeep,95.76,92.78,41.23,61.73,1.6,GOOD
S4890,Vedant,78.74,48.16,41.26,78.66,5.68,AVERAGE
S4891,Surya,75.19,88.64,59.11,4.48,2.69,AVERAGE
S4892,Rahul,50.53,69.45,85.29,61.12,2.23,AVERAGE
S4893,Diya,94.88,42.55,95.53,33.85,2.11,AVERAGE
S4894,Yash,77.19,98.36,80.98,51.61,3.37,GOOD
S4895,Surya,91.26,86.68,82.38,36.38,3.52,GOOD
S4896,Swathi,82.78,52.89,41.93,94.1,4.36,AVERAGE
S4897,Aadhya,89.83,95.42,95.81,59.72,5.05,EXCELLENT
S4898,Keerthi,84.65,96.12,45.21,84.66,4.51,GOOD
S4899,Surya,96.05,88.03,96.81,25.67,3.46,GOOD
S4900,Sneha,61.27,47.63,48.5,36.46,3.68,AVERAGE
S4901,Vidya,60.11,51.18,42.0,78.71,5.88,AVERAGE
S4902,Shreya,85.63,85.24,73.82,23.44,3.24,GOOD
S4903,Aadhya,75.07,94.83,46.82,100.0,2.61,GOOD
S4904,Reshma,79.96,52.9,41.73,66.01,4.23,AVERAGE
S4905,Mahesh,85.43,67.65,80.07,89.68,4.36,GOOD
S4906,Janani,77.37,49.29,84.3,10.45,5.69,AVERAGE
S4907,Anusha,89.38,68.68,57.58,41.38,2.76,AVERAGE
S4908,Dev,65.94,78.55,72.01,33.59,3.55,AVERAGE
S4909,Shankar,92.95,41.11,75.16,97.1,4.12,GOOD
S4910,Gaurav,55.38,78.58,49.65,14.47,4.54,AVERAGE
S4911,Anusha,81.7,78.38,66.4,74.82,1.2,GOOD
S4912,Dev,94.51,67.3,78.22,63.08,5.5,GOOD
S4913,Varun,62.63,93.72,93.14,85.14,1.89,GOOD
S4914,Monisha,66.34,48.09,65.13,97.73,2.13,AVERAGE
S4915,Aman,65.27,43.08,81.96,80.59,4.47,AVERAGE
S4916,Akshara,78.21,69.75,70.1,25.22,1.99,AVERAGE
S4917,Rajesh,70.64,71.98,82.43,83.42,1.67,GOOD
S4918,Akshara,55.4,56.0,87.34,52.68,5.75,AVERAGE
S4919,Zoya,94.56,97.7,71.83,65.33,4.22,GOOD
S4920,Varsha,60.23,55.22,43.67,28.04,5.74,AVERAGE
S4921,Zoya,76.7,56.21,92.52,81.6,1.32,AVERAGE
S4922,Sameer,79.74,88.66,76.06,44.45,1.18,GOOD
S4923,Pranav,52.04,95.37,76.04,80.84,2.4,GOOD
S4924,Anirudh,54.79,72.17,70.57,42.73,1.19,AVERAGE
S4925,Vignesh,98.58,41.14,50.44,61.65,3.19,AVERAGE
S4926,Shreya,83.23,61.33,69.17,10.3,5.81,AVERAGE
S4927,Bhavya,51.68,53.44,72.21,9.25,2.78,AT RISK
S4928,Charan,89.71,70.66,63.03,95.3,4.66,GOOD
S4929,Kavin,75.43,80.95,48.95,72.61,4.23,GOOD
S4930,Hari,53.76,63.55,85.73,17.27,1.16,AVERAGE
S4931,Aman,84.04,72.24,67.4,59.77,2.16,AVERAGE
S4932,Hari,74.97,85.59,82.04,78.12,4.15,GOOD
S4933,Jeeva,60.25,54.77,42.82,59.87,1.46,AVERAGE
S4934,Deepika,93.89,51.76,70.26,44.84,3.29,AVERAGE
S4935,Rajesh,64.57,88.34,44.43,83.52,4.39,GOOD
S4936,Srinivas,64.23,42.22,84.01,5.08,2.7,AVERAGE
S4937,Sakshi,63.64,49.04,74.86,63.33,2.56,AVERAGE
S4938,Jeeva,88.37,40.74,67.08,47.3,4.62,AVERAGE
S4939,Shreya,85.31,73.32,98.37,64.82,3.09,GOOD
S4940,Tanvi,95.16,76.01,59.56,29.04,3.66,AVERAGE
S4941,Krishna,61.47,71.86,65.37,16.25,2.0,AVERAGE
S4942,Surya,89.32,64.86,84.25,97.42,4.95,GOOD
S4943,Yogesh,78.65,71.74,71.5,86.42,4.0,GOOD
S4944,Ashwin,65.43,51.64,79.51,90.89,5.86,GOOD
S4945,Kavin,51.77,89.57,98.58,76.88,4.78,GOOD
S4946,Aarohi,90.95,98.85,81.74,6.49,4.0,GOOD
S4947,Nandini,62.05,72.44,49.04,62.79,4.07,AVERAGE
S4948,Yogesh,81.59,62.46,52.56,38.14,2.66,AVERAGE
S4949,Deepak,77.44,87.51,92.19,33.43,3.23,GOOD
S4950,Naveen,50.22,51.58,42.88,24.92,4.37,AT RISK
S4951,Dhanush,99.72,59.25,70.55,18.07,3.58,AVERAGE
S4952,Jeeva,90.72,96.4,94.36,13.94,5.77,GOOD
S4953,Rohan,74.32,51.18,86.57,12.12,3.77,AVERAGE
S4954,Vikram,84.02,46.73,46.94,71.16,1.06,AVERAGE
S4955,Vasanth,73.83,72.78,84.43,93.04,1.63,GOOD
S4956,Srinivas,87.23,75.25,62.92,38.03,1.23,AVERAGE
S4957,Kavin,56.72,75.83,94.08,10.6,5.52,AVERAGE
S4958,Ananya,72.32,49.87,74.37,22.12,2.58,AVERAGE
S4959,Dhanush,66.78,83.27,72.93,74.7,5.18,GOOD
S4960,Vasanth,72.98,54.54,40.52,34.85,3.23,AVERAGE
S4961,Ramya,72.52,96.89,54.98,66.28,5.6,GOOD
S4962,Bharath,57.15,53.68,64.77,20.56,3.41,AVERAGE
S4963,Naveen,98.82,41.04,83.44,75.68,5.3,GOOD
S4964,Dev,50.77,74.07,71.2,65.52,4.36,AVERAGE
S4965,Ramya,50.5,52.17,91.15,22.22,2.33,AVERAGE
S4966,Monisha,68.67,77.71,42.06,93.2,3.88,AVERAGE
S4967,Harish,81.02,53.75,59.37,52.27,2.34,AVERAGE
S4968,Vijay,58.98,65.69,75.86,21.99,2.0,AVERAGE
S4969,Zoya,76.66,50.77,79.53,56.67,2.6,AVERAGE
S4970,Sakshi,86.14,65.73,70.14,41.53,2.48,AVERAGE
S4971,Surya,54.7,48.19,63.93,91.71,3.48,AVERAGE
S4972,Aryan,99.22,60.28,44.29,30.99,4.19,AVERAGE
S4973,Ishaan,66.84,51.94,81.77,88.63,5.84,GOOD
S4974,Ananya,82.12,88.97,94.22,74.24,3.35,GOOD
S4975,Harini,55.54,83.76,88.53,67.99,4.8,GOOD
S4976,Aishwarya,85.47,50.01,82.07,18.38,3.46,AVERAGE
S4977,Darshan,92.02,44.97,78.05,8.61,3.17,AVERAGE
S4978,Tanvi,55.26,41.54,86.32,86.44,3.06,AVERAGE
S4979,Bhavya,56.29,53.6,86.6,57.05,5.38,AVERAGE
S4980,Riya,64.05,68.81,40.42,96.53,1.73,AVERAGE
S4981,Amrita,50.6,63.99,61.47,51.64,2.45,AVERAGE
S4982,Dharani,99.3,98.29,92.08,59.14,4.6,EXCELLENT
S4983,Dharani,79.92,87.53,91.05,99.71,2.48,GOOD
S4984,Ramya,80.38,44.69,82.6,71.59,1.01,AVERAGE
S4985,Manish,97.95,49.54,58.54,36.0,2.08,AVERAGE
S4986,Krishna,91.6,41.6,87.87,82.78,1.15,AVERAGE
S4987,Aman,90.71,48.29,53.89,29.55,2.46,AVERAGE
S4988,Pranav,66.98,71.77,53.45,52.51,2.63,AVERAGE
S4989,Sakshi,66.74,44.6,72.14,23.79,5.77,AVERAGE
S4990,Madhavan,64.59,43.59,74.28,99.47,5.04,AVERAGE
S4991,Madhavan,67.33,47.09,61.08,93.45,1.61,AVERAGE
S4992,Avinash,68.48,80.16,76.23,87.39,1.61,GOOD
S4993,Karthik,57.0,41.16,82.55,40.11,5.98,AVERAGE
S4994,Sneha,67.8,98.18,50.81,72.85,4.36,GOOD
S4995,Manish,72.34,62.85,57.32,26.08,4.13,AVERAGE
S4996,Aarohi,65.47,60.2,81.99,39.0,3.94,AVERAGE
S4997,Rajesh,58.27,68.49,95.64,80.45,1.75,AVERAGE
S4998,Kavin,68.67,71.07,93.07,5.64,2.32,AVERAGE
S4999,Srinivas,74.05,65.2,47.78,4.95,3.16,AVERAGE
S5000,Krishna,86.04,69.18,74.18,66.11,3.23,GOOD
S5001,Rajesh,85.56,60.38,88.01,77.46,5.85,GOOD
S5002,Abhinav,60.13,59.32,54.24,38.35,1.22,AVERAGE
S5003,Rakesh,51.83,41.64,78.59,67.47,1.07,AVERAGE
S5004,Nithin,65.19,80.31,65.66,90.3,5.57,GOOD
S5005,Vidya,57.86,77.04,79.76,10.0,5.39,AVERAGE
S5006,Ishaan,69.79,80.13,41.93,83.05,2.45,AVERAGE
S5007,Bharath,98.97,96.46,58.78,58.17,2.61,GOOD
S5008,Deepika,59.05,68.39,58.44,42.24,3.96,AVERAGE
S5009,Arnav,65.94,92.91,65.12,5.17,2.01,AVERAGE
S5010,Mohan,86.26,66.64,46.87,38.41,5.38,AVERAGE
S5011,Sahana,75.46,68.66,66.2,79.39,2.35,AVERAGE
S5012,Ganesh,52.2,77.98,72.49,54.2,1.3,AVERAGE
S5013,Sameer,58.08,52.95,41.6,17.63,3.66,AT RISK
S5014,Karthik,96.76,53.04,58.05,23.22,4.67,AVERAGE
S5015,Avinash,55.16,70.59,50.64,84.76,5.78,AVERAGE
S5016,Jatin,81.75,44.12,98.33,43.29,4.12,AVERAGE
S5017,Bhavya,89.62,54.2,47.81,9.55,1.51,AVERAGE
S5018,Deepika,63.27,87.6,77.64,97.33,4.31,GOOD
S5019,Ganesh,86.25,67.82,64.11,25.35,1.46,AVERAGE
S5020,Ashwin,58.49,41.6,57.24,79.65,1.97,AVERAGE
S5021,Aditya,64.24,43.64,91.24,1.28,2.48,AVERAGE
S5022,Tanvi,65.59,95.17,79.85,25.65,1.28,AVERAGE
S5023,Karthik,99.82,97.4,77.22,33.71,2.83,GOOD
S5024,Riya,60.73,78.47,45.62,85.94,4.84,AVERAGE
S5025,Ashwin,56.46,51.1,55.54,74.79,1.27,AVERAGE
S5026,Diya,96.28,62.09,56.59,30.8,3.48,AVERAGE
S5027,Rakesh,58.1,58.33,66.06,78.75,2.13,AVERAGE
S5028,Harini,93.96,87.11,95.29,81.01,3.83,EXCELLENT
S5029,Pranav,82.52,72.23,64.22,51.2,3.46,AVERAGE
S5030,Tanvi,78.84,86.78,59.68,50.79,1.83,AVERAGE
S5031,Srinivas,87.57,61.63,44.26,50.95,5.26,AVERAGE
S5032,Isha,86.3,92.17,63.1,16.74,3.5,GOOD
S5033,Jatin,55.53,65.75,43.14,81.27,5.93,AVERAGE
S5034,Priya,99.97,65.04,61.91,71.46,5.92,GOOD
S5035,Abhinav,97.09,69.35,98.07,84.94,2.26,GOOD
S5036,Ganesh,94.83,75.51,73.36,81.57,5.42,GOOD
S5037,Zoya,81.11,93.65,52.53,78.54,4.6,GOOD
S5038,Keerthi,76.14,67.47,57.95,78.04,3.16,AVERAGE
S5039,Naveen,76.81,95.81,74.27,94.45,5.08,EXCELLENT
S5040,Lakshmi,50.75,63.62,41.16,60.54,3.1,AVERAGE
S5041,Bharath,74.97,59.47,93.97,82.79,3.46,GOOD
S5042,Madhavan,81.19,57.7,74.69,80.13,2.86,AVERAGE
S5043,Arjun,82.94,41.27,69.54,27.02,5.22,AVERAGE
S5044,Pranav,66.61,90.95,82.97,56.57,5.53,GOOD
S5045,Aadhya,73.56,44.75,52.02,72.97,1.76,AVERAGE
S5046,Riya,81.82,60.06,41.3,10.35,3.95,AVERAGE
S5047,Harish,71.42,55.03,76.91,53.06,1.58,AVERAGE
S5048,Manish,98.11,84.67,49.6,0.28,5.43,AVERAGE
S5049,Riya,85.27,95.96,40.73,24.03,2.1,AVERAGE
S5050,Lakshmi,50.06,89.0,95.74,48.64,1.18,AVERAGE
S5051,Nikhil,51.16,59.2,87.31,30.69,4.73,AVERAGE
S5052,Mahesh,84.52,67.35,46.85,77.11,4.33,AVERAGE
S5053,Pavithra,70.63,54.82,93.78,63.74,3.06,AVERAGE
S5054,Aarav,91.97,95.44,44.05,26.75,4.1,GOOD
S5055,Naveen,58.65,47.12,88.18,1.71,4.86,AVERAGE
S5056,Rajesh,50.69,97.12,64.87,25.47,1.85,AVERAGE
S5057,Swathi,69.4,88.82,71.09,51.91,2.52,GOOD
S5058,Diya,86.8,82.69,80.1,76.22,3.43,GOOD
S5059,Vikram,98.59,86.44,45.93,60.34,4.17,GOOD
S5060,Avinash,94.18,60.36,94.47,5.58,4.07,AVERAGE
S5061,Aarohi,74.2,57.75,48.62,46.65,3.47,AVERAGE
S5062,Anirudh,90.64,62.89,96.5,95.95,4.31,GOOD
S5063,Sneha,53.52,50.9,45.49,90.4,1.11,AVERAGE
S5064,Madhavan,78.61,84.78,50.32,74.24,2.62,GOOD
S5065,Meera,96.21,68.5,43.45,28.38,3.86,AVERAGE
S5066,Ramya,69.82,93.15,63.87,2.22,2.53,AVERAGE
S5067,Priya,98.01,92.7,75.45,45.64,5.71,GOOD
S5068,Kavin,61.03,49.35,77.5,37.44,5.82,AVERAGE
S5069,Arjun,55.28,53.13,89.71,67.58,2.86,AVERAGE
S5070,Ananya,76.24,64.64,71.7,7.06,2.16,AVERAGE
S5071,Monisha,95.36,47.13,70.61,92.34,2.12,AVERAGE
S5072,Preethi,65.56,81.37,59.57,73.59,3.22,AVERAGE
S5073,Vasanth,90.01,84.26,79.07,97.1,5.79,EXCELLENT
S5074,Lakshmi,58.46,83.28,94.51,86.53,2.18,GOOD
S5075,Aarohi,87.28,68.21,61.32,43.02,2.66,AVERAGE
S5076,Anusha,77.85,90.59,61.38,66.25,3.8,GOOD
S5077,Yash,58.75,76.35,60.6,84.56,3.85,AVERAGE
S5078,Harish,85.9,99.62,53.64,20.39,4.31,GOOD
S5079,Mahesh,85.69,88.93,74.0,0.96,4.64,GOOD
S5080,Shankar,75.77,83.34,46.33,30.76,4.96,AVERAGE
S5081,Karthik,61.27,47.4,90.09,43.75,3.46,AVERAGE
S5082,Mahesh,56.61,89.96,48.27,62.46,1.36,AVERAGE
S5083,Monisha,97.86,58.33,50.44,26.34,4.38,AVERAGE
S5084,Shreya,82.79,65.13,44.11,44.21,3.96,AVERAGE
S5085,Anirudh,90.46,67.77,62.88,64.87,2.07,AVERAGE
S5086,Isha,84.85,59.88,85.46,82.44,5.27,GOOD
S5087,Surya,91.47,46.51,94.61,22.69,4.71,AVERAGE
S5088,Darshan,58.12,51.96,66.06,79.99,3.11,AVERAGE
S5089,Darshan,74.85,88.21,54.11,93.92,5.84,GOOD
S5090,Kavin,83.36,79.14,83.54,40.96,4.38,GOOD
S5091,Aditya,55.17,96.57,81.29,55.2,5.65,GOOD
S5092,Nandini,57.5,89.26,80.9,1.0,4.64,AVERAGE
S5093,Rakesh,81.7,64.13,66.61,71.02,4.55,GOOD
S5094,Vidya,93.44,87.17,73.92,87.2,2.09,GOOD
S5095,Tanvi,83.02,74.59,43.72,2.0,3.1,AVERAGE
S5096,Swathi,51.81,57.18,55.0,84.37,4.18,AVERAGE
S5097,Avinash,98.52,98.51,95.62,14.9,5.14,GOOD
S5098,Muthu,56.98,95.71,42.51,84.21,5.56,GOOD
S5099,Manish,61.63,46.73,58.1,54.19,1.41,AVERAGE
S5100,Ananya,98.75,90.37,53.6,37.02,4.57,GOOD
S5101,Darshan,88.55,44.66,47.81,94.13,2.33,AVERAGE
S5102,Dev,96.83,95.73,95.46,61.24,4.55,EXCELLENT
S5103,Aadhya,90.33,77.45,47.55,3.87,2.59,AVERAGE
S5104,Aman,82.59,49.99,69.36,76.6,3.85,AVERAGE
S5105,Riya,64.23,89.04,90.37,18.24,3.63,AVERAGE
S5106,Arjun,66.34,70.95,40.23,92.33,5.36,AVERAGE
S5107,Rajesh,97.36,43.57,46.51,16.65,4.27,AVERAGE
S5108,Sneha,93.03,87.91,60.51,48.77,2.21,GOOD
S5109,Lakshmi,67.97,87.3,48.85,52.26,4.14,AVERAGE
S5110,Aarav,68.66,68.92,50.96,56.38,4.2,AVERAGE
S5111,Sakshi,64.88,83.87,75.47,53.33,2.82,AVERAGE
S5112,Bhavya,66.31,42.41,50.24,43.9,2.31,AT RISK
S5113,Anusha,93.03,59.09,78.33,71.28,5.55,GOOD
S5114,Kavya,50.53,80.39,94.93,15.56,1.77,AVERAGE
S5115,Sakshi,71.8,53.84,53.77,78.73,1.71,AVERAGE
S5116,Aadhya,97.14,67.02,52.74,3.75,3.95,AVERAGE
S5117,Ashwin,77.13,95.92,40.68,84.21,2.54,GOOD
S5118,Diya,72.52,89.61,40.88,74.98,3.52,GOOD
S5119,Akash,65.62,73.48,63.8,79.54,2.34,AVERAGE
S5120,Jeeva,53.7,74.6,69.34,29.69,2.84,AVERAGE
S5121,Vasanth,61.22,93.22,50.97,84.97,3.04,GOOD
S5122,Darshan,54.52,91.78,59.38,69.12,3.81,AVERAGE
S5123,Isha,56.33,45.3,48.42,96.85,1.39,AVERAGE
S5124,Monisha,58.18,67.93,80.87,2.0,3.16,AVERAGE
S5125,Shreya,65.1,51.45,63.58,79.05,4.44,AVERAGE
S5126,Aditya,50.55,44.99,84.06,62.33,4.55,AVERAGE
S5127,Ananya,97.51,57.54,73.02,98.9,2.35,GOOD
S5128,Tanvi,56.19,76.64,62.64,44.3,3.72,AVERAGE
S5129,Priya,69.16,87.66,77.58,27.97,2.92,AVERAGE
S5130,Aarav,93.98,94.75,40.43,87.97,1.18,GOOD
S5131,Varsha,55.33,65.38,81.42,32.57,3.16,AVERAGE
S5132,Kavin,74.18,65.34,62.26,70.28,4.37,AVERAGE
S5133,Shreya,92.24,49.2,70.81,33.18,5.73,AVERAGE
S5134,Darshan,77.85,51.69,71.4,94.57,1.56,AVERAGE
S5135,Anusha,60.52,46.15,73.5,52.61,3.14,AVERAGE
S5136,Anusha,86.78,98.55,82.14,31.98,5.71,GOOD
S5137,Ishaan,84.07,47.66,46.64,82.24,3.35,AVERAGE
S5138,Sahana,68.11,85.4,69.34,6.25,5.47,AVERAGE
S5139,Shreya,52.31,59.07,44.99,9.38,4.41,AT RISK
S5140,Jeeva,50.39,72.23,54.05,83.67,5.33,AVERAGE
S5141,Ramya,91.27,92.36,51.36,32.34,4.79,GOOD
S5142,Chetan,66.08,96.17,75.92,17.66,1.36,AVERAGE
S5143,Rakesh,56.89,54.41,76.37,58.72,4.81,AVERAGE
S5144,Aryan,75.93,94.68,89.85,25.46,1.64,GOOD
S5145,Jatin,96.04,55.12,71.31,98.72,4.74,GOOD
S5146,Pranav,50.42,88.29,84.68,82.06,3.1,GOOD
S5147,Ramya,52.81,40.92,93.34,88.92,4.42,AVERAGE
S5148,Ravi,70.85,72.11,48.01,83.36,1.3,AVERAGE
S5149,Neha,83.8,83.55,83.26,88.59,1.57,GOOD
S5150,Lakshmi,73.81,90.34,59.68,33.8,1.53,AVERAGE
S5151,Swathi,94.88,90.47,56.68,67.34,2.88,GOOD
S5152,Shivani,52.2,57.93,97.78,90.7,1.85,AVERAGE
S5153,Anusha,67.01,91.19,52.39,68.6,1.04,AVERAGE
S5154,Divya,67.57,59.42,94.87,99.72,5.4,GOOD
S5155,Deepika,67.01,54.03,89.42,86.55,4.76,GOOD
S5156,Hari,74.38,40.09,92.72,7.09,3.84,AVERAGE
S5157,Keerthi,89.53,54.14,75.16,50.17,4.62,AVERAGE
S5158,Dev,65.89,47.11,75.08,27.55,2.51,AVERAGE
S5159,Abhinav,87.22,80.5,64.15,87.51,4.53,GOOD
S5160,Pooja,57.32,48.69,64.06,93.72,3.6,AVERAGE
S5161,Nikhil,78.04,75.12,91.04,56.66,1.44,GOOD
S5162,Vedant,68.75,47.59,63.27,5.81,4.32,AVERAGE
S5163,Diya,76.96,82.27,69.2,34.67,5.97,GOOD
S5164,Janani,55.39,57.13,99.78,18.86,2.28,AVERAGE
S5165,Ganesh,97.67,58.52,61.26,52.93,1.02,AVERAGE
S5166,Rohan,95.31,78.42,89.36,98.48,4.75,EXCELLENT
S5167,Deepika,91.32,96.34,56.63,34.33,2.39,GOOD
S5168,Shreya,94.64,99.5,41.5,73.4,3.03,GOOD
S5169,Dharani,57.33,61.44,75.61,83.11,1.04,AVERAGE
S5170,Naveen,75.19,96.78,68.76,83.02,1.32,GOOD
S5171,Isha,65.9,76.74,87.2,14.95,4.54,AVERAGE
S5172,Shreya,94.37,94.39,40.25,23.74,5.82,GOOD
S5173,Mohan,59.47,41.67,44.23,22.33,3.95,AT RISK
S5174,Pooja,61.0,41.99,91.58,29.73,5.21,AVERAGE
S5175,Meera,84.34,44.47,68.85,4.68,2.03,AVERAGE
S5176,Keerthi,54.44,88.26,70.38,53.94,1.34,AVERAGE
S5177,Janani,86.62,48.28,53.51,74.09,2.74,AVERAGE
S5178,Rohan,63.41,50.6,95.56,26.08,2.04,AVERAGE
S5179,Rohan,83.05,75.12,94.87,63.98,4.08,GOOD
S5180,Bharath,93.65,97.45,71.0,54.56,5.78,GOOD
S5181,Nandini,80.48,74.03,53.07,9.92,2.16,AVERAGE
S5182,Arjun,60.63,83.96,98.97,23.98,5.51,GOOD
S5183,Ramya,52.46,51.26,93.55,24.15,3.69,AVERAGE
S5184,Akash,52.23,94.85,71.28,48.87,1.51,AVERAGE
S5185,Vignesh,54.44,43.35,77.58,62.79,3.68,AVERAGE
S5186,Isha,78.99,56.97,66.38,30.14,3.34,AVERAGE
S5187,Dhanush,67.41,67.22,52.36,12.71,4.75,AVERAGE
S5188,Aditya,62.16,53.57,80.89,26.92,4.74,AVERAGE
S5189,Shankar,60.97,79.83,80.15,4.02,4.21,AVERAGE
S5190,Priya,97.43,80.73,72.84,74.87,4.34,GOOD
S5191,Meera,55.94,52.71,88.87,69.93,4.04,AVERAGE
S5192,Kishore,65.24,40.52,67.11,67.07,2.18,AVERAGE
S5193,Abhinav,73.57,44.46,91.66,61.78,5.63,AVERAGE
S5194,Vedant,50.02,40.03,53.02,29.77,2.06,AT RISK
S5195,Sanjay,96.05,94.32,97.71,11.55,3.98,GOOD
S5196,Varun,54.95,77.3,52.3,59.9,4.87,AVERAGE
S5197,Aryan,84.12,48.31,49.61,73.26,1.42,AVERAGE
S5198,Vidya,81.44,45.55,76.2,81.08,3.25,AVERAGE
S5199,Gaurav,90.45,89.06,45.58,72.65,1.15,GOOD
S5200,Dharani,82.57,88.66,50.08,65.87,2.13,GOOD
S5201,Kishore,88.47,95.64,83.74,82.44,4.18,EXCELLENT
S5202,Meera,71.06,49.56,58.49,76.18,5.57,AVERAGE
S5203,Ashwin,74.44,71.34,88.01,94.49,2.52,GOOD
S5204,Kavya,85.08,47.29,49.33,0.6,5.17,AVERAGE
S5205,Nithin,78.42,87.74,63.12,14.67,3.62,AVERAGE
S5206,Shankar,75.58,64.75,63.18,57.98,4.8,AVERAGE
S5207,Varsha,60.28,81.75,68.82,40.11,5.05,AVERAGE
S5208,Divya,62.91,41.82,64.62,34.05,4.18,AVERAGE
S5209,Yash,67.92,86.68,63.21,74.59,3.11,GOOD
S5210,Bhavya,50.46,53.77,59.71,53.56,3.92,AVERAGE
S5211,Janani,70.87,90.57,40.91,52.65,4.46,AVERAGE
S5212,Pranav,50.14,51.15,77.0,4.98,5.31,AVERAGE
S5213,Janani,78.25,87.41,68.41,46.13,3.74,GOOD
S5214,Ganesh,85.2,48.05,62.4,60.8,5.37,AVERAGE
S5215,Gayathri,78.11,79.81,52.68,28.01,2.94,AVERAGE
S5216,Sameer,84.68,86.76,93.48,23.9,4.8,GOOD
S5217,Meera,50.0,63.17,54.27,55.06,4.05,AVERAGE
S5218,Srinivas,52.97,54.66,95.26,91.2,1.39,AVERAGE
S5219,Chetan,84.92,60.67,53.04,11.64,3.51,AVERAGE
S5220,Arnav,90.15,57.8,98.29,30.91,4.82,GOOD
S5221,Sneha,85.89,77.98,65.19,5.81,4.36,AVERAGE
S5222,Pradeep,83.15,42.67,71.96,32.54,3.82,AVERAGE
S5223,Swathi,85.37,42.49,57.93,69.48,4.96,AVERAGE
S5224,Monisha,86.98,57.27,96.35,31.87,5.52,GOOD
S5225,Deepak,86.22,56.62,56.95,39.85,1.72,AVERAGE
S5226,Rakesh,86.9,50.62,83.81,93.55,2.28,GOOD
S5227,Zoya,53.7,83.01,41.23,34.71,5.94,AVERAGE
S5228,Meera,53.16,41.43,73.52,53.96,2.21,AVERAGE
S5229,Aadhya,68.06,95.45,84.49,93.36,5.14,EXCELLENT
S5230,Aman,76.38,85.45,68.25,50.85,3.66,GOOD
S5231,Surya,88.13,64.18,78.6,17.02,2.92,AVERAGE
S5232,Yash,66.74,91.54,86.08,14.31,4.64,GOOD
S5233,Isha,63.76,77.09,70.01,89.89,4.77,GOOD
S5234,Ishaan,89.07,74.21,53.09,88.56,2.36,GOOD
S5235,Abhinav,62.47,58.78,63.81,25.1,1.06,AVERAGE
S5236,Vasanth,91.04,79.79,83.85,62.32,4.89,GOOD
S5237,Arjun,58.86,48.38,56.27,16.65,4.45,AVERAGE
S5238,Madhavan,67.97,71.49,77.92,23.15,1.6,AVERAGE
S5239,Harish,70.05,46.97,48.9,92.07,1.18,AVERAGE
S5240,Manish,64.98,66.71,95.82,40.18,4.3,AVERAGE
S5241,Jatin,50.17,76.98,76.18,20.85,4.01,AVERAGE
S5242,Pradeep,61.78,49.33,68.1,52.41,4.82,AVERAGE
S5243,Abhinav,66.88,53.33,88.69,85.1,5.37,GOOD
S5244,Mohan,65.68,88.8,87.83,83.3,4.32,GOOD
S5245,Jatin,89.28,55.34,45.84,66.2,4.18,AVERAGE
S5246,Jatin,52.37,45.73,58.42,81.34,3.6,AVERAGE
S5247,Dev,69.45,59.84,67.51,77.96,3.83,AVERAGE
S5248,Shivani,51.88,96.11,60.43,96.37,5.87,GOOD
S5249,Naveen,96.53,81.63,59.04,65.58,1.23,GOOD
S5250,Pranav,89.51,74.53,61.13,59.79,3.72,GOOD
S5251,Neha,99.11,90.43,48.52,90.57,2.24,GOOD
S5252,Darshan,95.51,79.61,47.17,36.15,4.63,GOOD
S5253,Manish,65.79,88.67,55.62,49.29,4.74,AVERAGE
S5254,Meera,84.58,79.43,44.2,85.91,2.33,GOOD
S5255,Lakshmi,65.33,91.86,70.61,97.9,4.79,GOOD
S5256,Lakshmi,94.41,77.44,49.19,42.13,4.22,GOOD
S5257,Amrita,70.54,55.89,44.05,58.98,5.73,AVERAGE
S5258,Yash,68.79,42.47,90.23,83.77,5.08,AVERAGE
S5259,Aarohi,95.7,46.32,75.25,51.88,4.86,AVERAGE
S5260,Divya,91.84,70.75,93.9,40.45,1.7,GOOD
S5261,Diya,98.32,98.31,99.0,6.49,5.93,GOOD
S5262,Kavya,53.32,85.57,75.61,21.21,4.98,AVERAGE
S5263,Madhavan,62.17,86.53,87.76,33.14,5.21,GOOD
S5264,Vikram,65.04,79.83,49.57,40.16,4.76,AVERAGE
S5265,Gayathri,71.22,94.21,81.9,77.62,5.27,GOOD
S5266,Mohan,73.66,84.13,72.97,16.68,4.04,AVERAGE
S5267,Surya,64.57,55.5,80.58,7.24,1.07,AVERAGE
S5268,Aditya,89.52,69.97,46.28,58.78,3.32,AVERAGE
S5269,Shreya,61.16,64.26,96.15,0.81,2.24,AVERAGE
S5270,Muthu,84.83,49.92,65.05,93.09,2.56,AVERAGE
S5271,Swathi,92.59,53.34,86.55,25.6,2.38,AVERAGE
S5272,Varsha,80.18,57.11,99.44,83.36,4.16,GOOD
S5273,Krishna,67.71,50.42,92.4,37.95,4.94,AVERAGE
S5274,Abhinav,59.39,53.04,58.7,99.89,5.35,AVERAGE
S5275,Malar,56.72,94.98,64.12,50.13,5.37,GOOD
S5276,Akshara,87.21,60.59,78.92,96.29,1.1,GOOD
S5277,Mahesh,73.46,89.65,72.28,46.89,4.77,GOOD
S5278,Kavin,52.32,43.86,64.62,71.43,5.65,AVERAGE
S5279,Rajesh,99.19,98.91,79.2,6.36,4.87,GOOD
S5280,Sakshi,83.57,85.89,94.57,44.5,1.58,GOOD
S5281,Sanjana,92.21,94.4,58.57,27.08,5.79,GOOD
S5282,Chetan,71.91,71.55,47.7,79.32,3.51,AVERAGE
S5283,Rahul,97.77,78.07,80.54,53.24,3.87,GOOD
S5284,Aryan,59.98,61.65,75.38,64.0,2.41,AVERAGE
S5285,Mahesh,59.26,65.92,94.34,25.38,5.23,AVERAGE
S5286,Janani,94.52,85.04,84.56,11.68,5.39,GOOD
S5287,Nithin,94.59,43.0,63.83,68.06,5.08,AVERAGE
S5288,Mahesh,74.95,42.19,78.0,44.23,2.04,AVERAGE
S5289,Keerthi,56.29,92.5,91.74,41.7,1.64,AVERAGE
S5290,Akshara,65.26,46.6,60.85,96.39,5.88,AVERAGE
S5291,Surya,87.71,83.26,40.83,11.83,5.36,AVERAGE
S5292,Sanjay,92.3,51.97,77.58,64.38,5.28,GOOD
S5293,Ananya,67.38,61.97,41.56,6.03,4.9,AVERAGE
S5294,Surya,53.06,57.61,96.25,68.49,1.53,AVERAGE
S5295,Gayathri,83.29,69.42,50.09,55.96,3.57,AVERAGE
S5296,Rakesh,86.97,89.6,62.46,72.69,1.58,GOOD
S5297,Malar,71.2,92.53,96.78,75.08,3.11,GOOD
S5298,Abhinav,79.15,53.32,44.8,13.2,1.81,AT RISK
S5299,Ananya,99.37,60.26,40.26,27.47,3.4,AVERAGE
S5300,Jatin,62.25,90.22,46.22,25.24,4.36,AVERAGE
S5301,Bharath,78.65,45.38,99.16,60.8,5.21,GOOD
S5302,Ashwin,80.55,47.01,98.3,25.84,1.4,AVERAGE
S5303,Abhinav,77.46,68.77,63.08,51.59,5.46,AVERAGE
S5304,Charan,93.46,87.41,84.57,44.21,1.95,GOOD
S5305,Malar,80.25,60.16,84.16,58.57,5.72,GOOD
S5306,Kavin,75.39,44.17,45.99,35.14,3.41,AVERAGE
S5307,Muthu,56.15,98.07,54.11,92.49,1.28,GOOD
S5308,Nithin,85.16,96.33,93.34,96.5,4.95,EXCELLENT
S5309,Yash,56.61,79.11,49.94,35.09,1.24,AVERAGE
S5310,Sneha,51.33,80.91,71.25,91.43,4.14,GOOD
S5311,Ramya,74.43,96.02,54.65,79.3,4.98,GOOD
S5312,Meera,78.62,78.63,73.46,22.61,3.31,AVERAGE
S5313,Ananya,99.95,87.3,51.79,56.28,4.41,GOOD
S5314,Madhavan,85.62,67.81,52.94,37.76,3.86,AVERAGE
S5315,Jatin,92.43,53.68,42.81,80.09,1.35,AVERAGE
S5316,Anusha,67.32,89.95,99.41,89.39,4.47,GOOD
S5317,Pranav,75.45,81.06,46.79,62.24,5.76,GOOD
S5318,Ramya,98.71,57.37,64.94,63.01,2.71,AVERAGE
S5319,Aditya,70.87,77.4,65.05,72.13,1.63,AVERAGE
S5320,Bharath,90.36,88.99,58.22,49.51,2.28,GOOD
S5321,Rakesh,76.3,56.22,87.64,47.07,4.18,AVERAGE
S5322,Rohan,61.2,86.09,60.26,56.32,5.92,GOOD
S5323,Isha,79.02,44.34,77.53,81.84,5.06,AVERAGE
S5324,Anusha,60.9,77.5,72.58,64.74,4.91,GOOD
S5325,Nikhil,50.15,99.94,91.84,14.4,2.8,AVERAGE
S5326,Ramya,61.79,91.98,89.17,14.04,4.05,AVERAGE
S5327,Priya,59.66,92.54,53.08,41.59,3.02,AVERAGE
S5328,Aditya,68.55,80.82,85.01,65.91,1.29,GOOD
S5329,Reshma,94.43,67.67,87.55,39.11,3.46,GOOD
S5330,Deepika,69.39,80.63,95.15,38.17,3.74,GOOD
S5331,Jatin,92.26,59.27,97.79,89.54,5.24,GOOD
S5332,Ravi,77.78,73.17,84.22,86.82,4.82,GOOD
S5333,Sanjana,50.38,72.38,67.0,47.57,3.27,AVERAGE
S5334,Shivani,59.44,72.62,57.58,71.83,3.49,AVERAGE
S5335,Priya,96.56,64.72,91.88,45.21,4.96,GOOD
S5336,Madhavan,80.21,61.17,94.93,60.31,2.45,GOOD
S5337,Lakshmi,96.48,59.82,45.85,27.45,2.8,AVERAGE
S5338,Kishore,65.51,53.48,73.26,49.75,5.52,AVERAGE
S5339,Shreya,85.83,66.31,47.75,64.25,4.8,AVERAGE
S5340,Akash,88.6,47.06,55.09,44.18,5.72,AVERAGE
S5341,Pranav,98.78,94.09,62.99,75.94,5.39,EXCELLENT
S5342,Rohan,50.91,44.18,58.67,26.73,4.81,AT RISK
S5343,Ishaan,97.61,90.25,82.96,1.29,2.31,GOOD
S5344,Naveen,69.58,54.47,44.74,91.43,3.6,AVERAGE
S5345,Shreya,91.9,91.19,76.83,36.1,3.08,GOOD
S5346,Aditya,77.24,83.22,74.88,25.21,2.95,AVERAGE
S5347,Bhavya,78.23,95.26,87.23,47.61,4.9,GOOD
S5348,Mahesh,67.97,92.21,45.8,24.94,2.94,AVERAGE
S5349,Mohan,91.42,82.07,59.96,73.32,1.74,GOOD
S5350,Yash,63.2,49.1,81.83,30.68,2.74,AVERAGE
S5351,Vedant,74.61,72.94,82.7,99.17,5.04,GOOD
S5352,Varun,78.01,60.39,66.98,27.62,3.54,AVERAGE
S5353,Pranav,87.13,93.15,67.71,36.19,1.06,GOOD
S5354,Sameer,73.58,92.33,97.9,53.84,4.12,GOOD
S5355,Pradeep,84.01,58.84,59.57,0.33,1.87,AVERAGE
S5356,Yogesh,74.26,80.3,49.01,0.41,1.54,AVERAGE
S5357,Ishaan,82.97,60.3,97.17,23.38,2.52,AVERAGE
S5358,Charan,83.71,80.69,88.58,8.17,4.85,GOOD
S5359,Yogesh,85.47,76.83,54.22,76.01,1.25,AVERAGE
S5360,Aarav,91.16,70.66,91.44,87.18,2.04,GOOD
S5361,Monisha,77.04,92.7,55.14,41.32,2.01,AVERAGE
S5362,Sanjay,59.66,54.76,89.65,51.65,5.11,AVERAGE
S5363,Yogesh,83.98,87.85,77.71,61.27,2.25,GOOD
S5364,Vignesh,53.86,81.37,68.95,9.49,3.9,AVERAGE
S5365,Preethi,60.95,56.88,95.68,46.98,1.63,AVERAGE
S5366,Chetan,89.61,65.3,88.56,95.94,4.96,GOOD
S5367,Avinash,71.75,44.14,47.8,20.79,2.3,AT RISK
S5368,Surya,74.9,75.85,82.33,8.41,3.31,AVERAGE
S5369,Srinivas,99.37,93.27,87.37,28.06,2.66,GOOD
S5370,Varun,61.76,47.07,72.47,54.79,4.29,AVERAGE
S5371,Chetan,50.98,47.92,56.56,86.85,2.29,AVERAGE
S5372,Divya,55.57,68.47,54.07,35.48,1.0,AVERAGE
S5373,Pavithra,62.23,56.87,98.45,34.48,3.63,AVERAGE
S5374,Keerthi,86.3,56.62,66.21,34.31,5.87,AVERAGE
S5375,Vijay,88.79,78.32,71.13,84.09,5.15,GOOD
S5376,Krishna,78.27,64.62,75.89,46.93,5.96,GOOD
S5377,Isha,62.75,90.68,46.04,33.14,3.22,AVERAGE
S5378,Chetan,76.09,65.73,44.88,17.69,3.84,AVERAGE
S5379,Surya,50.75,76.92,51.89,12.56,4.99,AVERAGE
S5380,Vasanth,84.09,63.87,43.92,97.41,2.69,AVERAGE
S5381,Arnav,80.71,55.36,93.91,48.64,1.56,AVERAGE
S5382,Mohan,51.09,68.28,48.88,7.22,1.84,AT RISK
S5383,Vedant,90.85,83.23,53.59,90.64,5.81,GOOD
S5384,Neha,88.17,97.17,72.24,95.41,4.95,EXCELLENT
S5385,Jeeva,65.41,42.53,93.77,23.72,2.44,AVERAGE
S5386,Isha,81.77,71.91,42.94,31.61,4.9,AVERAGE
S5387,Akash,80.07,78.16,52.96,96.05,4.52,GOOD
S5388,Manish,57.16,45.14,83.04,1.58,3.35,AVERAGE
S5389,Vikram,59.66,89.75,71.15,32.43,1.11,AVERAGE
S5390,Deepika,84.16,56.56,75.67,43.01,4.64,AVERAGE
S5391,Pavithra,96.68,92.49,41.02,77.04,2.45,GOOD
S5392,Aadhya,78.81,73.16,92.01,36.78,2.36,AVERAGE
S5393,Akshara,78.39,49.12,74.72,33.84,3.63,AVERAGE
S5394,Shreya,82.33,84.35,90.06,72.94,2.33,GOOD
S5395,Sneha,72.03,49.43,97.82,84.93,4.58,GOOD
S5396,Kavya,52.71,83.22,83.93,9.33,2.46,AVERAGE
S5397,Ishaan,69.83,88.49,41.86,14.25,5.03,AVERAGE
S5398,Akshara,95.01,74.53,82.69,65.98,3.19,GOOD
S5399,Charan,90.25,56.27,73.81,31.43,3.58,AVERAGE
S5400,Naveen,96.37,66.24,46.21,66.84,1.18,AVERAGE
S5401,Arnav,57.64,71.68,56.23,17.39,1.1,AVERAGE
S5402,Nikhil,75.3,79.95,50.13,80.4,2.06,AVERAGE
S5403,Varsha,79.24,78.04,95.49,32.14,2.74,GOOD
S5404,Isha,60.5,64.03,87.72,33.52,1.88,AVERAGE
S5405,Sanjana,60.05,85.49,82.05,17.89,3.51,AVERAGE
S5406,Ishaan,89.1,86.28,85.8,21.14,4.01,GOOD
S5407,Deepika,83.59,81.78,76.07,59.84,5.02,GOOD
S5408,Isha,82.36,56.33,91.32,58.16,3.57,GOOD
S5409,Lakshmi,63.35,68.16,53.72,82.44,2.84,AVERAGE
S5410,Aryan,75.34,65.97,55.03,63.03,5.62,AVERAGE
S5411,Vijay,51.15,89.01,75.5,42.78,3.18,AVERAGE
S5412,Manish,56.5,88.49,88.61,80.34,2.4,GOOD
S5413,Janani,75.91,91.96,90.15,1.66,1.38,AVERAGE
S5414,Sanjay,65.48,53.87,98.58,70.18,1.92,AVERAGE
S5415,Rakesh,98.28,84.91,85.74,54.32,4.46,GOOD
S5416,Sakshi,73.57,92.22,53.96,22.09,1.99,AVERAGE
S5417,Bhavya,54.18,49.99,53.84,63.75,2.82,AVERAGE
S5418,Janani,50.89,42.4,66.74,98.67,1.14,AVERAGE
S5419,Arjun,86.26,46.33,79.01,34.65,2.89,AVERAGE
S5420,Jeeva,58.58,76.37,70.78,63.85,4.24,AVERAGE
S5421,Gayathri,59.39,65.3,44.05,43.94,2.1,AVERAGE
S5422,Mahesh,71.19,51.7,68.91,39.24,1.02,AVERAGE
S5423,Riya,63.2,71.7,89.03,30.72,5.17,AVERAGE
S5424,Krishna,80.83,87.13,54.42,22.9,4.61,AVERAGE
S5425,Reshma,74.28,91.35,78.1,23.56,5.96,GOOD
S5426,Ishaan,55.57,85.1,56.18,77.43,1.68,AVERAGE
S5427,Sameer,89.24,93.13,73.34,32.38,4.39,GOOD
S5428,Malar,71.29,76.25,82.06,52.96,2.29,AVERAGE
S5429,Surya,80.54,90.22,52.43,21.35,3.51,AVERAGE
S5430,Surya,50.2,65.03,84.37,21.25,4.73,AVERAGE
S5431,Amrita,81.32,91.15,80.59,58.71,1.84,GOOD
S5432,Sanjana,64.14,93.75,58.77,58.28,3.33,GOOD
S5433,Arnav,74.72,81.18,93.7,50.53,2.35,GOOD
S5434,Vijay,64.89,65.86,86.83,69.32,1.77,AVERAGE
S5435,Surya,99.81,56.9,71.27,63.7,4.61,GOOD
S5436,Bharath,61.54,59.51,44.96,20.01,2.29,AT RISK
S5437,Vasanth,95.64,47.94,66.44,5.55,3.65,AVERAGE
S5438,Meera,95.9,42.83,59.79,26.97,4.46,AVERAGE
S5439,Krishna,71.05,64.87,55.75,43.12,3.22,AVERAGE
S5440,Lakshmi,65.2,42.56,78.61,20.83,1.67,AVERAGE
S5441,Mohan,69.05,92.84,95.3,48.24,1.06,GOOD
S5442,Ganesh,99.47,79.0,48.79,3.67,2.91,AVERAGE
S5443,Riya,80.94,90.62,84.5,47.71,5.95,GOOD
S5444,Kavin,77.24,66.66,77.3,35.15,5.86,AVERAGE
S5445,Pranav,51.8,53.44,80.02,95.91,3.24,AVERAGE
S5446,Keerthi,92.39,57.42,90.71,87.67,3.08,GOOD
S5447,Dev,54.19,91.28,62.53,95.11,4.23,GOOD
S5448,Varun,52.35,47.31,74.77,65.88,5.16,AVERAGE
S5449,Sanjana,63.74,81.9,56.61,97.2,3.89,GOOD
S5450,Ramya,73.79,53.54,57.05,18.95,4.62,AVERAGE
S5451,Ishaan,94.76,61.19,70.8,53.24,1.12,AVERAGE
S5452,Sakshi,89.5,40.18,40.44,74.32,5.39,AVERAGE
S5453,Hari,59.88,68.75,54.89,48.23,3.69,AVERAGE
S5454,Zoya,68.6,47.7,49.1,21.37,3.46,AVERAGE
S5455,Akshara,89.01,91.58,47.19,65.38,2.08,GOOD
S5456,Vikram,76.35,45.86,63.08,97.12,1.68,AVERAGE
S5457,Abhinav,58.72,55.02,46.26,52.32,2.84,AVERAGE
S5458,Arnav,69.8,40.89,49.26,24.81,5.6,AVERAGE
S5459,Bharath,81.3,99.57,80.12,4.05,3.8,GOOD
S5460,Arjun,98.66,78.49,79.08,10.41,3.06,GOOD
S5461,Manish,83.09,78.61,96.7,77.72,1.7,GOOD
S5462,Vijay,50.81,71.13,95.22,48.53,1.31,AVERAGE
S5463,Bharath,85.25,92.08,92.44,20.87,4.03,GOOD
S5464,Rakesh,62.54,48.65,81.46,86.01,5.79,AVERAGE
S5465,Ananya,93.11,87.57,56.0,43.61,3.24,GOOD
S5466,Muthu,69.19,88.43,50.69,79.57,2.18,AVERAGE
S5467,Vasanth,59.98,42.17,96.97,81.13,2.88,AVERAGE
S5468,Sahana,73.4,47.96,97.58,71.79,3.55,AVERAGE
S5469,Kishore,62.76,72.83,70.27,97.26,4.77,GOOD
S5470,Pooja,61.79,45.41,72.9,89.69,3.27,AVERAGE
S5471,Reshma,78.66,56.94,40.32,12.54,5.63,AVERAGE
S5472,Sameer,88.37,64.22,48.92,34.38,4.2,AVERAGE
S5473,Ashwin,91.75,49.43,72.76,95.42,1.6,AVERAGE
S5474,Ramya,69.88,82.25,50.91,65.56,1.57,AVERAGE
S5475,Lakshmi,53.34,69.7,68.72,44.37,3.76,AVERAGE
S5476,Varsha,74.2,78.39,87.69,86.21,5.01,GOOD
S5477,Nandini,71.69,68.46,88.05,63.89,3.67,GOOD
S5478,Ravi,59.85,64.75,91.7,37.06,5.02,AVERAGE
S5479,Swathi,94.81,69.54,54.14,27.12,1.4,AVERAGE
S5480,Rohan,98.71,93.97,65.91,85.11,2.64,GOOD
S5481,Kavya,52.59,63.76,77.61,84.68,1.24,AVERAGE
S5482,Preethi,89.79,78.54,74.87,91.83,2.78,GOOD
S5483,Akshara,82.29,90.04,99.94,78.45,3.84,EXCELLENT
S5484,Rohan,63.07,77.27,56.58,18.48,5.63,AVERAGE
S5485,Nandini,81.76,53.56,44.28,38.85,3.3,AVERAGE
S5486,Tanvi,56.43,47.32,63.27,32.81,2.88,AVERAGE
S5487,Ishaan,53.47,75.45,71.08,25.79,4.4,AVERAGE
S5488,Charan,99.67,83.64,63.23,79.47,4.59,GOOD
S5489,Neha,81.82,86.12,59.16,12.46,1.86,AVERAGE
S5490,Deepika,62.66,81.63,55.44,47.92,4.5,AVERAGE
S5491,Dev,72.5,40.21,65.65,86.56,3.7,AVERAGE
S5492,Harini,97.5,86.43,81.35,78.9,3.55,GOOD
S5493,Isha,71.94,76.28,48.93,26.74,5.91,AVERAGE
S5494,Keerthi,95.02,99.29,91.93,3.55,4.86,GOOD
S5495,Anjali,93.44,85.88,78.47,41.39,5.07,GOOD
S5496,Lakshmi,67.21,65.81,46.44,59.35,5.11,AVERAGE
S5497,Neha,84.8,80.57,41.41,85.47,4.24,GOOD
S5498,Harish,83.02,76.96,43.08,52.83,1.13,AVERAGE
S5499,Meera,88.56,60.24,45.42,26.58,2.84,AVERAGE
S5500,Harini,68.3,72.01,78.61,69.08,4.83,GOOD
S5501,Swathi,52.61,52.26,96.45,40.17,1.9,AVERAGE
S5502,Gayathri,58.55,45.27,48.0,82.52,5.79,AVERAGE
S5503,Malar,80.83,83.98,57.06,2.37,1.04,AVERAGE
S5504,Aadhya,88.76,63.05,91.95,41.9,3.79,GOOD
S5505,Naveen,87.8,85.34,70.34,42.22,1.42,GOOD
S5506,Karthik,79.18,69.3,65.63,58.75,4.8,GOOD
S5507,Vijay,54.24,88.59,68.39,35.86,4.08,AVERAGE
S5508,Isha,50.86,84.38,46.07,40.22,3.02,AVERAGE
S5509,Yogesh,89.11,85.85,53.18,73.49,1.51,GOOD
S5510,Kavya,77.47,65.76,97.72,17.13,3.26,AVERAGE
S5511,Srinivas,89.14,97.67,78.61,23.84,2.75,GOOD
S5512,Aryan,58.14,64.32,57.18,10.24,1.94,AVERAGE
S5513,Shankar,70.37,87.59,96.82,25.77,1.92,GOOD
S5514,Shivani,95.96,69.38,63.85,50.54,5.24,GOOD
S5515,Muthu,58.58,54.11,48.45,18.92,2.64,AT RISK
S5516,Mohan,53.08,77.73,97.92,7.36,1.5,AVERAGE
S5517,Akash,82.67,68.15,79.96,99.64,1.79,GOOD
S5518,Janani,79.73,55.84,85.17,45.52,4.31,AVERAGE
S5519,Priya,97.6,62.95,41.35,83.15,2.85,AVERAGE
S5520,Gayathri,95.32,49.6,56.99,73.88,1.28,AVERAGE
S5521,Harini,87.47,99.22,96.73,16.54,1.27,GOOD
S5522,Swathi,50.96,78.59,49.33,51.23,1.3,AVERAGE
S5523,Darshan,74.02,50.41,92.41,56.79,4.69,AVERAGE
S5524,Nithin,94.81,85.88,86.23,15.78,5.25,GOOD
S5525,Riya,71.68,76.11,62.71,11.19,5.23,AVERAGE
S5526,Aadhya,98.11,83.35,93.2,26.32,3.73,GOOD
S5527,Ananya,82.62,75.07,95.36,26.13,2.96,GOOD
S5528,Rakesh,55.47,43.63,92.01,27.76,2.59,AVERAGE
S5529,Vedant,75.46,52.19,64.45,25.25,4.73,AVERAGE
S5530,Abhinav,84.78,86.12,75.23,54.68,5.04,GOOD
S5531,Aryan,53.27,85.26,58.37,29.44,5.69,AVERAGE
S5532,Hari,67.23,85.23,47.8,77.16,5.92,GOOD
S5533,Madhavan,85.85,40.91,94.13,5.24,4.52,AVERAGE
S5534,Aarohi,57.85,88.31,98.87,62.15,1.96,GOOD
S5535,Shreya,67.42,66.35,43.52,77.24,5.81,AVERAGE
S5536,Amrita,84.5,81.62,81.26,43.72,1.61,GOOD
S5537,Jeeva,88.78,56.32,96.95,31.93,2.4,AVERAGE
S5538,Preethi,75.93,86.17,76.48,30.31,5.16,GOOD
S5539,Ravi,97.84,98.94,42.83,32.78,3.58,GOOD
S5540,Vikram,96.27,55.21,40.89,11.74,2.22,AVERAGE
S5541,Anjali,73.67,87.05,70.25,58.11,3.62,GOOD
S5542,Surya,58.01,76.3,96.4,62.35,4.85,GOOD
S5543,Zoya,88.65,56.39,56.73,38.97,2.37,AVERAGE
S5544,Rakesh,62.16,57.66,61.02,95.59,3.5,AVERAGE
S5545,Madhavan,92.14,83.9,87.76,91.14,2.44,GOOD
S5546,Vikram,79.36,57.06,88.1,29.79,2.99,AVERAGE
S5547,Rajesh,69.7,42.87,96.62,73.24,2.06,AVERAGE
S5548,Srinivas,77.82,92.44,90.32,11.63,4.54,GOOD
S5549,Ravi,76.64,75.34,75.64,75.78,2.57,GOOD
S5550,Aditya,96.24,85.51,96.33,73.57,3.53,EXCELLENT
S5551,Abhinav,60.72,76.19,76.87,35.66,5.02,AVERAGE
S5552,Ananya,96.41,70.99,76.09,38.7,1.71,AVERAGE
S5553,Varun,51.57,86.2,40.93,58.61,4.31,AVERAGE
S5554,Hari,88.46,41.93,67.33,28.02,2.65,AVERAGE
S5555,Dhanush,95.98,58.71,42.58,57.27,3.44,AVERAGE
S5556,Bhavya,69.7,77.65,93.93,88.76,4.58,GOOD
S5557,Ravi,53.65,96.64,40.63,44.48,5.62,AVERAGE
S5558,Madhavan,90.23,63.62,58.42,20.42,5.3,AVERAGE
S5559,Aishwarya,92.14,98.52,99.7,55.8,5.5,EXCELLENT
S5560,Sameer,66.81,85.32,87.7,65.28,1.25,GOOD
S5561,Priya,75.93,69.09,85.46,52.6,3.1,AVERAGE
S5562,Aarohi,90.47,65.75,82.77,2.36,5.01,AVERAGE
S5563,Deepika,59.6,47.77,43.07,66.93,5.06,AVERAGE
S5564,Sanjana,81.45,76.91,57.29,3.69,3.1,AVERAGE
S5565,Manish,71.53,43.14,87.91,41.74,2.43,AVERAGE
S5566,Hari,58.72,65.74,93.73,41.44,3.74,AVERAGE
S5567,Hari,91.57,54.26,61.0,84.64,4.73,GOOD
S5568,Keerthi,66.23,97.38,55.56,86.27,4.46,GOOD
S5569,Diya,96.72,61.8,54.15,77.5,2.25,AVERAGE
S5570,Harini,78.45,69.36,72.88,81.97,1.0,AVERAGE
S5571,Ananya,75.73,62.53,57.49,21.88,5.43,AVERAGE
S5572,Sanjay,71.17,48.23,41.28,71.63,3.23,AVERAGE
S5573,Sahana,70.03,61.15,63.44,74.93,5.16,AVERAGE
S5574,Janani,90.9,86.74,73.22,77.81,5.36,GOOD
S5575,Mahesh,83.88,77.27,78.05,79.48,5.69,GOOD
S5576,Amrita,88.68,66.24,60.58,16.32,2.76,AVERAGE
S5577,Dev,71.05,89.23,58.83,25.69,4.3,AVERAGE
S5578,Jatin,63.07,40.25,57.03,78.37,3.98,AVERAGE
S5579,Kavya,54.34,89.6,77.4,14.73,1.82,AVERAGE
S5580,Dev,88.83,43.57,57.02,12.4,3.18,AVERAGE
S5581,Anusha,70.76,92.22,95.01,97.7,3.15,GOOD
S5582,Chetan,75.46,96.85,56.9,96.78,1.95,GOOD
S5583,Hari,73.47,89.15,87.46,33.67,2.87,GOOD
S5584,Vijay,71.56,41.18,59.18,0.86,3.18,AT RISK
S5585,Zoya,84.19,71.57,78.08,39.82,5.0,GOOD
S5586,Dhanush,80.44,89.73,81.94,2.59,5.29,GOOD
S5587,Keerthi,98.6,72.7,50.46,14.34,4.59,AVERAGE
S5588,Yash,56.95,61.6,62.8,22.41,5.03,AVERAGE
S5589,Kavya,78.68,68.24,47.65,83.92,1.49,AVERAGE
S5590,Harini,53.16,44.84,70.64,37.53,3.79,AVERAGE
S5591,Abhinav,90.4,69.78,94.57,0.82,2.29,AVERAGE
S5592,Aman,80.82,41.67,75.77,63.69,3.09,AVERAGE
S5593,Jeeva,71.42,78.65,82.1,7.06,4.52,AVERAGE
S5594,Zoya,90.11,63.43,56.98,89.41,5.73,GOOD
S5595,Aditya,72.75,51.48,68.09,24.54,2.78,AVERAGE
S5596,Sanjana,61.39,41.04,84.45,23.77,3.89,AVERAGE
S5597,Aarav,73.63,95.33,47.88,39.7,1.54,AVERAGE
S5598,Vidya,53.54,73.38,47.3,10.74,4.41,AVERAGE
S5599,Jeeva,94.89,78.82,53.47,2.31,2.19,AVERAGE
S5600,Darshan,86.55,86.76,54.21,91.44,3.35,GOOD
S5601,Vasanth,88.02,77.6,97.74,86.36,2.63,GOOD
S5602,Krishna,93.72,64.79,49.52,91.63,1.25,AVERAGE
S5603,Madhavan,89.58,77.66,46.31,67.66,4.7,GOOD
S5604,Dhanush,71.59,55.15,48.26,1.3,4.1,AVERAGE
S5605,Sakshi,55.93,73.68,52.17,97.32,5.09,AVERAGE
S5606,Harish,68.67,52.34,62.12,70.88,5.73,AVERAGE
S5607,Sameer,96.7,95.05,51.83,41.52,3.05,GOOD
S5608,Reshma,97.45,70.57,45.27,73.25,4.78,GOOD
S5609,Rahul,88.39,54.03,48.2,56.71,2.55,AVERAGE
S5610,Ananya,60.22,78.38,87.38,67.17,3.16,GOOD
S5611,Lakshmi,59.72,45.42,71.2,82.41,5.18,AVERAGE
S5612,Monisha,93.99,66.04,84.75,93.62,5.49,GOOD
S5613,Srinivas,57.1,91.96,50.6,79.67,2.88,AVERAGE
S5614,Vedant,79.21,86.07,58.31,89.59,5.01,GOOD
S5615,Rahul,68.91,82.21,98.94,56.75,4.83,GOOD
S5616,Kavya,65.1,68.24,45.14,33.84,1.93,AVERAGE
S5617,Vikram,83.87,66.81,66.32,66.97,4.13,GOOD
S5618,Anirudh,97.98,40.68,57.75,55.62,3.48,AVERAGE
S5619,Sanjana,88.88,76.0,40.44,5.62,1.31,AVERAGE
S5620,Zoya,74.31,74.62,73.15,57.59,3.74,GOOD
S5621,Gayathri,72.04,40.32,73.0,41.74,5.9,AVERAGE
S5622,Pradeep,95.38,48.22,59.23,36.96,4.9,AVERAGE
S5623,Aman,78.91,40.75,68.34,72.45,2.0,AVERAGE
S5624,Nikhil,74.83,55.19,63.52,88.51,2.11,AVERAGE
S5625,Neha,84.14,40.23,67.85,19.71,2.6,AVERAGE
S5626,Aarav,61.86,65.04,90.88,79.49,1.09,AVERAGE
S5627,Deepika,53.19,68.58,82.84,16.96,1.37,AVERAGE
S5628,Mahesh,92.76,66.22,56.81,57.64,4.6,GOOD
S5629,Mohan,80.36,51.96,54.37,84.82,3.73,AVERAGE
S5630,Avinash,58.24,71.41,83.51,90.58,4.48,GOOD
S5631,Karthik,64.9,88.85,53.47,30.84,4.58,AVERAGE
S5632,Jatin,99.5,57.47,94.46,81.89,1.37,GOOD
S5633,Deepak,81.72,58.75,89.97,87.88,5.73,GOOD
S5634,Arjun,81.81,72.57,55.15,17.28,5.85,AVERAGE
S5635,Mahesh,53.61,54.03,88.09,38.47,1.17,AVERAGE
S5636,Pradeep,98.45,60.27,51.48,77.62,1.34,AVERAGE
S5637,Sanjay,94.64,67.15,41.49,1.47,5.1,AVERAGE
S5638,Zoya,77.39,63.18,97.67,62.58,4.04,GOOD
S5639,Shivani,65.47,89.09,85.68,41.46,5.96,GOOD
S5640,Rajesh,84.9,90.94,69.34,51.75,2.23,GOOD
S5641,Abhinav,91.67,64.17,90.59,41.84,4.98,GOOD
S5642,Vidya,89.31,66.87,44.55,19.54,3.62,AVERAGE
S5643,Akshara,98.85,97.41,84.38,34.85,3.78,GOOD
S5644,Aarohi,81.84,70.19,97.38,86.11,2.04,GOOD
S5645,Pooja,66.06,99.58,89.12,61.1,4.03,GOOD
S5646,Kishore,74.9,85.77,65.9,47.73,3.05,AVERAGE
S5647,Amrita,90.82,55.85,60.78,70.61,2.1,AVERAGE
S5648,Kavya,63.27,53.75,93.54,18.37,5.19,AVERAGE
S5649,Isha,61.57,49.54,57.49,8.35,2.07,AT RISK
S5650,Nikhil,86.24,88.37,96.25,54.86,2.5,GOOD
S5651,Darshan,72.22,58.41,59.19,1.15,1.43,AT RISK
S5652,Manish,90.83,80.55,47.5,14.82,4.38,AVERAGE
S5653,Diya,57.18,72.41,54.15,71.71,2.42,AVERAGE
S5654,Aryan,66.78,89.56,71.17,90.16,5.79,GOOD
S5655,Dev,63.4,85.05,47.87,28.53,4.71,AVERAGE
S5656,Ashwin,84.89,43.82,62.8,38.26,5.51,AVERAGE
S5657,Vignesh,87.97,60.31,94.35,68.1,1.98,GOOD
S5658,Priya,72.8,71.21,45.63,80.49,4.2,AVERAGE
S5659,Sanjay,73.9,88.22,76.87,26.02,5.4,GOOD
S5660,Preethi,56.6,82.84,64.23,82.62,5.81,GOOD
S5661,Vijay,85.09,72.96,78.85,97.27,4.25,GOOD
S5662,Bhavya,99.62,88.5,69.38,8.8,5.74,GOOD
S5663,Naveen,88.9,66.1,92.6,22.43,1.74,AVERAGE
S5664,Krishna,61.16,43.34,64.15,72.61,1.2,AVERAGE
S5665,Pradeep,81.16,92.23,70.51,3.67,3.33,AVERAGE
S5666,Keerthi,64.75,71.6,47.81,28.4,2.59,AVERAGE
S5667,Ashwin,51.51,88.5,69.42,84.45,5.63,GOOD
S5668,Kavin,58.99,63.52,46.88,68.17,1.08,AVERAGE
S5669,Priya,55.13,75.31,74.99,64.07,2.59,AVERAGE
S5670,Ananya,59.8,59.87,65.64,61.2,2.75,AVERAGE
S5671,Ganesh,89.78,64.57,87.0,50.19,4.56,GOOD
S5672,Dhanush,64.64,48.84,65.11,76.67,1.01,AVERAGE
S5673,Ravi,87.85,84.5,77.84,86.53,5.25,GOOD
S5674,Preethi,97.44,56.82,43.54,79.55,5.67,GOOD
S5675,Nandini,78.71,58.1,82.6,48.27,3.42,AVERAGE
S5676,Varun,74.27,61.25,97.45,77.85,1.54,GOOD
S5677,Vedant,87.51,65.93,66.87,75.53,1.25,AVERAGE
S5678,Bharath,54.85,74.57,40.59,45.58,2.29,AVERAGE
S5679,Akshara,71.41,80.97,76.22,33.41,1.67,AVERAGE
S5680,Lakshmi,74.94,80.54,48.71,41.01,3.51,AVERAGE
S5681,Deepak,91.55,65.42,68.08,49.32,3.05,AVERAGE
S5682,Harini,90.71,68.91,41.95,14.7,1.96,AVERAGE
S5683,Akshara,92.41,48.42,66.57,21.85,5.17,AVERAGE
S5684,Sneha,84.89,71.29,92.47,10.18,4.0,AVERAGE
S5685,Jeeva,76.53,92.62,48.12,7.23,4.13,AVERAGE
S5686,Vasanth,91.39,67.63,69.9,56.61,4.42,GOOD
S5687,Karthik,93.66,96.28,55.23,69.81,5.32,GOOD
S5688,Aarav,74.02,49.35,55.66,61.36,4.37,AVERAGE
S5689,Jeeva,99.28,84.21,78.6,72.69,1.66,GOOD
S5690,Aarav,93.74,82.48,84.9,40.65,2.92,GOOD
S5691,Akshara,75.52,80.89,92.4,79.91,3.61,GOOD
S5692,Gayathri,53.46,79.77,56.69,74.77,1.93,AVERAGE
S5693,Ravi,61.22,41.34,44.25,71.1,5.7,AVERAGE
S5694,Hari,88.82,84.53,66.54,76.6,2.26,GOOD
S5695,Preethi,55.56,69.98,75.08,23.14,4.86,AVERAGE
S5696,Aman,73.49,71.45,84.37,56.94,5.76,GOOD
S5697,Amrita,80.24,43.05,85.36,77.49,2.37,AVERAGE
S5698,Keerthi,93.92,51.3,91.82,9.89,3.28,AVERAGE
S5699,Aarohi,92.36,94.66,41.87,24.71,2.24,AVERAGE
S5700,Sahana,88.21,58.93,98.86,49.08,5.11,GOOD
S5701,Akash,70.38,63.63,98.01,41.42,4.98,GOOD
S5702,Tanvi,57.11,51.35,42.13,91.43,5.47,AVERAGE
S5703,Ramya,83.48,77.93,58.8,75.06,1.31,AVERAGE
S5704,Kavin,59.06,84.44,85.93,4.08,4.7,AVERAGE
S5705,Gaurav,78.07,95.28,68.71,46.53,3.9,GOOD
S5706,Sakshi,99.03,73.72,40.28,76.26,3.12,GOOD
S5707,Tanvi,77.52,56.54,61.28,66.9,5.45,AVERAGE
S5708,Mahesh,82.28,44.26,74.74,53.77,5.34,AVERAGE
S5709,Priya,83.88,55.97,92.77,8.52,4.5,AVERAGE
S5710,Karthik,91.52,77.1,89.76,91.51,1.86,GOOD
S5711,Muthu,71.75,98.45,96.78,41.51,2.3,GOOD
S5712,Sahana,74.88,44.75,68.08,14.51,1.78,AVERAGE
S5713,Sameer,58.8,63.3,87.9,8.44,2.28,AVERAGE
S5714,Aarohi,80.73,80.03,46.04,78.48,4.87,GOOD
S5715,Shreya,64.79,74.47,71.11,61.27,2.67,AVERAGE
S5716,Sahana,75.38,79.1,94.99,25.17,2.41,AVERAGE
S5717,Darshan,88.33,67.79,90.33,53.3,2.24,GOOD
S5718,Pooja,50.88,56.02,79.34,94.65,1.25,AVERAGE
S5719,Bhavya,78.2,68.97,48.95,49.31,2.7,AVERAGE
S5720,Vignesh,58.67,62.89,50.92,39.06,1.47,AVERAGE
S5721,Preethi,63.97,82.56,80.72,30.78,3.81,AVERAGE
S5722,Vasanth,51.74,50.3,59.53,18.23,1.92,AT RISK
S5723,Akash,58.47,69.77,59.77,91.03,2.36,AVERAGE
S5724,Kavya,99.33,97.54,90.86,17.17,3.39,GOOD
S5725,Sakshi,99.93,71.91,41.23,5.46,2.91,AVERAGE
S5726,Ananya,85.99,54.23,63.55,14.27,2.61,AVERAGE
S5727,Sahana,80.59,96.15,54.29,18.25,5.78,GOOD
S5728,Arnav,88.85,54.65,41.63,42.48,1.29,AVERAGE
S5729,Charan,94.83,85.07,52.99,90.96,5.4,GOOD
S5730,Shivani,75.97,46.57,51.05,13.48,5.64,AVERAGE
S5731,Ganesh,51.76,91.13,70.27,14.62,5.84,AVERAGE
S5732,Mahesh,85.47,50.83,66.11,43.73,5.31,AVERAGE
S5733,Isha,99.23,63.65,68.3,90.38,5.05,GOOD
S5734,Pradeep,62.9,97.94,92.67,92.71,2.18,GOOD
S5735,Pranav,73.17,74.76,69.67,95.08,1.9,GOOD
S5736,Akshara,68.06,55.84,78.34,12.69,4.01,AVERAGE
S5737,Nandini,69.52,40.04,78.85,70.55,3.68,AVERAGE
S5738,Meera,86.07,40.41,71.01,64.74,4.6,AVERAGE
S5739,Srinivas,68.92,56.48,58.29,3.05,1.59,AT RISK
S5740,Isha,97.05,71.61,94.19,67.23,2.43,GOOD
S5741,Rohan,89.48,69.09,66.29,69.7,4.36,GOOD
S5742,Priya,51.38,95.31,74.27,65.67,4.06,GOOD
S5743,Lakshmi,90.93,85.85,73.55,21.57,2.74,GOOD
S5744,Harini,88.64,95.48,89.66,33.24,1.74,GOOD
S5745,Keerthi,75.82,70.71,72.08,55.38,5.29,GOOD
S5746,Mahesh,74.84,66.8,67.41,13.84,5.16,AVERAGE
S5747,Ishaan,91.78,73.97,67.6,15.88,1.73,AVERAGE
S5748,Ravi,71.24,62.33,86.8,69.87,4.75,GOOD
S5749,Nandini,57.97,52.65,59.8,16.57,1.71,AT RISK
S5750,Aditya,65.64,90.2,96.09,1.67,3.26,AVERAGE
S5751,Avinash,63.26,80.83,90.8,18.51,3.33,AVERAGE
S5752,Nithin,84.05,59.54,48.3,7.55,3.01,AVERAGE
S5753,Reshma,58.94,66.78,59.03,28.22,2.71,AVERAGE
S5754,Dhanush,82.24,53.53,94.34,76.03,3.34,GOOD
S5755,Yash,73.3,73.77,56.7,78.61,4.56,GOOD
S5756,Vignesh,91.98,61.5,59.06,7.14,2.66,AVERAGE
S5757,Ashwin,74.25,92.53,53.05,57.03,3.9,GOOD
S5758,Riya,96.49,71.7,43.26,8.8,2.79,AVERAGE
S5759,Harini,95.02,64.7,68.71,18.71,5.86,AVERAGE
S5760,Yogesh,59.26,84.98,85.29,78.42,4.42,GOOD
S5761,Rajesh,84.31,94.31,79.6,97.2,5.26,EXCELLENT
S5762,Ananya,60.73,89.05,41.66,27.16,3.16,AVERAGE
S5763,Gaurav,91.17,69.7,71.4,77.68,2.28,GOOD
S5764,Rahul,81.79,61.39,59.82,34.21,1.39,AVERAGE
S5765,Bhavya,64.71,79.73,78.51,78.46,5.09,GOOD
S5766,Vignesh,62.46,89.01,64.31,57.03,4.49,GOOD
S5767,Aarav,71.48,98.72,98.83,54.63,5.11,GOOD
S5768,Arnav,90.04,67.44,89.71,80.88,4.4,GOOD
S5769,Aditya,89.81,80.09,82.02,69.62,1.19,GOOD
S5770,Kavya,51.67,57.59,70.94,97.08,3.12,AVERAGE
S5771,Mahesh,65.11,45.25,75.47,36.27,2.66,AVERAGE
S5772,Deepak,71.14,55.18,66.53,95.5,3.17,AVERAGE
S5773,Darshan,79.28,40.87,87.68,82.76,4.34,AVERAGE
S5774,Isha,57.48,70.57,94.49,49.35,3.83,AVERAGE
S5775,Aditya,66.76,62.39,99.95,50.08,4.18,AVERAGE
S5776,Manish,94.28,80.7,75.93,90.2,2.05,GOOD
S5777,Kishore,73.83,76.92,80.91,58.74,3.48,GOOD
S5778,Arjun,87.21,50.07,63.99,33.78,2.18,AVERAGE
S5779,Aman,74.24,80.43,40.51,4.14,3.56,AVERAGE
S5780,Rajesh,73.25,51.24,82.19,29.96,2.48,AVERAGE
S5781,Vikram,81.1,40.36,96.04,21.73,2.09,AVERAGE
S5782,Meera,62.97,98.21,91.58,12.9,5.7,GOOD
S5783,Madhavan,62.49,41.62,92.72,67.26,2.34,AVERAGE
S5784,Rajesh,99.47,60.5,64.13,39.57,4.13,AVERAGE
S5785,Mohan,93.45,78.25,82.81,9.46,4.13,GOOD
S5786,Vedant,86.89,62.22,78.31,32.7,3.88,AVERAGE
S5787,Aadhya,56.86,62.87,72.46,14.04,4.59,AVERAGE
S5788,Keerthi,51.51,83.36,49.1,59.86,4.04,AVERAGE
S5789,Vikram,58.77,76.13,74.53,42.69,5.25,AVERAGE
S5790,Dev,96.89,71.1,57.92,93.42,1.13,GOOD
S5791,Gayathri,90.81,93.18,82.22,60.87,1.37,GOOD
S5792,Anusha,76.15,46.49,96.69,76.52,3.77,GOOD
S5793,Ishaan,98.44,68.19,83.66,33.51,3.0,GOOD
S5794,Nikhil,57.33,54.34,55.57,75.45,2.06,AVERAGE
S5795,Deepika,77.96,42.21,67.91,73.48,2.76,AVERAGE
S5796,Shreya,59.16,98.74,73.89,99.09,4.25,GOOD
S5797,Aryan,65.32,84.04,83.57,66.12,5.27,GOOD
S5798,Nikhil,97.01,52.97,48.87,91.62,1.91,AVERAGE
S5799,Varun,93.41,64.15,71.54,86.69,2.46,GOOD
S5800,Zoya,55.09,53.56,91.61,91.87,1.7,AVERAGE
S5801,Vikram,62.48,81.09,41.66,57.32,5.98,AVERAGE
S5802,Divya,79.73,61.03,83.65,22.4,1.1,AVERAGE
S5803,Muthu,53.07,95.19,92.83,58.5,1.79,GOOD
S5804,Harini,77.5,52.45,87.75,92.17,2.92,GOOD
S5805,Madhavan,79.22,60.99,95.91,97.3,1.99,GOOD
S5806,Rohan,64.55,95.91,86.96,94.62,4.4,GOOD
S5807,Sanjana,64.66,93.08,71.08,44.11,1.11,AVERAGE
S5808,Neha,61.45,57.59,68.62,80.43,3.57,AVERAGE
S5809,Nithin,96.78,68.98,41.91,48.86,1.98,AVERAGE
S5810,Diya,69.44,93.02,41.12,69.17,4.16,GOOD
S5811,Harish,79.26,80.24,78.37,43.15,1.59,AVERAGE
S5812,Srinivas,65.08,78.24,56.52,30.26,1.99,AVERAGE
S5813,Varun,85.13,79.63,58.43,44.19,5.15,GOOD
S5814,Kishore,55.07,95.26,88.42,30.7,5.5,GOOD
S5815,Kavya,53.58,71.03,46.68,42.32,2.81,AVERAGE
S5816,Reshma,87.21,50.91,57.03,67.77,3.94,AVERAGE
S5817,Lakshmi,86.33,68.36,81.1,20.07,4.38,AVERAGE
S5818,Swathi,63.25,83.73,41.83,67.67,4.8,AVERAGE
S5819,Varsha,67.75,69.53,71.19,7.36,3.68,AVERAGE
S5820,Swathi,97.86,58.8,45.13,0.16,3.89,AVERAGE
S5821,Ganesh,55.22,79.98,85.7,23.3,4.92,AVERAGE
S5822,Shankar,59.16,67.01,78.07,20.24,3.73,AVERAGE
S5823,Anusha,71.5,97.77,76.51,83.32,3.69,GOOD
S5824,Sanjay,64.1,61.13,53.28,75.6,2.42,AVERAGE
S5825,Pranav,82.45,83.05,83.48,66.64,5.19,GOOD
S5826,Dev,84.53,73.3,58.1,70.63,3.21,GOOD
S5827,Swathi,76.32,44.65,74.25,66.3,3.76,AVERAGE
S5828,Shivani,80.56,68.19,45.52,82.65,4.16,AVERAGE
S5829,Sameer,71.67,41.75,45.77,53.39,3.7,AVERAGE
S5830,Meera,88.02,87.39,51.64,1.76,3.21,AVERAGE
S5831,Arjun,52.1,84.07,52.96,86.33,3.43,AVERAGE
S5832,Neha,65.64,43.03,47.59,47.04,1.5,AT RISK
S5833,Gaurav,84.22,69.98,47.09,92.84,5.11,GOOD
S5834,Anusha,66.48,97.69,92.74,89.3,1.4,GOOD
S5835,Srinivas,53.93,57.08,73.28,39.93,5.94,AVERAGE
S5836,Ashwin,67.25,94.26,77.33,93.31,5.85,GOOD
S5837,Akshara,85.57,49.07,57.27,5.86,5.41,AVERAGE
S5838,Ramya,56.1,40.4,43.33,66.23,1.38,AT RISK
S5839,Varsha,86.23,71.83,98.1,68.15,1.13,GOOD
S5840,Mahesh,88.77,54.35,43.24,84.01,4.09,AVERAGE
S5841,Aryan,81.77,92.75,89.36,47.14,1.83,GOOD
S5842,Ananya,62.21,80.44,79.91,24.06,5.7,AVERAGE
S5843,Dev,90.26,81.21,64.45,4.42,4.29,AVERAGE
S5844,Madhavan,60.72,80.4,84.8,46.73,5.3,GOOD
S5845,Mahesh,95.29,80.74,85.88,45.33,5.97,GOOD
S5846,Preethi,85.33,84.83,92.7,35.64,5.69,GOOD
S5847,Ananya,52.74,80.19,72.7,63.64,1.53,AVERAGE
S5848,Bhavya,89.96,90.06,52.82,53.14,5.91,GOOD
S5849,Shankar,75.32,73.49,74.35,11.56,1.35,AVERAGE
S5850,Surya,72.63,61.04,45.96,4.81,4.89,AVERAGE
S5851,Jeeva,71.03,68.01,62.57,89.07,4.75,GOOD
S5852,Arjun,80.33,66.41,76.62,74.22,2.06,AVERAGE
S5853,Akshara,86.23,59.95,55.11,46.32,2.91,AVERAGE
S5854,Akash,94.8,64.93,91.9,49.6,4.15,GOOD
S5855,Harini,63.65,63.1,98.56,11.45,3.49,AVERAGE
S5856,Rajesh,81.54,46.67,44.55,26.35,4.52,AVERAGE
S5857,Anirudh,84.32,89.83,52.35,82.48,1.66,GOOD
S5858,Isha,83.74,85.39,68.38,12.63,3.04,AVERAGE
S5859,Madhavan,74.65,60.25,42.28,10.43,4.59,AVERAGE
S5860,Akash,69.55,96.71,45.58,55.81,1.04,AVERAGE
S5861,Pradeep,88.12,96.96,94.04,84.03,4.25,EXCELLENT
S5862,Sanjana,65.0,91.4,42.73,37.91,3.7,AVERAGE
S5863,Janani,60.4,41.76,54.85,64.59,5.62,AVERAGE
S5864,Reshma,77.29,62.27,65.42,90.21,5.81,GOOD
S5865,Vijay,63.38,67.44,41.23,89.13,4.45,AVERAGE
S5866,Rohan,51.66,83.12,88.64,46.79,3.69,AVERAGE
S5867,Lakshmi,52.58,78.09,89.8,29.56,3.65,AVERAGE
S5868,Surya,84.75,80.7,63.68,57.34,3.22,GOOD
S5869,Harini,98.66,86.03,52.11,92.42,4.89,GOOD
S5870,Dev,72.73,96.91,93.54,68.09,2.67,GOOD
S5871,Vidya,57.35,73.09,80.71,95.52,2.21,GOOD
S5872,Akash,90.9,94.24,71.43,57.92,3.21,GOOD
S5873,Vijay,63.07,88.89,63.54,2.12,2.66,AVERAGE
S5874,Dev,99.78,60.28,72.36,44.79,5.07,GOOD
S5875,Charan,78.16,88.82,54.97,90.33,2.38,GOOD
S5876,Pranav,61.63,47.04,66.98,3.38,3.01,AT RISK
S5877,Rahul,74.8,49.53,81.15,61.8,2.35,AVERAGE
S5878,Dharani,66.77,99.54,64.68,37.79,3.69,GOOD
S5879,Madhavan,88.97,65.72,81.1,40.36,2.53,AVERAGE
S5880,Neha,55.29,67.64,84.32,56.76,4.13,AVERAGE
S5881,Gayathri,92.85,97.06,85.22,41.16,5.03,GOOD
S5882,Sanjay,88.37,61.71,74.15,92.01,4.75,GOOD
S5883,Chetan,93.07,54.22,51.06,30.37,2.51,AVERAGE
S5884,Aarav,94.75,44.67,82.03,75.93,3.83,GOOD
S5885,Diya,61.49,71.36,89.16,9.21,2.91,AVERAGE
S5886,Harini,76.05,51.98,45.66,33.28,4.25,AVERAGE
S5887,Swathi,92.5,43.89,93.76,15.79,5.36,AVERAGE
S5888,Manish,68.87,88.78,96.48,21.98,5.2,GOOD
S5889,Sameer,53.02,59.72,80.09,56.45,5.44,AVERAGE
S5890,Preethi,64.58,74.76,46.66,34.2,3.01,AVERAGE
S5891,Vignesh,62.1,46.28,79.22,4.88,5.06,AVERAGE
S5892,Akash,93.5,70.33,61.36,86.34,2.88,GOOD
S5893,Aditya,73.19,77.91,58.22,67.54,1.51,AVERAGE
S5894,Sameer,84.18,66.99,42.21,95.52,3.94,GOOD
S5895,Pooja,98.11,60.25,83.49,80.04,3.98,GOOD
S5896,Ramya,64.96,58.66,74.0,55.94,4.8,AVERAGE
S5897,Vijay,88.06,46.56,67.05,46.04,5.2,AVERAGE
S5898,Madhavan,51.14,46.94,63.32,94.66,5.48,AVERAGE
S5899,Vijay,55.21,69.74,64.71,42.4,4.51,AVERAGE
S5900,Meera,58.09,48.33,67.19,54.49,4.13,AVERAGE
S5901,Bharath,65.62,53.41,68.65,33.37,1.08,AVERAGE
S5902,Anjali,70.15,49.89,45.86,28.06,1.57,AT RISK
S5903,Jeeva,73.85,88.15,62.82,84.56,1.7,GOOD
S5904,Deepika,62.27,66.98,43.84,24.7,2.3,AVERAGE
S5905,Aishwarya,53.31,73.16,86.56,14.4,5.47,AVERAGE
S5906,Karthik,83.88,74.98,71.33,72.8,4.63,GOOD
S5907,Muthu,51.18,63.78,87.97,84.12,4.17,AVERAGE
S5908,Muthu,90.47,57.91,65.76,92.77,1.62,AVERAGE
S5909,Anjali,96.46,62.95,49.19,66.7,4.28,AVERAGE
S5910,Vasanth,85.52,72.09,57.97,34.84,4.65,AVERAGE
S5911,Swathi,79.8,61.51,54.03,51.07,2.54,AVERAGE
S5912,Aarohi,82.85,48.2,66.39,18.63,2.22,AVERAGE
S5913,Yash,82.61,94.82,87.33,21.21,4.43,GOOD
S5914,Malar,96.59,83.94,47.0,89.63,1.6,GOOD
S5915,Arjun,98.22,43.98,64.01,84.88,3.91,AVERAGE
S5916,Arjun,71.34,94.34,45.51,27.9,5.88,AVERAGE
S5917,Jatin,80.85,50.23,63.49,38.04,1.12,AVERAGE
S5918,Rajesh,90.14,45.86,74.95,95.88,1.91,AVERAGE
S5919,Srinivas,50.05,50.39,44.14,39.2,3.65,AT RISK
S5920,Anusha,76.35,95.98,44.0,32.74,1.35,AVERAGE
S5921,Reshma,82.64,53.28,83.83,20.06,4.54,AVERAGE
S5922,Varun,85.86,87.22,64.45,40.77,1.4,AVERAGE
S5923,Dharani,68.44,78.58,61.08,36.36,1.96,AVERAGE
S5924,Manish,64.78,71.09,81.18,73.48,3.74,GOOD
S5925,Ananya,59.11,61.94,45.09,34.7,5.08,AVERAGE
S5926,Nikhil,77.89,45.58,91.58,45.83,2.83,AVERAGE
S5927,Vikram,95.97,82.64,86.53,32.14,1.28,GOOD
S5928,Deepika,94.8,63.69,63.38,31.94,2.74,AVERAGE
S5929,Divya,68.0,72.1,68.12,25.12,1.37,AVERAGE
S5930,Aadhya,62.89,43.11,63.86,49.81,1.94,AVERAGE
S5931,Kavin,89.44,86.56,87.11,42.9,3.34,GOOD
S5932,Sanjana,86.25,81.54,41.74,5.76,5.4,AVERAGE
S5933,Pradeep,75.27,71.76,80.28,93.06,5.47,GOOD
S5934,Naveen,69.45,69.78,58.15,34.88,4.52,AVERAGE
S5935,Vikram,56.19,60.22,86.77,75.75,5.21,AVERAGE
S5936,Yogesh,89.26,60.54,99.03,90.69,3.67,GOOD
S5937,Vikram,80.87,44.11,56.74,1.14,5.78,AVERAGE
S5938,Kavya,68.84,81.2,66.75,12.33,5.17,AVERAGE
S5939,Manish,95.94,42.7,72.86,19.05,4.29,AVERAGE
S5940,Jeeva,82.98,40.09,73.06,88.58,2.17,AVERAGE
S5941,Rakesh,96.46,41.86,49.39,54.57,4.81,AVERAGE
S5942,Preethi,73.72,52.21,74.99,31.09,5.38,AVERAGE
S5943,Ravi,72.73,74.21,83.43,4.41,3.39,AVERAGE
S5944,Abhinav,96.86,80.87,96.64,3.55,2.82,GOOD
S5945,Jeeva,97.99,65.24,83.52,57.75,2.82,GOOD
S5946,Nandini,98.04,64.52,76.2,70.31,4.76,GOOD
S5947,Sneha,90.94,74.61,54.0,38.56,5.75,GOOD
S5948,Isha,73.12,75.81,45.88,28.76,3.0,AVERAGE
S5949,Nandini,60.51,90.7,78.06,80.66,1.53,GOOD
S5950,Manish,69.17,89.15,77.51,86.55,1.21,GOOD
S5951,Akash,96.91,89.41,90.36,38.35,5.16,GOOD
S5952,Monisha,68.18,90.65,66.77,74.82,2.55,GOOD
S5953,Avinash,87.84,92.79,50.32,86.95,5.12,GOOD
S5954,Naveen,96.15,73.32,53.48,38.06,1.58,AVERAGE
S5955,Dev,98.52,75.71,68.58,16.07,1.2,AVERAGE
S5956,Chetan,97.38,83.63,58.72,36.84,2.55,GOOD
S5957,Naveen,77.75,51.94,50.82,6.22,2.58,AVERAGE
S5958,Shivani,74.59,61.63,46.47,3.56,5.99,AVERAGE
S5959,Vasanth,99.38,94.76,64.74,82.49,2.19,GOOD
S5960,Neha,60.91,71.37,60.25,85.28,4.71,AVERAGE
S5961,Shreya,59.38,43.11,97.92,64.73,5.6,AVERAGE
S5962,Darshan,98.16,64.33,91.38,85.67,4.91,GOOD
S5963,Gaurav,84.46,49.65,51.01,93.55,5.87,GOOD
S5964,Vasanth,76.82,61.38,85.2,68.64,1.84,AVERAGE
S5965,Arjun,56.6,72.7,68.81,91.16,4.42,GOOD
S5966,Divya,75.66,70.31,95.57,91.96,3.61,GOOD
S5967,Manish,97.21,69.43,76.49,27.45,5.35,GOOD
S5968,Abhinav,80.14,41.1,52.24,94.99,4.71,AVERAGE
S5969,Pavithra,70.23,66.71,51.76,98.38,4.89,GOOD
S5970,Ramya,77.56,41.74,98.04,27.98,2.93,AVERAGE
S5971,Neha,94.31,64.29,95.1,62.75,4.38,GOOD
S5972,Preethi,95.64,78.82,68.97,22.02,5.41,GOOD
S5973,Malar,70.0,47.55,73.84,39.38,1.99,AVERAGE
S5974,Nithin,80.4,95.01,72.83,62.41,1.16,GOOD
S5975,Nithin,63.96,77.83,85.81,3.74,2.56,AVERAGE
S5976,Vignesh,72.55,53.06,68.47,64.64,5.32,AVERAGE
S5977,Arnav,60.99,63.65,47.36,48.6,3.32,AVERAGE
S5978,Surya,76.57,45.81,59.46,12.38,2.28,AVERAGE
S5979,Yash,78.91,41.32,74.1,68.46,5.55,AVERAGE
S5980,Shankar,66.89,94.95,61.06,94.25,1.21,GOOD
S5981,Vidya,63.61,80.51,88.81,0.23,5.03,AVERAGE
S5982,Deepika,57.55,86.78,96.87,43.78,5.0,GOOD
S5983,Pooja,56.98,77.33,54.52,12.61,3.6,AVERAGE
S5984,Dev,85.57,94.41,93.35,20.7,2.32,GOOD
S5985,Akash,61.08,93.76,82.94,49.16,3.17,GOOD
S5986,Yogesh,55.9,43.49,75.22,29.13,2.77,AVERAGE
S5987,Surya,99.94,51.37,47.82,64.92,1.71,AVERAGE
S5988,Varsha,63.0,63.75,64.66,26.4,3.98,AVERAGE
S5989,Sahana,94.8,60.47,99.72,77.62,1.98,GOOD
S5990,Aishwarya,80.46,71.53,78.9,18.35,5.98,GOOD
S5991,Srinivas,85.75,55.99,75.5,90.72,3.87,GOOD
S5992,Gayathri,78.05,87.85,42.14,40.01,1.58,AVERAGE
S5993,Varun,59.04,40.45,59.25,5.55,4.07,AT RISK
S5994,Aishwarya,92.35,87.49,69.29,9.97,2.9,AVERAGE
S5995,Dhanush,91.4,63.6,78.5,53.29,1.93,AVERAGE
S5996,Kishore,67.48,40.31,91.43,91.1,2.49,AVERAGE
S5997,Pavithra,88.19,90.82,67.48,51.53,2.28,GOOD
S5998,Dharani,77.15,66.81,56.47,45.02,3.91,AVERAGE
S5999,Sanjay,95.45,83.48,56.88,77.28,2.38,GOOD
S6000,Dev,90.14,92.71,48.27,22.68,1.24,AVERAGE
S6001,Abhinav,52.05,42.06,48.73,67.66,5.09,AVERAGE
S6002,Anjali,93.96,55.73,58.32,21.83,2.43,AVERAGE
S6003,Ganesh,98.43,47.13,86.0,84.53,2.52,GOOD
S6004,Malar,87.11,45.88,64.79,88.13,3.17,AVERAGE
S6005,Vidya,56.0,96.74,91.57,19.46,4.97,GOOD
S6006,Sanjay,90.37,88.33,96.95,14.36,4.08,GOOD
S6007,Pradeep,82.37,61.88,44.53,72.33,1.44,AVERAGE
S6008,Janani,66.94,81.24,82.65,65.28,3.3,GOOD
S6009,Jatin,94.2,95.17,45.12,62.17,4.78,GOOD
S6010,Rajesh,78.28,53.25,44.3,50.94,1.2,AVERAGE
S6011,Akash,92.65,40.85,56.55,12.91,1.2,AVERAGE
S6012,Vikram,83.51,89.45,46.1,71.95,4.51,GOOD
S6013,Vasanth,64.43,83.36,79.78,16.23,3.51,AVERAGE
S6014,Bharath,98.75,49.62,82.97,54.28,1.82,AVERAGE
S6015,Varsha,78.55,69.38,78.36,34.66,4.35,AVERAGE
S6016,Akash,75.84,49.63,74.52,33.16,1.41,AVERAGE
S6017,Swathi,70.18,76.16,86.87,83.23,3.22,GOOD
S6018,Monisha,56.82,78.85,86.35,45.62,5.1,GOOD
S6019,Aishwarya,84.31,56.6,92.22,49.35,1.89,AVERAGE
S6020,Sahana,71.54,86.85,81.59,89.62,3.95,GOOD
S6021,Rohan,96.73,68.42,61.35,55.84,2.85,GOOD
S6022,Ganesh,98.25,82.38,71.48,80.13,5.47,GOOD
S6023,Pranav,88.38,78.39,69.44,86.29,4.23,GOOD
S6024,Reshma,62.12,67.05,46.47,69.52,2.8,AVERAGE
S6025,Arnav,85.8,57.56,88.7,14.4,3.45,AVERAGE
S6026,Ishaan,51.02,52.26,94.77,11.93,3.63,AVERAGE
S6027,Ananya,91.32,84.76,99.06,43.42,5.92,GOOD
S6028,Hari,74.68,78.52,54.88,6.32,4.73,AVERAGE
S6029,Gaurav,96.84,56.86,45.74,30.07,4.57,AVERAGE
S6030,Krishna,68.89,98.03,46.66,20.85,5.92,AVERAGE
S6031,Preethi,63.16,88.62,88.26,3.86,1.77,AVERAGE
S6032,Nandini,99.75,47.61,77.9,39.91,3.34,AVERAGE
S6033,Avinash,76.53,49.75,85.37,24.91,5.81,AVERAGE
S6034,Aarohi,93.16,72.64,94.31,10.19,5.26,GOOD
S6035,Divya,95.55,46.14,53.58,73.03,2.02,AVERAGE
S6036,Shivani,75.92,97.86,61.85,91.26,3.11,GOOD
S6037,Tanvi,72.79,78.28,87.54,62.08,1.94,GOOD
S6038,Gayathri,77.64,43.97,55.56,92.93,4.5,AVERAGE
S6039,Dhanush,92.39,66.61,70.36,16.65,4.09,AVERAGE
S6040,Mohan,98.23,53.32,66.61,76.81,3.91,GOOD
S6041,Chetan,66.42,69.43,75.72,40.86,5.52,AVERAGE
S6042,Nikhil,86.93,54.82,99.29,48.95,1.5,AVERAGE
S6043,Vedant,64.27,89.91,46.22,66.43,5.7,GOOD
S6044,Nithin,80.55,83.27,69.08,78.35,3.42,GOOD
S6045,Nandini,90.24,94.39,97.54,5.98,1.14,GOOD
S6046,Malar,94.32,51.88,60.87,38.82,5.57,AVERAGE
S6047,Anjali,72.44,63.12,84.44,76.5,5.66,GOOD
S6048,Kavya,68.49,88.33,95.76,53.5,5.72,GOOD
S6049,Shivani,62.67,62.43,54.44,34.17,5.17,AVERAGE
S6050,Rahul,56.67,62.75,44.88,4.05,2.39,AT RISK
S6051,Bhavya,68.25,99.16,44.54,0.74,2.43,AVERAGE
S6052,Yogesh,93.6,86.25,44.38,42.51,2.64,AVERAGE
S6053,Shivani,70.94,91.65,61.03,48.36,2.13,AVERAGE
S6054,Aditya,65.86,64.42,47.57,22.92,5.54,AVERAGE
S6055,Shankar,86.96,75.16,64.3,79.96,3.67,GOOD
S6056,Vasanth,60.78,67.03,85.25,72.35,2.33,AVERAGE
S6057,Pradeep,62.81,67.02,57.89,18.82,4.86,AVERAGE
S6058,Ishaan,96.8,47.66,68.77,18.8,4.14,AVERAGE
S6059,Anirudh,54.08,90.53,47.64,86.48,2.9,AVERAGE
S6060,Swathi,70.73,63.43,81.9,91.91,5.57,GOOD
S6061,Anjali,78.84,74.91,59.06,98.46,3.78,GOOD
S6062,Zoya,61.51,91.42,48.11,68.64,4.14,AVERAGE
S6063,Anirudh,64.05,86.41,97.28,92.89,1.16,GOOD
S6064,Sneha,61.09,51.89,86.18,14.85,4.15,AVERAGE
S6065,Harini,67.26,77.11,79.14,15.57,3.06,AVERAGE
S6066,Srinivas,94.93,69.74,83.38,4.15,4.74,AVERAGE
S6067,Aadhya,71.58,55.61,65.53,53.85,1.22,AVERAGE
S6068,Abhinav,70.89,42.45,57.9,22.13,2.93,AVERAGE
S6069,Vidya,69.33,77.79,70.0,56.88,1.33,AVERAGE
S6070,Shankar,98.21,86.79,89.52,0.77,5.66,GOOD
S6071,Vijay,55.86,96.5,97.83,52.9,3.1,GOOD
S6072,Deepak,93.59,61.3,76.32,88.89,1.7,GOOD
S6073,Monisha,66.36,63.95,62.58,72.59,4.72,AVERAGE
S6074,Avinash,97.83,49.78,83.09,36.7,5.41,GOOD
S6075,Naveen,65.76,99.08,81.82,6.82,4.88,GOOD
S6076,Lakshmi,54.14,90.98,54.85,24.51,5.25,AVERAGE
S6077,Aadhya,76.0,97.46,66.13,50.34,5.23,GOOD
S6078,Nithin,61.39,69.72,48.04,25.74,5.95,AVERAGE
S6079,Shreya,87.65,52.59,64.14,77.64,2.82,AVERAGE
S6080,Krishna,82.87,74.39,85.76,93.52,2.74,GOOD
S6081,Shreya,84.32,62.33,58.83,17.62,1.56,AVERAGE
S6082,Aarav,59.67,60.87,77.98,0.56,5.29,AVERAGE
S6083,Rahul,85.43,44.94,59.66,8.41,5.65,AVERAGE
S6084,Sneha,65.57,44.39,48.83,80.29,2.41,AVERAGE
S6085,Manish,99.93,62.73,84.48,5.37,4.08,AVERAGE
S6086,Preethi,86.59,95.57,75.36,74.63,2.22,GOOD
S6087,Harish,79.52,83.38,89.53,40.52,5.31,GOOD
S6088,Ashwin,93.36,85.63,80.74,42.61,1.03,GOOD
S6089,Srinivas,79.47,54.06,89.03,73.08,4.48,GOOD
S6090,Sahana,77.64,84.07,49.3,32.0,3.71,AVERAGE
S6091,Naveen,61.87,64.38,76.88,81.05,2.43,AVERAGE
S6092,Aditya,83.91,43.56,62.04,9.44,5.62,AVERAGE
S6093,Yogesh,68.73,63.69,84.79,71.87,3.4,AVERAGE
S6094,Rakesh,52.15,47.88,74.81,90.37,3.62,AVERAGE
S6095,Deepak,90.8,91.22,43.25,16.43,1.42,AVERAGE
S6096,Zoya,52.59,90.42,72.01,55.49,3.06,AVERAGE
S6097,Krishna,83.62,57.25,84.66,64.1,1.8,AVERAGE
S6098,Varsha,57.84,76.72,55.77,13.28,3.77,AVERAGE
S6099,Kavya,71.63,61.83,79.27,54.33,3.89,AVERAGE
S6100,Varun,92.95,49.25,90.46,25.23,2.22,AVERAGE
S6101,Tanvi,54.72,78.96,43.91,75.36,5.72,AVERAGE
S6102,Harish,83.36,85.61,74.68,56.8,2.51,GOOD
S6103,Sanjay,80.63,86.48,93.26,41.06,4.27,GOOD
S6104,Arjun,93.38,48.95,47.59,74.25,5.9,AVERAGE
S6105,Aishwarya,58.64,70.75,56.15,73.18,5.02,AVERAGE
S6106,Madhavan,89.99,41.43,77.56,21.05,4.73,AVERAGE
S6107,Vidya,72.51,45.41,75.11,2.56,1.3,AT RISK
S6108,Lakshmi,71.43,44.86,87.6,24.83,3.62,AVERAGE
S6109,Karthik,68.09,43.43,77.74,88.26,4.77,AVERAGE
S6110,Tanvi,69.28,60.03,74.55,39.68,4.3,AVERAGE
S6111,Harini,76.0,61.46,67.11,20.15,3.84,AVERAGE
S6112,Gayathri,55.34,81.87,44.69,36.89,5.61,AVERAGE
S6113,Aarohi,71.25,59.79,75.47,38.32,3.8,AVERAGE
S6114,Gaurav,82.6,48.42,49.4,45.41,5.19,AVERAGE
S6115,Isha,74.91,96.81,99.75,45.0,5.43,GOOD
S6116,Ishaan,58.29,92.53,44.71,29.81,4.93,AVERAGE
S6117,Rohan,68.15,47.45,44.54,29.95,1.75,AT RISK
S6118,Reshma,72.15,61.77,87.24,79.98,4.88,GOOD
S6119,Abhinav,83.44,50.09,46.07,66.3,4.94,AVERAGE
S6120,Pavithra,95.04,97.55,64.3,67.94,4.37,GOOD
S6121,Zoya,77.52,61.36,95.65,19.05,2.86,AVERAGE
S6122,Zoya,83.82,45.89,87.27,99.19,2.45,GOOD
S6123,Dharani,53.86,83.61,53.97,8.69,4.25,AVERAGE
S6124,Arnav,97.72,82.7,55.06,68.25,4.65,GOOD
S6125,Kishore,65.76,54.46,75.54,74.34,5.6,AVERAGE
S6126,Harish,67.71,59.29,69.19,26.72,2.71,AVERAGE
S6127,Sneha,61.14,64.9,47.0,7.71,2.45,AT RISK
S6128,Dharani,54.23,56.06,49.52,73.74,4.71,AVERAGE
S6129,Yash,89.5,57.33,88.17,56.56,5.89,GOOD
S6130,Lakshmi,62.02,88.1,60.69,96.56,2.45,GOOD
S6131,Nikhil,64.13,85.11,87.94,72.77,2.37,GOOD
S6132,Sakshi,59.09,81.56,51.39,92.97,5.47,GOOD
S6133,Aditya,98.74,81.21,75.97,63.43,2.32,GOOD
S6134,Jeeva,89.05,71.31,70.31,49.8,3.08,GOOD
S6135,Ananya,96.49,61.06,59.58,94.47,5.96,GOOD
S6136,Riya,93.09,83.23,76.51,81.88,5.0,GOOD
S6137,Bharath,95.31,46.98,47.47,3.51,2.25,AVERAGE
S6138,Amrita,73.95,48.46,91.39,58.3,5.76,AVERAGE
S6139,Gayathri,58.53,47.58,84.6,14.94,5.22,AVERAGE
S6140,Naveen,66.34,83.96,57.22,94.8,5.87,GOOD
S6141,Aadhya,64.62,75.49,74.81,67.59,3.02,AVERAGE
S6142,Bharath,85.86,67.01,94.13,45.13,4.34,GOOD
S6143,Varun,51.28,68.57,65.34,95.99,2.91,AVERAGE
S6144,Aishwarya,57.1,89.65,61.8,33.64,3.21,AVERAGE
S6145,Madhavan,84.14,47.3,87.94,44.41,4.36,AVERAGE
S6146,Sakshi,56.17,62.99,40.07,39.91,3.07,AVERAGE
S6147,Pradeep,52.41,85.61,81.18,13.19,3.1,AVERAGE
S6148,Naveen,55.46,79.47,52.95,14.99,3.71,AVERAGE
S6149,Tanvi,84.53,66.11,81.65,59.1,1.54,AVERAGE
S6150,Bhavya,56.97,53.46,66.27,6.95,5.93,AVERAGE
S6151,Zoya,57.32,96.79,41.22,93.11,5.13,GOOD
S6152,Isha,61.52,64.48,92.46,32.76,3.41,AVERAGE
S6153,Harini,87.55,92.67,72.79,32.1,4.78,GOOD
S6154,Nithin,60.02,86.67,58.82,13.97,5.99,AVERAGE
S6155,Ramya,51.77,91.69,82.2,35.1,3.58,AVERAGE
S6156,Surya,95.29,41.02,69.76,69.11,4.62,AVERAGE
S6157,Aryan,93.82,68.64,42.1,95.73,1.42,AVERAGE
S6158,Ashwin,59.24,55.57,79.02,19.26,5.78,AVERAGE
S6159,Surya,63.27,56.44,98.17,17.76,1.83,AVERAGE
S6160,Neha,59.43,56.19,53.32,13.9,5.0,AVERAGE
S6161,Aarohi,85.98,63.36,91.78,57.4,3.44,GOOD
S6162,Karthik,62.5,64.64,77.26,11.69,4.22,AVERAGE
S6163,Preethi,96.57,78.04,44.67,8.81,3.98,AVERAGE
S6164,Mohan,91.38,58.02,83.8,74.39,3.08,GOOD
S6165,Aman,79.42,56.37,66.49,79.32,5.76,GOOD
S6166,Jeeva,50.45,61.64,87.62,31.46,2.55,AVERAGE
S6167,Dev,94.18,81.19,78.14,58.15,2.16,GOOD
S6168,Mohan,86.39,40.01,40.17,74.24,5.47,AVERAGE
S6169,Aarav,89.4,84.82,47.58,4.9,2.47,AVERAGE
S6170,Yash,53.59,60.34,61.15,63.47,1.54,AVERAGE
S6171,Rakesh,85.43,74.57,68.91,28.62,1.78,AVERAGE
S6172,Ravi,90.23,85.69,95.93,40.91,2.79,GOOD
S6173,Manish,97.83,70.65,89.32,35.62,5.39,GOOD
S6174,Diya,79.02,78.83,88.1,71.83,4.32,GOOD
S6175,Chetan,75.4,95.2,72.37,46.88,1.63,GOOD
S6176,Diya,71.27,41.79,45.57,76.01,3.68,AVERAGE
S6177,Riya,85.06,60.97,84.75,31.5,4.11,AVERAGE
S6178,Amrita,96.04,95.61,45.19,54.13,5.04,GOOD
S6179,Pooja,79.99,90.25,45.49,90.7,3.82,GOOD
S6180,Ramya,61.36,77.01,55.31,43.81,2.72,AVERAGE
S6181,Mahesh,50.88,53.76,95.35,57.63,5.98,AVERAGE
S6182,Anirudh,80.96,59.83,85.0,67.05,2.3,AVERAGE
S6183,Sanjana,93.23,91.48,44.6,91.23,5.82,GOOD
S6184,Monisha,53.3,81.9,95.13,63.61,2.05,AVERAGE
S6185,Bharath,69.88,57.14,87.0,61.24,3.59,AVERAGE
S6186,Ravi,97.0,47.93,76.22,83.35,1.55,AVERAGE
S6187,Aryan,75.08,86.85,47.62,99.18,5.46,GOOD
S6188,Pavithra,61.03,74.57,59.21,89.89,3.45,AVERAGE
S6189,Kavya,67.68,97.81,58.04,12.49,5.42,AVERAGE
S6190,Kavin,70.41,64.39,78.4,67.64,5.12,GOOD
S6191,Shivani,55.86,60.94,75.27,32.86,1.95,AVERAGE
S6192,Sanjay,83.04,57.45,56.63,41.45,1.29,AVERAGE
S6193,Amrita,79.61,68.91,58.67,64.53,5.58,GOOD
S6194,Naveen,82.39,59.36,71.11,14.51,3.81,AVERAGE
S6195,Pooja,80.54,44.39,90.72,69.27,5.26,GOOD
S6196,Varsha,50.83,58.73,47.57,29.35,4.45,AVERAGE
S6197,Vasanth,58.72,53.13,83.54,81.92,4.85,AVERAGE
S6198,Vedant,58.28,88.92,99.74,37.17,3.42,GOOD
S6199,Vidya,54.9,54.14,84.98,5.0,4.67,AVERAGE
S6200,Rahul,86.77,67.53,66.49,59.88,5.59,GOOD
S6201,Pranav,56.01,80.36,83.9,74.98,4.55,GOOD
S6202,Preethi,83.41,48.95,91.64,61.67,5.66,GOOD
S6203,Charan,58.92,71.88,86.11,77.88,2.21,AVERAGE
S6204,Srinivas,55.92,90.83,40.77,80.41,5.01,AVERAGE
S6205,Riya,58.13,75.04,47.89,4.23,3.65,AVERAGE
S6206,Hari,75.42,68.94,46.43,0.18,1.3,AVERAGE
S6207,Madhavan,82.27,90.33,41.91,22.43,4.23,AVERAGE
S6208,Sanjay,90.6,96.84,82.87,22.47,4.14,GOOD
S6209,Abhinav,56.43,89.26,56.04,56.29,5.95,GOOD
S6210,Arjun,80.81,64.5,83.32,22.91,4.25,AVERAGE
S6211,Avinash,88.69,76.7,79.97,36.48,1.65,AVERAGE
S6212,Rohan,65.62,71.6,71.42,45.37,5.96,AVERAGE
S6213,Zoya,53.99,58.2,43.58,60.08,2.57,AVERAGE
S6214,Nithin,57.8,66.12,58.32,99.67,4.49,AVERAGE
S6215,Gaurav,54.58,89.76,41.63,68.85,3.99,AVERAGE
S6216,Monisha,94.36,58.03,94.6,26.58,2.78,AVERAGE
S6217,Charan,68.84,93.37,58.52,35.08,3.03,AVERAGE
S6218,Akash,76.17,99.49,45.7,4.37,4.27,AVERAGE
S6219,Mohan,88.43,58.41,40.15,41.95,5.36,AVERAGE
S6220,Keerthi,68.57,47.36,76.69,58.91,5.73,AVERAGE
S6221,Sahana,82.46,97.43,77.26,94.94,5.96,EXCELLENT
S6222,Surya,53.83,50.26,99.7,26.79,1.58,AVERAGE
S6223,Pavithra,74.05,86.29,57.32,24.35,1.94,AVERAGE
S6224,Srinivas,54.83,42.35,42.79,1.72,2.03,AT RISK
S6225,Sanjay,62.41,54.13,86.76,57.47,5.87,AVERAGE
S6226,Krishna,64.67,55.61,58.27,99.59,1.49,AVERAGE
S6227,Malar,85.88,57.83,59.84,37.11,4.49,AVERAGE
S6228,Amrita,83.71,95.16,94.46,49.78,5.79,EXCELLENT
S6229,Jatin,87.35,50.52,74.52,5.82,3.88,AVERAGE
S6230,Ashwin,53.09,50.42,64.02,57.11,1.04,AVERAGE
S6231,Sanjay,99.7,81.5,97.03,21.01,1.33,GOOD
S6232,Kavya,52.72,97.14,55.92,1.55,4.55,AVERAGE
S6233,Dev,91.29,63.36,41.29,68.38,2.99,AVERAGE
S6234,Naveen,87.01,86.39,53.85,14.77,3.53,AVERAGE
S6235,Ravi,79.59,41.86,42.65,10.12,1.23,AT RISK
S6236,Varun,71.94,89.44,64.46,22.82,5.49,GOOD
S6237,Pradeep,87.86,83.4,89.86,13.75,5.53,GOOD
S6238,Shivani,86.99,93.8,98.51,62.29,4.01,EXCELLENT
S6239,Shankar,56.86,78.25,82.02,26.71,3.38,AVERAGE
S6240,Mohan,89.63,96.48,95.57,67.1,2.97,EXCELLENT
S6241,Reshma,53.93,63.39,64.51,54.6,1.99,AVERAGE
S6242,Shankar,75.03,83.95,58.16,35.36,5.7,GOOD
S6243,Vidya,82.25,83.53,49.25,19.35,3.45,AVERAGE
S6244,Mohan,91.08,56.12,70.05,67.27,1.54,AVERAGE
S6245,Divya,73.16,95.23,59.62,52.44,4.96,GOOD
S6246,Vijay,61.84,86.75,46.45,72.08,5.86,GOOD
S6247,Varsha,74.53,91.98,95.91,50.61,2.41,GOOD
S6248,Shankar,62.51,61.76,47.42,80.21,4.44,AVERAGE
S6249,Vignesh,76.44,90.48,84.38,54.97,5.98,GOOD
S6250,Avinash,73.13,58.9,44.08,81.33,1.57,AVERAGE
S6251,Priya,89.03,97.86,71.63,54.97,5.06,GOOD
S6252,Janani,62.0,41.44,80.49,96.17,3.49,AVERAGE
S6253,Vedant,60.0,77.15,54.07,85.32,4.35,AVERAGE
S6254,Meera,73.71,46.73,44.54,25.41,1.9,AT RISK
S6255,Meera,52.53,83.12,75.6,72.81,2.09,AVERAGE
S6256,Akash,61.47,61.82,76.17,13.2,3.78,AVERAGE
S6257,Karthik,67.69,92.24,58.72,91.11,2.25,GOOD
S6258,Charan,74.38,92.36,62.57,34.55,3.98,GOOD
S6259,Harish,63.47,62.09,42.74,47.74,1.44,AVERAGE
S6260,Gayathri,78.03,88.6,57.75,2.06,4.91,AVERAGE
S6261,Amrita,93.92,80.87,92.96,86.76,2.37,GOOD
S6262,Vijay,77.19,65.59,50.28,94.8,4.69,GOOD
S6263,Sanjay,64.34,60.59,68.08,47.05,1.82,AVERAGE
S6264,Preethi,53.1,52.62,80.61,18.79,5.0,AVERAGE
S6265,Sahana,56.83,43.79,88.17,69.38,1.07,AVERAGE
S6266,Tanvi,78.06,71.04,44.87,29.7,1.85,AVERAGE
S6267,Anirudh,84.19,72.4,75.51,96.0,2.69,GOOD
S6268,Harini,52.48,66.64,77.64,31.12,4.9,AVERAGE
S6269,Srinivas,59.28,97.04,51.84,57.57,1.16,AVERAGE
S6270,Deepika,65.95,40.82,41.85,4.94,4.7,AT RISK
S6271,Priya,65.99,91.02,90.66,98.98,2.18,GOOD
S6272,Harish,97.92,88.05,66.4,57.62,5.98,GOOD
S6273,Rohan,60.19,85.53,43.65,97.53,2.43,AVERAGE
S6274,Zoya,53.13,71.49,74.68,30.07,1.73,AVERAGE
S6275,Diya,67.65,51.42,62.61,52.72,4.42,AVERAGE
S6276,Harish,56.72,91.77,44.81,1.84,2.38,AVERAGE
S6277,Pradeep,56.33,84.68,57.23,77.08,3.7,AVERAGE
S6278,Naveen,70.37,89.97,59.61,16.65,4.86,AVERAGE
S6279,Dev,65.32,54.15,74.49,42.53,5.0,AVERAGE
S6280,Janani,54.59,73.26,64.2,67.0,2.1,AVERAGE
S6281,Janani,80.22,64.96,46.42,8.21,2.05,AVERAGE
S6282,Pradeep,75.08,78.38,78.12,78.36,2.36,GOOD
S6283,Madhavan,53.85,85.16,83.73,80.58,2.97,GOOD
S6284,Gayathri,93.14,50.42,70.44,53.13,4.73,AVERAGE
S6285,Vignesh,64.24,50.44,43.8,60.5,3.71,AVERAGE
S6286,Karthik,98.07,42.62,46.19,9.42,5.4,AVERAGE
S6287,Ravi,96.58,49.43,96.68,44.88,4.49,GOOD
S6288,Isha,71.7,54.41,51.36,84.11,4.07,AVERAGE
S6289,Kavya,61.43,44.35,58.45,8.93,3.6,AT RISK
S6290,Pradeep,91.74,61.34,81.25,98.87,3.06,GOOD
S6291,Sahana,68.06,80.51,87.51,48.59,2.73,GOOD
S6292,Manish,58.18,87.58,94.66,1.28,1.87,AVERAGE
S6293,Jeeva,77.58,60.75,63.71,33.99,2.35,AVERAGE
S6294,Surya,74.47,45.03,99.54,50.06,5.5,AVERAGE
S6295,Muthu,92.5,85.56,46.23,95.9,5.15,GOOD
S6296,Aarav,86.46,63.47,89.59,70.52,1.02,GOOD
S6297,Charan,93.81,55.09,56.33,58.1,2.12,AVERAGE
S6298,Chetan,86.74,68.24,96.23,96.65,5.04,GOOD
S6299,Rajesh,82.11,98.19,92.15,29.5,3.93,GOOD
S6300,Akshara,75.01,62.36,85.74,37.97,1.36,AVERAGE
S6301,Gayathri,99.38,97.57,76.22,76.82,5.04,EXCELLENT
S6302,Deepak,97.96,55.19,52.87,59.45,4.77,AVERAGE
S6303,Priya,92.44,46.33,67.72,21.9,2.41,AVERAGE
S6304,Gaurav,88.77,49.43,42.09,75.11,4.72,AVERAGE
S6305,Pavithra,78.88,86.43,82.56,26.72,5.43,GOOD
S6306,Nikhil,62.99,72.26,46.95,55.89,4.24,AVERAGE
S6307,Kishore,93.77,74.92,55.5,85.62,4.72,GOOD
S6308,Akshara,50.54,98.06,54.7,27.51,1.24,AVERAGE
S6309,Riya,61.37,70.29,87.28,76.12,3.83,GOOD
S6310,Shivani,70.19,47.02,64.04,86.13,4.77,AVERAGE
S6311,Surya,79.31,83.11,72.07,31.71,3.31,AVERAGE
S6312,Diya,78.04,52.47,52.52,19.66,3.02,AVERAGE
S6313,Nikhil,58.79,74.89,60.05,86.58,3.81,AVERAGE
S6314,Pooja,55.24,91.26,70.71,46.64,4.37,AVERAGE
S6315,Vedant,61.12,68.62,51.65,31.14,5.08,AVERAGE
S6316,Swathi,67.44,58.86,81.39,1.04,5.08,AVERAGE
S6317,Arjun,50.7,74.53,66.96,19.4,4.52,AVERAGE
S6318,Mahesh,84.62,47.62,99.02,51.27,5.92,GOOD
S6319,Divya,62.39,58.45,54.79,82.9,3.69,AVERAGE
S6320,Krishna,67.57,70.25,63.76,50.23,3.22,AVERAGE
S6321,Rajesh,66.75,55.25,95.48,27.65,2.65,AVERAGE
S6322,Ganesh,75.59,42.36,93.16,92.91,1.62,AVERAGE
S6323,Nikhil,92.99,75.11,69.05,36.92,2.11,AVERAGE
S6324,Shivani,57.47,64.07,47.42,16.29,2.53,AT RISK
S6325,Nikhil,67.04,63.44,64.53,94.53,3.53,AVERAGE
S6326,Vedant,84.6,99.81,75.24,39.64,5.99,GOOD
S6327,Harish,52.21,46.71,55.25,48.24,4.88,AVERAGE
S6328,Deepika,91.5,49.25,51.47,82.98,5.44,AVERAGE
S6329,Sanjay,98.09,92.58,71.89,28.77,1.91,GOOD
S6330,Vedant,80.38,47.82,50.56,52.87,1.12,AVERAGE
S6331,Nithin,97.83,95.06,92.47,86.63,1.01,EXCELLENT
S6332,Nikhil,70.65,80.32,44.45,25.61,3.51,AVERAGE
S6333,Sanjana,70.75,71.69,99.24,89.43,1.59,GOOD
S6334,Yash,55.31,56.7,72.28,19.15,1.95,AVERAGE
S6335,Aman,51.77,61.57,99.01,85.44,1.89,AVERAGE
S6336,Kavin,62.23,89.56,85.09,39.35,4.57,GOOD
S6337,Vignesh,73.91,43.45,49.17,54.82,5.77,AVERAGE
S6338,Neha,75.38,86.11,53.65,55.14,1.61,AVERAGE
S6339,Rohan,60.88,89.67,46.42,20.49,1.53,AVERAGE
S6340,Keerthi,80.64,82.36,83.75,17.3,2.65,AVERAGE
S6341,Zoya,59.06,43.27,50.12,71.14,4.19,AVERAGE
S6342,Vedant,66.31,84.56,82.87,82.54,2.85,GOOD
S6343,Rakesh,59.79,83.39,91.57,13.69,2.39,AVERAGE
S6344,Karthik,84.83,40.79,64.7,75.15,1.58,AVERAGE
S6345,Nikhil,75.83,93.54,79.66,32.69,3.29,GOOD
S6346,Sanjay,86.81,47.93,93.71,59.44,1.18,AVERAGE
S6347,Sakshi,52.86,97.65,85.19,53.46,4.14,GOOD
S6348,Keerthi,71.27,44.25,47.85,74.34,5.12,AVERAGE
S6349,Vijay,98.35,54.28,57.55,54.19,5.84,GOOD
S6350,Divya,52.68,81.41,72.14,9.34,2.61,AVERAGE
S6351,Shreya,70.92,48.23,55.86,27.92,5.13,AVERAGE
S6352,Aryan,52.02,51.1,70.36,39.79,3.53,AVERAGE
S6353,Sakshi,57.33,40.67,97.17,57.2,2.34,AVERAGE
S6354,Monisha,73.13,89.59,67.19,16.95,1.48,AVERAGE
S6355,Pavithra,57.88,42.26,55.7,33.74,3.23,AT RISK
S6356,Harini,75.94,77.95,48.79,6.32,5.34,AVERAGE
S6357,Kishore,96.14,74.94,94.07,32.26,5.74,GOOD
S6358,Akshara,60.02,70.67,53.79,51.22,3.31,AVERAGE
S6359,Meera,55.36,62.51,51.62,93.65,4.87,AVERAGE
S6360,Bharath,91.26,57.97,73.07,17.77,2.06,AVERAGE
S6361,Nithin,73.01,97.42,67.7,2.76,4.72,AVERAGE
S6362,Vijay,94.13,87.12,63.14,37.72,1.11,AVERAGE
S6363,Ramya,65.31,95.36,74.72,60.76,3.09,GOOD
S6364,Jatin,81.38,84.03,74.16,60.76,4.85,GOOD
S6365,Bhavya,96.17,89.74,44.1,34.56,2.83,AVERAGE
S6366,Amrita,58.58,97.85,64.9,3.76,1.52,AVERAGE
S6367,Vijay,90.04,67.22,83.26,91.89,5.86,GOOD
S6368,Charan,81.58,94.41,62.9,50.18,2.49,GOOD
S6369,Karthik,90.65,42.58,99.86,77.65,1.21,AVERAGE
S6370,Monisha,58.53,46.47,54.12,39.69,3.04,AVERAGE
S6371,Kavin,71.7,69.42,69.78,83.14,4.48,GOOD
S6372,Nandini,56.44,67.24,80.44,78.47,2.92,AVERAGE
S6373,Gaurav,98.0,66.29,72.87,9.53,5.5,AVERAGE
S6374,Kishore,53.13,72.23,42.34,5.13,2.07,AT RISK
S6375,Dharani,53.27,72.3,70.82,14.95,3.89,AVERAGE
S6376,Deepak,94.91,92.23,97.99,82.28,1.53,EXCELLENT
S6377,Ishaan,65.04,60.75,64.4,26.95,1.59,AVERAGE
S6378,Sameer,79.85,58.97,46.97,39.58,1.98,AVERAGE
S6379,Sneha,64.37,82.11,41.28,57.84,2.09,AVERAGE
S6380,Chetan,82.44,78.91,64.74,65.19,4.3,GOOD
S6381,Vasanth,59.62,89.79,51.12,42.64,5.24,AVERAGE
S6382,Neha,72.94,58.56,90.08,44.92,5.33,AVERAGE
S6383,Neha,76.67,40.38,97.14,32.81,4.14,AVERAGE
S6384,Akshara,66.68,96.64,96.43,9.4,3.03,GOOD
S6385,Reshma,62.59,42.65,62.47,14.83,2.32,AT RISK
S6386,Gaurav,57.01,80.8,67.29,88.99,2.47,AVERAGE
S6387,Darshan,85.31,59.31,58.9,97.49,3.26,GOOD
S6388,Sanjay,58.41,65.41,47.74,82.55,4.14,AVERAGE
S6389,Reshma,64.61,90.28,73.54,30.58,3.78,AVERAGE
S6390,Deepak,66.85,65.17,51.17,17.83,4.81,AVERAGE
S6391,Chetan,72.72,48.66,43.56,50.92,1.64,AVERAGE
S6392,Nithin,85.13,85.27,90.97,9.46,1.56,AVERAGE
S6393,Pavithra,71.4,41.21,87.91,91.5,5.95,GOOD
S6394,Tanvi,93.55,56.48,95.58,76.8,2.58,GOOD
S6395,Abhinav,83.99,72.28,59.64,97.36,5.86,GOOD
S6396,Vasanth,91.92,66.27,92.24,85.59,2.45,GOOD
S6397,Nikhil,85.82,77.21,63.91,40.88,1.32,AVERAGE
S6398,Varsha,57.43,62.88,44.37,31.42,3.54,AVERAGE
S6399,Reshma,98.9,63.44,67.47,83.42,1.99,GOOD
S6400,Ramya,89.33,60.92,73.23,58.79,5.5,GOOD
S6401,Ganesh,78.64,93.24,65.93,87.87,3.16,GOOD
S6402,Dharani,58.26,41.04,87.13,32.52,3.2,AVERAGE
S6403,Swathi,58.63,96.38,61.11,54.65,2.95,AVERAGE
S6404,Aarohi,80.72,61.49,95.26,46.23,1.56,AVERAGE
S6405,Neha,70.81,61.89,44.45,18.32,4.12,AVERAGE
S6406,Kavin,83.79,83.55,83.22,54.11,1.77,GOOD
S6407,Pavithra,68.62,63.3,95.74,8.34,4.2,AVERAGE
S6408,Varun,75.64,77.0,73.19,37.5,3.0,AVERAGE
S6409,Hari,59.4,94.22,92.72,53.34,5.27,GOOD
S6410,Aarohi,57.76,90.77,81.51,14.52,3.6,AVERAGE
S6411,Rohan,53.78,70.92,40.87,75.36,5.44,AVERAGE
S6412,Shreya,90.98,83.0,80.27,19.08,1.13,AVERAGE
S6413,Sanjana,77.77,63.55,79.39,72.85,4.63,GOOD
S6414,Krishna,97.36,86.56,40.0,2.4,3.79,AVERAGE
S6415,Divya,87.47,50.21,64.55,68.89,1.84,AVERAGE
S6416,Mohan,88.44,42.74,42.33,40.04,1.53,AVERAGE
S6417,Deepak,75.45,72.44,57.58,79.01,4.69,GOOD
S6418,Varun,90.77,52.92,99.19,56.2,2.88,GOOD
S6419,Aishwarya,97.1,83.72,96.42,38.0,1.38,GOOD
S6420,Nithin,86.09,46.08,81.09,66.38,4.48,AVERAGE
S6421,Anusha,55.28,40.51,62.01,38.79,2.45,AT RISK
S6422,Aman,82.55,80.54,63.79,35.62,2.5,AVERAGE
S6423,Harish,56.02,70.05,42.29,42.56,1.41,AVERAGE
S6424,Keerthi,53.86,97.12,60.3,71.04,3.11,GOOD
S6425,Harish,84.65,54.85,87.06,61.49,5.57,GOOD
S6426,Pradeep,91.74,47.4,71.16,91.65,5.3,GOOD
S6427,Ashwin,57.94,41.39,68.6,0.04,2.66,AT RISK
S6428,Aarohi,53.71,66.65,45.47,16.1,2.53,AT RISK
S6429,Ravi,94.33,46.05,95.14,49.4,5.33,GOOD
S6430,Yogesh,56.61,86.54,56.98,66.97,4.7,AVERAGE
S6431,Divya,51.75,44.32,62.97,8.96,2.02,AT RISK
S6432,Manish,86.05,95.25,59.84,29.42,5.49,GOOD
S6433,Shreya,92.39,72.45,59.72,98.86,5.56,GOOD
S6434,Srinivas,75.72,81.78,75.96,32.76,2.7,AVERAGE
S6435,Gayathri,77.0,47.86,77.62,38.01,5.46,AVERAGE
S6436,Pooja,66.84,45.37,75.91,23.88,4.32,AVERAGE
S6437,Aadhya,61.92,61.22,44.11,1.74,5.38,AVERAGE
S6438,Priya,87.76,71.23,98.17,28.54,2.93,GOOD
S6439,Varun,92.46,74.53,82.84,16.11,2.99,AVERAGE
S6440,Sneha,66.06,59.79,92.96,38.1,3.51,AVERAGE
S6441,Sneha,63.69,56.36,49.58,23.24,2.32,AVERAGE
S6442,Surya,63.39,98.88,95.93,40.39,3.69,GOOD
S6443,Nithin,52.53,56.36,83.3,26.95,3.55,AVERAGE
S6444,Ishaan,64.05,48.28,70.04,91.56,1.94,AVERAGE
S6445,Mohan,51.28,61.57,41.39,29.14,5.48,AVERAGE
S6446,Charan,89.42,58.23,55.19,18.86,1.52,AVERAGE
S6447,Pranav,62.8,65.3,90.32,76.2,5.41,GOOD
S6448,Priya,84.51,77.42,62.75,81.17,3.69,GOOD
S6449,Chetan,77.16,76.19,80.7,56.3,3.41,GOOD
S6450,Ishaan,91.87,81.9,83.85,34.49,5.29,GOOD
S6451,Kishore,98.02,49.4,86.54,83.42,3.27,GOOD
S6452,Rajesh,68.36,42.76,62.94,66.99,2.51,AVERAGE
S6453,Monisha,54.42,87.45,94.59,38.1,1.79,AVERAGE
S6454,Keerthi,87.48,53.03,57.53,39.17,4.44,AVERAGE
S6455,Ashwin,51.07,58.94,90.16,0.24,5.17,AVERAGE
S6456,Bhavya,61.15,67.34,65.48,5.78,3.55,AVERAGE
S6457,Nikhil,52.66,82.98,54.05,13.48,2.41,AVERAGE
S6458,Sneha,94.91,49.82,60.61,24.73,5.7,AVERAGE
S6459,Sanjana,50.26,94.14,87.97,92.61,4.23,GOOD
S6460,Sanjana,74.64,59.29,76.89,82.16,3.72,GOOD
S6461,Aarav,71.2,98.96,48.2,4.08,4.96,AVERAGE
S6462,Hari,82.64,57.12,47.44,1.49,2.67,AVERAGE
S6463,Kavya,64.49,83.54,81.23,58.6,4.68,GOOD
S6464,Dev,93.68,62.6,54.37,37.65,2.75,AVERAGE
S6465,Varun,86.72,90.2,52.52,80.18,2.29,GOOD
S6466,Abhinav,71.61,67.74,84.97,97.29,2.16,GOOD
S6467,Manish,67.9,92.23,59.36,49.43,5.42,GOOD
S6468,Varun,90.79,85.24,44.1,17.74,5.03,AVERAGE
S6469,Jatin,87.85,75.16,65.49,89.28,2.04,GOOD
S6470,Vikram,69.95,55.0,74.15,42.22,1.35,AVERAGE
S6471,Rohan,67.07,55.59,76.09,41.71,1.77,AVERAGE
S6472,Muthu,51.94,99.49,43.51,70.39,2.54,AVERAGE
S6473,Deepika,54.09,95.52,67.21,36.99,4.05,AVERAGE
S6474,Akash,52.7,48.31,61.57,23.48,4.33,AVERAGE
S6475,Srinivas,51.22,52.24,66.94,74.17,1.57,AVERAGE
S6476,Ishaan,57.64,46.41,42.5,18.58,3.27,AT RISK
S6477,Hari,92.86,52.08,57.74,3.93,3.6,AVERAGE
S6478,Ananya,89.91,57.41,78.61,49.76,2.3,AVERAGE
S6479,Vignesh,92.28,90.26,47.55,3.39,4.65,AVERAGE
S6480,Darshan,81.19,45.71,97.55,79.09,3.98,GOOD
S6481,Ananya,81.2,92.93,99.63,97.74,4.65,EXCELLENT
S6482,Keerthi,56.2,98.32,61.63,94.86,4.49,GOOD
S6483,Rajesh,84.95,56.9,80.86,14.89,5.48,AVERAGE
S6484,Swathi,64.0,67.37,78.12,93.2,4.37,GOOD
S6485,Deepak,75.96,71.76,50.03,11.18,5.0,AVERAGE
S6486,Dhanush,97.74,52.34,63.29,35.44,3.55,AVERAGE
S6487,Mahesh,93.53,83.89,98.84,8.43,2.19,GOOD
S6488,Ravi,61.66,74.8,47.66,82.27,1.45,AVERAGE
S6489,Nandini,86.83,46.73,74.51,22.37,3.45,AVERAGE
S6490,Sakshi,55.2,93.76,75.95,66.49,4.99,GOOD
S6491,Monisha,51.34,58.13,50.05,76.27,3.92,AVERAGE
S6492,Deepak,51.41,49.37,72.11,38.08,1.13,AT RISK
S6493,Diya,58.51,98.91,95.05,78.93,2.2,GOOD
S6494,Malar,84.75,46.17,46.94,32.56,3.21,AVERAGE
S6495,Deepika,68.17,43.58,51.38,14.82,3.01,AT RISK
S6496,Malar,50.8,54.25,55.34,45.99,4.49,AVERAGE
S6497,Sanjay,99.4,59.16,85.06,71.03,1.88,GOOD
S6498,Gayathri,76.67,66.03,74.64,3.97,2.85,AVERAGE
S6499,Abhinav,69.69,81.11,70.21,80.62,3.68,GOOD
S6500,Vasanth,75.94,61.94,87.52,25.56,5.92,AVERAGE
S6501,Divya,76.0,73.56,98.7,68.12,5.63,GOOD
S6502,Abhinav,73.51,40.35,51.76,11.4,2.91,AT RISK
S6503,Jeeva,80.65,63.09,88.72,38.95,2.67,AVERAGE
S6504,Swathi,94.28,96.7,62.21,46.5,5.75,GOOD
S6505,Preethi,65.09,86.49,48.76,46.84,5.31,AVERAGE
S6506,Arjun,74.35,84.45,55.39,27.32,4.55,AVERAGE
S6507,Amrita,50.18,58.27,63.96,52.92,4.11,AVERAGE
S6508,Vedant,92.99,69.29,93.95,27.74,4.64,GOOD
S6509,Sahana,65.3,90.67,68.7,16.65,4.55,AVERAGE
S6510,Pooja,63.56,92.81,76.86,13.33,5.18,AVERAGE
S6511,Muthu,99.88,82.63,41.99,89.47,4.62,GOOD
S6512,Shankar,79.22,67.39,43.84,13.06,4.25,AVERAGE
S6513,Ravi,56.15,44.39,96.3,39.52,5.68,AVERAGE
S6514,Shreya,63.28,47.16,90.3,25.19,5.7,AVERAGE
S6515,Harini,67.66,40.02,69.38,61.6,3.08,AVERAGE
S6516,Srinivas,99.3,61.55,52.02,34.58,5.99,AVERAGE
S6517,Dharani,71.53,41.4,42.41,28.63,2.97,AT RISK
S6518,Vedant,61.51,66.1,98.52,96.9,2.24,GOOD
S6519,Srinivas,78.49,75.85,40.34,99.67,2.04,AVERAGE
S6520,Rahul,70.24,75.75,54.26,13.26,1.59,AVERAGE
S6521,Bharath,52.75,73.32,81.03,69.28,2.82,AVERAGE
S6522,Madhavan,93.05,53.57,96.27,88.98,5.84,GOOD
S6523,Shivani,50.78,71.15,47.02,97.08,2.62,AVERAGE
S6524,Zoya,94.92,98.79,86.43,29.81,5.6,GOOD
S6525,Arjun,89.59,66.68,59.91,78.44,1.54,AVERAGE
S6526,Vijay,53.79,92.47,80.78,32.77,1.73,AVERAGE
S6527,Krishna,86.18,62.88,45.8,62.16,1.82,AVERAGE
S6528,Aarohi,88.55,77.38,91.89,51.3,3.75,GOOD
S6529,Aman,80.12,68.91,82.43,70.75,5.96,GOOD
S6530,Vikram,78.88,81.32,97.34,91.27,2.02,GOOD
S6531,Vasanth,52.48,93.84,70.15,11.28,2.67,AVERAGE
S6532,Shreya,52.97,66.45,93.26,22.28,5.27,AVERAGE
S6533,Rakesh,86.36,85.44,72.42,58.58,3.66,GOOD
S6534,Amrita,55.28,92.95,70.77,35.72,2.72,AVERAGE
S6535,Dharani,62.09,87.37,45.68,55.79,3.11,AVERAGE
S6536,Akash,74.94,41.47,88.85,78.28,4.68,AVERAGE
S6537,Rajesh,58.21,40.01,64.73,69.95,2.81,AVERAGE
S6538,Pavithra,89.49,92.98,76.0,76.66,4.31,GOOD
S6539,Gayathri,90.37,83.76,79.04,16.12,5.0,GOOD
S6540,Karthik,92.11,97.49,86.49,3.04,1.28,GOOD
S6541,Chetan,52.48,57.55,74.52,87.17,4.75,AVERAGE
S6542,Kavya,71.39,87.28,77.19,45.15,5.72,GOOD
S6543,Muthu,92.35,88.09,71.25,63.57,1.4,GOOD
S6544,Dhanush,68.16,91.44,76.84,7.29,1.41,AVERAGE
S6545,Sahana,84.79,81.52,66.65,70.77,4.08,GOOD
S6546,Bhavya,79.46,48.3,86.58,10.17,4.38,AVERAGE
S6547,Aditya,67.36,80.86,88.63,78.73,3.31,GOOD
S6548,Dhanush,63.82,76.27,71.03,6.07,5.68,AVERAGE
S6549,Madhavan,82.64,60.02,48.8,8.32,1.63,AVERAGE
S6550,Yash,56.68,52.52,62.41,34.33,1.59,AVERAGE
S6551,Mohan,93.01,93.11,90.4,21.2,1.05,GOOD
S6552,Bharath,78.82,48.52,95.0,98.44,5.11,GOOD
S6553,Aishwarya,55.58,65.33,56.02,45.13,1.45,AVERAGE
S6554,Varun,85.18,77.37,96.47,46.88,4.02,GOOD
S6555,Sneha,71.56,98.31,56.6,4.65,5.65,AVERAGE
S6556,Arjun,60.2,80.26,95.13,49.14,1.26,AVERAGE
S6557,Ishaan,98.05,58.29,96.13,6.4,1.59,AVERAGE
S6558,Srinivas,85.98,43.64,70.29,62.81,5.36,AVERAGE
S6559,Ashwin,79.65,59.06,97.03,98.16,2.39,GOOD
S6560,Sakshi,92.44,57.57,72.96,32.96,3.11,AVERAGE
S6561,Arnav,77.19,89.14,62.73,80.8,3.9,GOOD
S6562,Monisha,72.07,62.6,88.61,96.55,4.58,GOOD
S6563,Arjun,59.47,45.91,46.51,96.8,1.92,AVERAGE
S6564,Ananya,57.67,92.2,53.0,74.59,5.37,GOOD
S6565,Anirudh,71.6,41.08,52.8,87.0,4.87,AVERAGE
S6566,Divya,72.8,40.18,77.32,35.15,1.45,AVERAGE
S6567,Mohan,86.67,68.49,82.53,58.39,1.54,GOOD
S6568,Krishna,72.1,44.15,90.25,66.29,4.54,AVERAGE
S6569,Dhanush,79.66,50.63,93.99,21.74,3.36,AVERAGE
S6570,Mahesh,91.63,99.12,92.5,31.34,3.26,GOOD
S6571,Harini,99.67,90.66,80.92,36.14,2.09,GOOD
S6572,Gaurav,66.13,85.84,94.89,6.57,4.56,AVERAGE
S6573,Ganesh,95.1,80.25,56.53,45.65,1.57,AVERAGE
S6574,Janani,90.3,42.87,83.52,78.33,2.87,AVERAGE
S6575,Swathi,53.4,90.15,44.6,64.98,4.61,AVERAGE
S6576,Vignesh,66.71,68.27,47.51,62.51,5.9,AVERAGE
S6577,Varsha,60.95,45.9,53.57,60.59,2.06,AVERAGE
S6578,Riya,83.22,58.05,46.16,2.25,4.18,AVERAGE
S6579,Neha,77.76,70.12,97.94,0.33,1.32,AVERAGE
S6580,Swathi,74.74,40.82,67.97,16.91,2.33,AVERAGE
S6581,Preethi,88.18,55.15,94.4,91.33,1.48,GOOD
S6582,Hari,66.67,60.16,68.6,85.71,5.15,AVERAGE
S6583,Aman,69.14,67.83,81.98,57.68,3.09,AVERAGE
S6584,Riya,93.28,40.12,59.3,38.54,5.46,AVERAGE
S6585,Kavin,98.61,73.93,97.04,96.36,1.2,GOOD
S6586,Divya,88.82,51.86,42.09,6.6,4.49,AVERAGE
S6587,Darshan,60.85,75.84,81.84,9.71,3.57,AVERAGE
S6588,Nithin,55.63,54.35,97.02,62.1,4.47,AVERAGE
S6589,Rajesh,60.46,64.16,87.29,54.75,5.83,AVERAGE
S6590,Amrita,71.14,77.42,89.66,98.13,5.86,GOOD
S6591,Vignesh,61.83,79.39,57.95,80.25,5.15,GOOD
S6592,Srinivas,95.05,41.84,67.11,93.82,2.05,AVERAGE
S6593,Anjali,83.54,72.1,48.17,72.17,4.8,GOOD
S6594,Ramya,70.84,89.0,62.58,92.69,5.79,GOOD
S6595,Mohan,63.69,52.39,40.51,68.68,2.73,AVERAGE
S6596,Swathi,69.03,71.92,86.73,52.57,2.75,AVERAGE
S6597,Dharani,73.8,66.86,97.18,58.0,3.39,GOOD
S6598,Madhavan,85.69,91.0,82.05,90.12,4.48,EXCELLENT
S6599,Malar,54.47,66.33,88.62,10.47,2.24,AVERAGE
S6600,Manish,92.44,96.63,70.81,56.54,1.79,GOOD
S6601,Gayathri,56.38,79.15,51.5,39.23,2.43,AVERAGE
S6602,Aarav,63.12,73.68,83.25,66.3,4.23,GOOD
S6603,Sanjay,99.68,57.52,57.96,60.38,1.21,AVERAGE
S6604,Yash,59.51,75.79,67.57,39.96,5.64,AVERAGE
S6605,Akshara,55.06,47.87,94.04,68.93,3.79,AVERAGE
S6606,Riya,81.92,64.97,62.38,53.6,1.53,AVERAGE
S6607,Vikram,69.66,57.07,57.36,18.75,4.62,AVERAGE
S6608,Yash,54.59,80.22,41.9,63.81,2.43,AVERAGE
S6609,Arnav,50.19,85.84,82.09,2.67,4.83,AVERAGE
S6610,Jatin,53.96,95.72,52.91,82.3,5.4,GOOD
S6611,Harish,76.14,53.33,78.36,90.65,3.52,GOOD
S6612,Anirudh,61.54,93.09,62.0,7.79,1.92,AVERAGE
S6613,Lakshmi,88.88,90.76,87.26,25.68,3.36,GOOD
S6614,Vignesh,92.88,91.75,93.39,12.68,3.86,GOOD
S6615,Kavin,57.24,84.43,54.14,77.18,2.8,AVERAGE
S6616,Muthu,66.85,56.06,87.54,7.11,4.85,AVERAGE
S6617,Deepika,57.33,92.67,49.17,54.11,2.36,AVERAGE
S6618,Shankar,64.33,75.97,48.46,38.82,5.21,AVERAGE
S6619,Chetan,61.96,84.44,65.71,75.09,3.19,GOOD
S6620,Aarohi,89.34,52.32,59.47,63.91,3.93,AVERAGE
S6621,Aditya,67.27,49.44,99.23,54.42,1.28,AVERAGE
S6622,Diya,74.78,56.61,88.24,50.35,2.05,AVERAGE
S6623,Reshma,83.69,70.68,93.41,77.5,3.19,GOOD
S6624,Diya,91.11,65.0,48.16,47.72,4.69,AVERAGE
S6625,Harini,65.06,93.26,82.84,41.98,5.86,GOOD
S6626,Pranav,60.46,40.78,76.26,2.53,1.36,AT RISK
S6627,Abhinav,98.92,44.8,45.95,26.86,5.68,AVERAGE
S6628,Rakesh,66.01,59.52,87.62,36.99,2.54,AVERAGE
S6629,Aarohi,83.55,50.06,91.23,57.88,5.91,GOOD
S6630,Sakshi,83.89,64.41,94.85,67.32,1.22,GOOD
S6631,Varun,75.7,83.06,96.39,96.27,3.54,GOOD
S6632,Srinivas,61.42,99.61,46.47,27.67,4.89,AVERAGE
S6633,Karthik,57.07,52.12,92.93,54.44,2.75,AVERAGE
S6634,Mahesh,74.35,55.96,96.72,75.6,5.87,GOOD
S6635,Vikram,75.55,86.12,81.45,31.05,5.62,GOOD
S6636,Ishaan,88.67,56.32,51.03,54.85,2.66,AVERAGE
S6637,Rahul,85.49,82.22,64.05,41.85,1.02,AVERAGE
S6638,Arjun,95.6,75.01,45.41,39.72,1.88,AVERAGE
S6639,Surya,98.54,91.29,40.25,6.27,1.16,AVERAGE
S6640,Madhavan,86.39,42.0,95.2,2.42,4.4,AVERAGE
S6641,Karthik,53.83,98.78,98.34,29.54,1.71,GOOD
S6642,Dharani,70.26,97.86,95.16,91.23,3.4,EXCELLENT
S6643,Dharani,80.44,41.34,55.24,19.28,1.94,AT RISK
S6644,Yash,79.51,69.97,77.27,6.3,5.33,AVERAGE
S6645,Akash,59.07,64.09,69.98,62.02,2.47,AVERAGE
S6646,Reshma,79.15,55.25,69.76,95.85,4.49,GOOD
S6647,Vidya,67.48,98.67,65.7,5.72,3.93,AVERAGE
S6648,Anusha,66.95,50.48,96.47,74.55,2.88,AVERAGE
S6649,Darshan,91.7,55.81,87.45,10.85,4.8,AVERAGE
S6650,Surya,71.1,40.49,90.81,13.53,1.57,AVERAGE
S6651,Kavin,76.37,74.81,42.08,93.61,4.55,GOOD
S6652,Akash,78.14,91.65,64.72,70.12,1.9,GOOD
S6653,Rohan,78.15,77.31,75.88,55.93,1.41,AVERAGE
S6654,Harish,60.66,79.1,79.52,16.47,5.84,AVERAGE
S6655,Dhanush,79.97,43.98,93.69,55.91,1.86,AVERAGE
S6656,Preethi,66.73,82.89,50.02,6.23,2.32,AVERAGE
S6657,Pavithra,82.75,64.54,45.4,39.44,1.05,AVERAGE
S6658,Srinivas,57.28,68.42,93.59,70.45,4.38,GOOD
S6659,Kavin,99.71,75.1,70.4,56.83,4.8,GOOD
S6660,Aryan,88.6,98.52,72.35,67.52,1.1,GOOD
S6661,Divya,70.86,84.89,93.4,11.58,3.59,AVERAGE
S6662,Ravi,65.07,81.04,84.99,75.86,5.24,GOOD
S6663,Riya,69.39,65.91,83.85,95.63,4.94,GOOD
S6664,Tanvi,86.06,42.07,51.16,90.75,5.02,AVERAGE
S6665,Rohan,82.77,72.32,77.28,8.79,1.34,AVERAGE
S6666,Diya,85.1,79.65,67.0,9.86,2.41,AVERAGE
S6667,Pradeep,94.45,82.25,76.66,51.34,3.61,GOOD
S6668,Madhavan,72.81,76.47,74.54,52.41,3.55,AVERAGE
S6669,Ganesh,83.48,58.02,41.58,85.71,4.79,AVERAGE
S6670,Mohan,72.08,53.26,60.63,36.89,5.6,AVERAGE
S6671,Aishwarya,81.9,45.41,67.47,51.45,4.58,AVERAGE
S6672,Vidya,73.74,82.17,70.01,20.37,3.41,AVERAGE
S6673,Aishwarya,88.83,98.25,45.97,94.66,3.95,GOOD
S6674,Sanjay,50.26,71.5,93.91,12.09,1.02,AVERAGE
S6675,Jatin,60.79,80.39,60.06,90.41,3.25,GOOD
S6676,Srinivas,64.82,81.56,69.37,89.07,1.57,GOOD
S6677,Naveen,97.27,49.69,79.82,5.05,4.66,AVERAGE
S6678,Zoya,75.35,51.51,83.14,77.54,4.91,GOOD
S6679,Aditya,68.22,52.49,62.68,33.75,6.0,AVERAGE
S6680,Dev,70.22,95.97,47.75,22.47,3.31,AVERAGE
S6681,Monisha,72.59,40.93,52.44,40.24,1.44,AT RISK
S6682,Neha,93.39,72.47,49.9,92.39,1.69,GOOD
S6683,Rahul,98.12,62.63,54.65,39.89,5.54,AVERAGE
S6684,Tanvi,92.21,79.56,76.22,24.27,1.98,AVERAGE
S6685,Rahul,92.08,53.23,72.15,52.46,2.82,AVERAGE
S6686,Madhavan,59.95,97.67,50.12,40.96,1.67,AVERAGE
S6687,Harish,63.43,59.87,80.89,1.9,5.09,AVERAGE
S6688,Madhavan,79.8,95.56,43.82,18.63,2.51,AVERAGE
S6689,Diya,82.81,75.35,94.58,1.72,2.86,AVERAGE
S6690,Naveen,60.14,64.87,73.97,52.22,4.71,AVERAGE
S6691,Vijay,87.31,84.03,75.43,64.13,3.99,GOOD
S6692,Sahana,60.0,73.18,57.15,71.83,3.98,AVERAGE
S6693,Gaurav,63.15,48.31,70.7,20.79,1.25,AT RISK
S6694,Vijay,65.34,82.27,65.58,80.5,2.09,AVERAGE
S6695,Akshara,92.3,74.77,97.04,41.1,2.38,GOOD
S6696,Aman,86.6,73.94,44.57,4.92,5.97,AVERAGE
S6697,Mahesh,76.53,84.29,67.52,92.77,2.12,GOOD
S6698,Janani,90.99,79.21,87.49,69.34,2.87,GOOD
S6699,Naveen,90.65,61.97,72.67,56.26,1.96,AVERAGE
S6700,Anjali,69.49,59.11,73.91,4.02,3.37,AVERAGE
S6701,Neha,89.07,55.05,94.67,1.4,1.0,AVERAGE
S6702,Jatin,60.31,74.51,62.54,56.48,5.02,AVERAGE
S6703,Rahul,75.16,57.99,40.12,87.88,5.41,AVERAGE
S6704,Krishna,55.91,47.23,95.54,64.75,3.45,AVERAGE
S6705,Pavithra,71.34,86.96,41.98,0.55,5.23,AVERAGE
S6706,Pranav,76.02,52.55,87.84,63.8,1.02,AVERAGE
S6707,Lakshmi,54.0,49.89,48.38,34.86,3.19,AT RISK
S6708,Swathi,73.13,90.94,41.24,12.2,1.85,AVERAGE
S6709,Madhavan,82.58,82.13,61.28,81.16,2.95,GOOD
S6710,Jatin,80.7,85.97,91.84,57.65,3.11,GOOD
S6711,Varsha,52.72,61.02,42.22,72.42,4.39,AVERAGE
S6712,Rohan,54.77,77.05,55.76,16.51,5.01,AVERAGE
S6713,Charan,67.57,95.93,56.74,11.61,5.71,AVERAGE
S6714,Vidya,92.13,56.96,45.69,51.45,2.5,AVERAGE
S6715,Rahul,93.49,44.14,45.55,52.79,4.45,AVERAGE
S6716,Dev,65.48,50.25,94.49,58.21,5.19,AVERAGE
S6717,Kishore,85.94,93.85,81.72,74.42,3.0,GOOD
S6718,Aarav,78.87,56.89,58.67,66.36,3.8,AVERAGE
S6719,Riya,99.17,69.48,54.3,67.63,4.43,GOOD
S6720,Anusha,54.73,72.07,42.57,17.5,1.39,AT RISK
S6721,Pranav,77.39,97.6,61.53,41.81,4.11,GOOD
S6722,Ganesh,79.63,58.09,58.07,60.0,3.71,AVERAGE
S6723,Srinivas,65.38,71.28,95.02,51.86,2.54,AVERAGE
S6724,Dhanush,52.35,97.49,53.23,30.42,5.97,AVERAGE
S6725,Krishna,52.61,52.08,64.31,94.43,1.41,AVERAGE
S6726,Srinivas,72.68,75.87,80.92,14.02,5.75,AVERAGE
S6727,Arjun,84.62,43.82,59.27,97.46,4.19,AVERAGE
S6728,Pranav,85.01,55.78,86.91,78.21,1.3,AVERAGE
S6729,Pranav,59.05,44.15,83.58,59.62,1.9,AVERAGE
S6730,Preethi,92.9,59.81,42.13,12.75,4.91,AVERAGE
S6731,Aryan,68.86,52.39,91.35,56.39,1.98,AVERAGE
S6732,Rajesh,98.22,87.9,61.83,8.79,1.23,AVERAGE
S6733,Pranav,55.91,67.8,45.75,93.19,3.74,AVERAGE
S6734,Bharath,91.82,64.3,81.9,28.56,5.99,GOOD
S6735,Varun,95.42,81.54,84.83,39.95,2.9,GOOD
S6736,Kavya,91.13,96.83,44.26,63.68,3.21,GOOD
S6737,Varsha,90.44,58.09,61.24,1.87,4.87,AVERAGE
S6738,Divya,68.07,44.01,93.73,54.19,3.99,AVERAGE
S6739,Abhinav,85.67,46.59,80.17,71.48,2.35,AVERAGE
S6740,Madhavan,78.97,91.43,72.04,20.73,3.74,GOOD
S6741,Anjali,71.22,90.75,70.25,15.4,3.3,AVERAGE
S6742,Sanjana,99.66,68.52,76.5,48.77,1.08,AVERAGE
S6743,Riya,64.52,48.86,79.18,53.66,1.54,AVERAGE
S6744,Aadhya,70.66,71.59,44.13,43.91,4.02,AVERAGE
S6745,Aarohi,95.14,80.11,60.05,29.56,1.74,AVERAGE
S6746,Rahul,64.45,59.93,71.6,40.98,4.85,AVERAGE
S6747,Harish,57.63,44.95,83.82,31.23,3.46,AVERAGE
S6748,Surya,65.5,59.32,84.57,24.97,1.43,AVERAGE
S6749,Arnav,87.97,81.43,76.33,47.21,5.76,GOOD
S6750,Sahana,92.99,98.7,75.19,39.56,5.19,GOOD
S6751,Dhanush,55.72,51.41,62.07,43.54,4.19,AVERAGE
S6752,Arnav,81.09,94.87,90.08,0.02,4.73,GOOD
S6753,Jatin,78.36,67.4,94.98,69.27,4.33,GOOD
S6754,Avinash,83.44,79.79,90.78,4.69,1.06,AVERAGE
S6755,Pooja,83.55,91.82,92.32,20.67,4.1,GOOD
S6756,Manish,97.97,73.45,94.53,80.35,2.22,GOOD
S6757,Srinivas,67.33,43.69,52.12,98.42,5.74,AVERAGE
S6758,Swathi,64.99,55.95,70.83,99.15,3.05,AVERAGE
S6759,Aarav,79.06,88.17,72.07,59.22,4.52,GOOD
S6760,Aryan,71.47,73.17,69.13,25.94,1.74,AVERAGE
S6761,Chetan,73.69,59.74,90.91,83.48,3.37,GOOD
S6762,Dev,53.46,75.0,59.5,65.03,1.52,AVERAGE
S6763,Ananya,57.41,56.11,49.68,98.62,3.03,AVERAGE
S6764,Krishna,96.77,54.46,56.46,54.91,3.8,AVERAGE
S6765,Tanvi,53.41,89.7,48.59,52.62,4.16,AVERAGE
S6766,Keerthi,79.51,64.0,64.29,4.38,2.98,AVERAGE
S6767,Lakshmi,87.73,56.44,47.01,19.44,1.79,AVERAGE
S6768,Rohan,50.59,64.55,45.25,66.69,4.3,AVERAGE
S6769,Tanvi,61.14,95.24,67.06,99.38,1.06,GOOD
S6770,Manish,68.85,50.85,76.07,47.56,5.04,AVERAGE
S6771,Divya,75.34,51.11,76.46,2.91,4.38,AVERAGE
S6772,Pooja,67.08,61.23,45.54,39.95,4.87,AVERAGE
S6773,Aarohi,82.45,43.63,98.29,12.63,5.87,AVERAGE
S6774,Sanjay,61.32,44.5,47.3,95.97,2.64,AVERAGE
S6775,Vasanth,51.27,40.66,79.63,14.13,3.66,AT RISK
S6776,Nikhil,50.08,48.77,93.32,11.79,4.16,AVERAGE
S6777,Arjun,67.28,78.42,93.09,45.78,3.93,GOOD
S6778,Hari,68.08,51.79,70.73,54.19,4.17,AVERAGE
S6779,Aryan,97.43,62.67,56.65,71.73,5.71,GOOD
S6780,Dev,52.24,82.34,89.67,36.8,3.42,AVERAGE
S6781,Avinash,76.5,41.91,76.76,89.7,5.31,AVERAGE
S6782,Sahana,78.89,52.54,87.46,59.86,4.16,AVERAGE
S6783,Darshan,84.96,99.75,64.0,4.73,4.91,GOOD
S6784,Vedant,81.94,75.82,94.81,3.42,2.64,AVERAGE
S6785,Zoya,50.41,79.6,95.78,46.88,2.65,AVERAGE
S6786,Aishwarya,81.59,70.96,84.24,43.94,5.68,GOOD
S6787,Zoya,66.12,97.95,96.55,45.24,5.16,GOOD
S6788,Tanvi,88.64,48.66,67.21,5.72,3.53,AVERAGE
S6789,Darshan,59.42,44.04,51.67,5.33,3.3,AT RISK
S6790,Kavin,85.81,88.97,79.35,6.08,2.26,AVERAGE
S6791,Amrita,81.27,40.25,79.2,73.39,2.04,AVERAGE
S6792,Nikhil,82.61,73.69,69.48,60.15,2.13,AVERAGE
S6793,Anusha,58.8,40.08,55.64,13.65,5.71,AT RISK
S6794,Pooja,83.46,60.89,77.46,43.1,2.33,AVERAGE
S6795,Diya,86.85,79.05,50.85,94.29,3.23,GOOD
S6796,Ravi,74.47,72.84,85.2,6.91,4.41,AVERAGE
S6797,Anjali,67.02,73.59,94.41,18.92,4.23,AVERAGE
S6798,Vedant,58.33,49.44,50.0,38.96,4.85,AVERAGE
S6799,Priya,64.5,57.68,89.22,23.59,2.9,AVERAGE
S6800,Aryan,88.19,82.6,51.91,15.85,2.66,AVERAGE
S6801,Neha,70.47,41.4,70.03,97.33,3.51,AVERAGE
S6802,Rahul,85.14,75.72,95.75,76.64,4.17,GOOD
S6803,Varsha,87.0,71.02,44.96,72.92,5.97,GOOD
S6804,Keerthi,83.71,60.64,45.39,93.23,3.94,AVERAGE
S6805,Avinash,83.68,60.09,97.52,18.7,4.84,AVERAGE
S6806,Priya,80.54,87.94,49.53,88.97,5.62,GOOD
S6807,Gayathri,75.92,62.92,60.52,98.27,1.02,AVERAGE
S6808,Sameer,59.89,44.79,67.54,58.63,2.27,AVERAGE
S6809,Naveen,92.14,97.72,40.4,90.32,1.02,GOOD
S6810,Charan,98.21,47.82,51.28,81.61,5.52,GOOD
S6811,Aishwarya,73.32,87.85,89.7,31.79,2.94,GOOD
S6812,Kavya,96.66,40.84,71.13,33.23,3.9,AVERAGE
S6813,Yogesh,99.9,61.86,63.63,67.58,3.42,GOOD
S6814,Vikram,74.31,70.91,80.92,55.21,4.77,GOOD
S6815,Akash,86.22,41.79,59.49,38.49,2.84,AVERAGE
S6816,Pooja,82.19,84.05,66.31,4.71,1.06,AVERAGE
S6817,Surya,61.86,55.63,99.62,2.29,2.79,AVERAGE
S6818,Nikhil,52.35,72.47,86.46,9.8,3.35,AVERAGE
S6819,Vedant,72.67,87.54,73.24,40.41,3.03,GOOD
S6820,Zoya,89.36,75.47,71.6,2.74,2.37,AVERAGE
S6821,Hari,66.26,67.34,90.66,14.82,1.48,AVERAGE
S6822,Reshma,89.22,60.17,76.05,96.81,1.14,GOOD
S6823,Avinash,82.74,42.71,60.36,45.06,5.56,AVERAGE
S6824,Sneha,84.78,94.78,65.07,93.33,1.33,GOOD
S6825,Swathi,64.29,75.52,51.0,19.0,2.99,AVERAGE
S6826,Bhavya,73.5,77.89,97.57,35.85,1.39,AVERAGE
S6827,Dharani,59.09,66.43,79.13,67.12,1.56,AVERAGE
S6828,Arnav,62.33,62.36,63.91,98.99,4.24,AVERAGE
S6829,Riya,54.49,42.8,61.59,69.98,5.62,AVERAGE
S6830,Manish,56.34,50.14,94.42,90.22,2.74,AVERAGE
S6831,Bhavya,60.53,65.53,61.62,4.91,4.73,AVERAGE
S6832,Pradeep,79.01,54.5,85.38,30.38,4.9,AVERAGE
S6833,Harish,72.06,42.67,90.13,88.28,4.2,AVERAGE
S6834,Ishaan,63.35,72.76,94.59,52.32,5.34,GOOD
S6835,Ramya,93.06,67.85,62.38,16.99,1.93,AVERAGE
S6836,Reshma,76.26,65.28,85.92,16.98,1.38,AVERAGE
S6837,Abhinav,96.16,87.05,59.61,75.87,3.28,GOOD
S6838,Jatin,81.75,75.97,96.64,15.8,3.67,GOOD
S6839,Hari,50.79,40.08,40.67,49.77,2.86,AT RISK
S6840,Malar,95.67,85.71,74.21,18.13,5.61,GOOD
S6841,Gayathri,92.87,68.96,70.6,20.83,1.62,AVERAGE
S6842,Varun,81.76,71.01,92.66,39.73,5.66,GOOD
S6843,Aarav,76.74,93.37,52.98,11.81,3.11,AVERAGE
S6844,Reshma,72.65,46.55,45.24,65.93,5.17,AVERAGE
S6845,Chetan,74.11,75.96,90.79,16.61,2.89,AVERAGE
S6846,Aryan,88.46,56.93,61.01,75.2,3.54,AVERAGE
S6847,Dharani,75.66,42.2,59.5,52.13,4.44,AVERAGE
S6848,Yash,58.8,66.24,46.32,34.65,3.37,AVERAGE
S6849,Akash,52.91,57.02,95.2,61.42,5.37,AVERAGE
S6850,Chetan,56.31,40.09,77.98,40.76,3.69,AVERAGE
S6851,Vijay,62.57,69.58,81.53,8.25,1.09,AVERAGE
S6852,Ishaan,68.39,58.67,93.88,30.91,4.99,AVERAGE
S6853,Ganesh,94.62,66.05,90.63,52.47,3.47,GOOD
S6854,Pranav,61.95,40.7,67.11,10.42,4.37,AT RISK
S6855,Vijay,65.98,64.11,49.59,73.24,2.62,AVERAGE
S6856,Sakshi,61.15,68.22,80.34,35.65,4.49,AVERAGE
S6857,Nandini,77.29,67.96,79.04,20.48,4.61,AVERAGE
S6858,Meera,80.85,83.02,42.82,0.81,5.99,AVERAGE
S6859,Harini,76.61,99.48,93.96,8.49,2.82,GOOD
S6860,Sneha,97.59,41.67,60.11,23.73,2.1,AVERAGE
S6861,Vikram,99.77,63.76,65.73,36.7,3.41,AVERAGE
S6862,Vignesh,91.87,91.4,70.83,15.33,4.46,GOOD
S6863,Diya,90.26,77.54,94.72,54.5,3.41,GOOD
S6864,Shivani,68.3,99.02,50.23,19.44,5.31,AVERAGE
S6865,Vedant,78.99,82.8,62.12,95.47,5.82,GOOD
S6866,Janani,67.57,83.45,70.08,56.48,5.9,GOOD
S6867,Sahana,89.22,44.57,99.51,79.66,1.63,GOOD
S6868,Surya,58.59,56.52,66.39,42.18,2.22,AVERAGE
S6869,Charan,60.83,75.03,63.91,20.49,2.47,AVERAGE
S6870,Monisha,51.93,71.34,96.1,44.96,5.64,AVERAGE
S6871,Sakshi,80.45,85.76,79.69,41.23,4.91,GOOD
S6872,Kavin,84.43,99.62,49.81,62.37,1.61,GOOD
S6873,Lakshmi,50.17,52.41,50.55,91.06,3.19,AVERAGE
S6874,Janani,75.54,65.7,78.67,23.72,5.65,AVERAGE
S6875,Amrita,68.84,92.01,68.02,9.65,2.03,AVERAGE
S6876,Shivani,89.62,90.29,40.54,71.53,3.77,GOOD
S6877,Harish,51.94,89.03,66.92,0.04,4.45,AVERAGE
S6878,Bharath,52.43,77.22,96.38,79.46,1.32,AVERAGE
S6879,Aadhya,81.01,99.59,84.84,72.79,3.16,GOOD
S6880,Bhavya,79.58,61.47,73.52,82.58,5.59,GOOD
S6881,Darshan,91.55,46.98,51.71,9.06,1.06,AVERAGE
S6882,Preethi,79.61,47.95,60.14,20.37,4.17,AVERAGE
S6883,Divya,97.47,66.14,99.8,55.17,5.37,GOOD
S6884,Ashwin,65.72,88.3,79.54,32.73,3.15,AVERAGE
S6885,Pavithra,69.9,67.17,56.58,84.58,2.29,AVERAGE
S6886,Gayathri,98.88,76.68,84.28,45.83,4.63,GOOD
S6887,Chetan,55.38,61.48,45.48,42.95,2.83,AVERAGE
S6888,Charan,89.8,82.89,62.23,18.48,2.67,AVERAGE
S6889,Karthik,50.58,49.19,53.75,56.2,2.3,AVERAGE
S6890,Kishore,74.33,71.21,93.76,34.59,5.8,GOOD
S6891,Pranav,57.67,51.11,84.11,45.05,4.73,AVERAGE
S6892,Aryan,79.94,68.12,69.85,27.13,1.69,AVERAGE
S6893,Lakshmi,89.91,65.83,64.47,60.89,2.49,AVERAGE
S6894,Swathi,51.65,76.27,91.52,83.81,5.48,GOOD
S6895,Muthu,58.19,70.57,51.73,2.06,5.15,AVERAGE
S6896,Aarohi,67.13,98.54,44.49,23.09,2.76,AVERAGE
S6897,Vidya,62.79,94.02,91.11,67.73,4.55,GOOD
S6898,Aishwarya,69.16,57.64,91.39,70.66,1.5,AVERAGE
S6899,Reshma,97.59,47.27,54.58,29.43,1.74,AVERAGE
S6900,Varsha,55.06,43.89,51.72,28.62,5.5,AVERAGE
S6901,Bhavya,71.16,51.88,83.28,74.68,3.72,AVERAGE
S6902,Ananya,72.85,53.33,48.6,55.84,1.68,AVERAGE
S6903,Malar,64.02,93.32,77.32,38.89,3.45,GOOD
S6904,Deepika,63.93,95.49,82.07,5.54,3.32,AVERAGE
S6905,Avinash,85.74,53.83,77.32,65.3,5.98,GOOD
S6906,Rohan,80.89,85.52,65.62,29.29,1.07,AVERAGE
S6907,Shivani,90.64,90.15,88.97,57.71,4.7,GOOD
S6908,Muthu,70.25,62.65,95.8,72.24,4.78,GOOD
S6909,Sneha,80.34,92.3,82.34,46.33,4.88,GOOD
S6910,Dev,94.68,99.32,65.14,25.33,4.89,GOOD
S6911,Manish,92.57,98.07,99.74,21.42,4.55,GOOD
S6912,Ganesh,96.0,84.51,66.96,70.49,3.12,GOOD
S6913,Bhavya,63.45,62.3,46.98,89.15,1.25,AVERAGE
S6914,Srinivas,99.27,53.62,50.95,98.0,5.84,GOOD
S6915,Aadhya,90.82,99.57,60.88,80.33,2.21,GOOD
S6916,Lakshmi,89.74,56.57,50.27,60.27,2.53,AVERAGE
S6917,Harish,83.38,66.3,86.7,86.43,1.76,GOOD
S6918,Ganesh,99.16,55.85,40.85,38.97,2.66,AVERAGE
S6919,Shivani,72.08,69.77,64.35,88.22,2.64,AVERAGE
S6920,Avinash,87.08,46.62,92.69,43.02,2.8,AVERAGE
S6921,Muthu,84.94,88.54,47.06,59.53,3.02,GOOD
S6922,Bharath,86.6,70.31,74.57,16.99,4.34,AVERAGE
S6923,Yogesh,87.57,65.17,96.03,49.72,5.85,GOOD
S6924,Shivani,59.54,61.79,44.3,34.15,3.61,AVERAGE
S6925,Arjun,67.45,74.79,60.98,36.65,5.97,AVERAGE
S6926,Kishore,69.61,86.79,42.26,59.82,1.28,AVERAGE
S6927,Vikram,87.4,94.15,80.93,88.19,2.88,GOOD
S6928,Arnav,85.81,90.49,65.05,82.59,1.15,GOOD
S6929,Ishaan,91.67,66.73,96.84,34.9,3.99,GOOD
S6930,Surya,89.43,90.04,81.48,73.38,5.9,EXCELLENT
S6931,Tanvi,79.8,71.72,76.12,54.76,2.06,AVERAGE
S6932,Manish,57.0,78.29,94.62,34.83,4.59,AVERAGE
S6933,Lakshmi,81.77,80.47,47.78,90.81,4.82,GOOD
S6934,Preethi,94.35,63.98,87.01,16.13,1.52,AVERAGE
S6935,Karthik,82.16,69.16,83.79,80.51,3.16,GOOD
S6936,Bhavya,94.78,81.56,80.4,21.22,1.7,GOOD
S6937,Vignesh,99.95,58.48,78.28,89.25,2.76,GOOD
S6938,Gayathri,67.96,84.81,47.46,72.13,5.03,GOOD
S6939,Deepika,86.16,61.25,88.84,46.49,2.45,AVERAGE
S6940,Ishaan,77.0,75.13,78.11,7.73,5.67,AVERAGE
S6941,Rohan,72.75,90.26,86.29,18.02,4.88,GOOD
S6942,Dev,61.99,41.39,92.57,16.5,2.32,AVERAGE
S6943,Bharath,62.3,54.42,72.55,76.16,3.13,AVERAGE
S6944,Ishaan,59.25,73.67,97.41,62.2,4.09,GOOD
S6945,Aryan,81.57,46.37,46.55,21.76,4.03,AVERAGE
S6946,Isha,57.1,52.34,40.24,36.77,3.82,AT RISK
S6947,Varsha,71.57,84.95,59.8,30.93,2.88,AVERAGE
S6948,Varsha,76.17,41.55,52.99,65.25,5.72,AVERAGE
S6949,Shreya,71.91,76.6,73.22,33.04,1.44,AVERAGE
S6950,Pooja,92.75,42.05,56.82,76.86,4.17,AVERAGE
S6951,Pavithra,72.16,46.96,81.29,69.5,1.18,AVERAGE
S6952,Dev,54.14,63.42,96.72,24.26,3.78,AVERAGE
S6953,Bharath,99.61,97.89,86.16,32.38,1.92,GOOD
S6954,Ganesh,92.25,72.75,65.22,54.95,1.42,AVERAGE
S6955,Janani,83.0,58.73,99.13,90.79,1.26,GOOD
S6956,Dhanush,87.82,64.68,86.27,11.15,5.78,AVERAGE
S6957,Janani,56.41,74.13,88.65,35.86,1.64,AVERAGE
S6958,Zoya,88.3,77.16,52.28,59.92,2.8,AVERAGE
S6959,Reshma,60.39,56.07,81.21,32.45,3.35,AVERAGE
S6960,Deepak,74.45,51.84,44.24,28.96,1.12,AT RISK
S6961,Zoya,58.9,69.72,54.12,43.19,5.62,AVERAGE
S6962,Pradeep,87.69,78.69,40.99,19.26,1.08,AVERAGE
S6963,Jatin,62.3,88.99,82.31,60.34,5.56,GOOD
S6964,Kishore,62.66,75.57,41.26,87.83,1.16,AVERAGE
S6965,Ananya,55.46,81.55,66.95,91.08,3.05,GOOD
S6966,Janani,86.03,69.04,78.93,47.14,4.91,GOOD
S6967,Yash,64.79,74.0,58.3,29.34,1.12,AVERAGE
S6968,Dev,75.91,78.13,62.04,38.24,5.05,AVERAGE
S6969,Akshara,66.61,54.18,92.09,22.84,3.35,AVERAGE
S6970,Kishore,88.74,96.04,94.08,59.85,3.36,GOOD
S6971,Harish,61.32,60.72,91.52,13.47,1.93,AVERAGE
S6972,Sanjay,97.04,76.28,85.0,31.82,2.17,GOOD
S6973,Akshara,66.07,73.66,56.65,17.06,4.99,AVERAGE
S6974,Yogesh,55.19,91.2,44.48,20.53,1.05,AVERAGE
S6975,Tanvi,62.02,46.82,69.32,67.15,2.59,AVERAGE
S6976,Varsha,53.7,93.05,95.46,99.27,2.6,GOOD
S6977,Chetan,73.44,48.22,53.4,67.54,2.35,AVERAGE
S6978,Diya,62.51,48.67,52.57,24.41,2.55,AT RISK
S6979,Zoya,94.3,91.74,86.78,40.77,1.61,GOOD
S6980,Yash,75.86,55.43,75.52,62.79,1.83,AVERAGE
S6981,Muthu,61.67,76.71,64.26,86.74,3.79,GOOD
S6982,Surya,72.56,67.82,91.76,71.43,3.81,GOOD
S6983,Pradeep,59.8,96.06,74.95,14.54,5.65,GOOD
S6984,Avinash,58.94,86.93,95.22,60.39,3.66,GOOD
S6985,Keerthi,65.03,60.1,62.09,19.72,3.19,AVERAGE
S6986,Shivani,55.42,88.81,66.64,37.43,1.48,AVERAGE
S6987,Tanvi,59.43,53.55,44.46,96.48,4.68,AVERAGE
S6988,Ravi,96.9,76.93,62.06,89.21,3.23,GOOD
S6989,Vedant,83.34,85.1,50.78,25.68,4.8,AVERAGE
S6990,Aditya,96.06,82.19,41.97,72.85,1.97,GOOD
S6991,Sakshi,62.84,79.4,55.35,32.95,4.08,AVERAGE
S6992,Pradeep,92.85,89.8,69.44,0.79,4.62,GOOD
S6993,Bharath,68.11,73.37,54.84,85.01,2.81,AVERAGE
S6994,Ashwin,57.21,95.7,46.55,82.25,3.4,GOOD
S6995,Dhanush,90.24,48.69,67.09,29.42,1.32,AVERAGE
S6996,Ramya,52.98,61.34,48.87,77.21,2.35,AVERAGE
S6997,Anusha,70.24,86.98,45.16,3.15,1.82,AVERAGE
S6998,Madhavan,90.97,58.48,97.61,53.98,2.87,GOOD
S6999,Ananya,80.86,66.58,68.56,98.16,1.45,GOOD
S7000,Zoya,75.9,86.37,88.14,78.85,5.14,GOOD
S7001,Pradeep,67.68,72.31,50.25,57.56,4.67,AVERAGE
S7002,Aishwarya,53.75,51.26,67.69,36.58,5.33,AVERAGE
S7003,Vikram,99.55,50.49,45.4,73.53,5.74,AVERAGE
S7004,Rohan,58.74,58.07,64.71,97.54,3.82,AVERAGE
S7005,Harish,62.77,58.18,89.58,19.21,4.73,AVERAGE
S7006,Karthik,61.8,48.2,93.56,4.95,3.45,AVERAGE
S7007,Kishore,95.4,90.08,71.14,37.73,4.93,GOOD
S7008,Akshara,88.18,56.96,57.18,51.69,3.68,AVERAGE
S7009,Amrita,72.87,88.13,84.01,24.52,4.68,GOOD
S7010,Nikhil,97.77,98.41,78.34,61.66,2.38,GOOD
S7011,Malar,52.64,59.92,68.23,30.59,4.43,AVERAGE
S7012,Bharath,94.68,98.21,68.52,98.19,3.89,EXCELLENT
S7013,Vijay,53.02,51.47,69.59,26.53,2.25,AVERAGE
S7014,Swathi,69.56,78.85,60.35,80.3,4.43,GOOD
S7015,Arnav,52.7,99.47,71.14,96.46,2.85,GOOD
S7016,Manish,99.95,88.5,43.44,49.95,4.15,GOOD
S7017,Aman,95.72,53.78,74.21,19.93,4.29,AVERAGE
S7018,Madhavan,79.24,55.44,69.77,89.04,4.36,GOOD
S7019,Madhavan,60.89,55.75,65.23,40.23,4.42,AVERAGE
S7020,Ishaan,63.84,96.58,59.44,54.41,3.09,GOOD
S7021,Kavya,72.48,54.72,77.31,4.9,4.12,AVERAGE
S7022,Krishna,66.14,70.58,69.1,34.81,5.53,AVERAGE
S7023,Sahana,51.07,60.99,46.05,55.6,1.34,AVERAGE
S7024,Sameer,82.81,61.68,62.47,69.3,4.92,GOOD
S7025,Mahesh,80.67,64.49,44.59,95.11,1.64,AVERAGE
S7026,Rakesh,95.22,60.7,62.75,58.35,3.33,AVERAGE
S7027,Harini,73.84,76.0,71.97,27.14,1.82,AVERAGE
S7028,Srinivas,67.24,65.53,63.46,55.72,4.91,AVERAGE
S7029,Jatin,75.58,66.46,60.5,7.09,1.19,AVERAGE
S7030,Reshma,59.73,70.36,56.87,14.81,4.51,AVERAGE
S7031,Hari,81.28,61.37,62.91,35.18,3.01,AVERAGE
S7032,Mahesh,88.5,85.27,44.16,2.23,2.33,AVERAGE
S7033,Vasanth,57.67,70.21,99.63,7.53,5.8,AVERAGE
S7034,Harish,65.92,70.55,73.32,0.73,2.46,AVERAGE
S7035,Ananya,93.39,52.59,78.17,18.18,2.06,AVERAGE
S7036,Vijay,75.28,41.85,50.99,82.55,3.16,AVERAGE
S7037,Lakshmi,76.59,88.56,95.4,35.14,2.51,GOOD
S7038,Rahul,86.12,91.33,74.27,90.25,4.64,EXCELLENT
S7039,Gaurav,78.89,54.47,64.86,88.49,1.15,AVERAGE
S7040,Nikhil,53.48,61.6,82.79,86.35,4.46,AVERAGE
S7041,Nikhil,90.2,61.48,58.26,21.19,3.11,AVERAGE
S7042,Mohan,96.14,81.05,96.08,34.24,4.92,GOOD
S7043,Kishore,52.66,51.23,50.16,46.83,2.67,AVERAGE
S7044,Vikram,56.06,98.72,89.99,43.16,1.09,AVERAGE
S7045,Sakshi,85.1,43.71,98.0,7.99,4.82,AVERAGE
S7046,Arnav,80.22,98.43,69.5,23.89,1.66,AVERAGE
S7047,Vignesh,69.13,44.13,92.6,62.02,3.39,AVERAGE
S7048,Deepak,76.96,59.05,44.29,67.65,5.16,AVERAGE
S7049,Krishna,85.17,55.04,77.24,36.47,5.62,AVERAGE
S7050,Pranav,75.22,55.58,61.37,29.7,2.23,AVERAGE
S7051,Avinash,57.01,99.68,61.86,58.61,5.19,GOOD
S7052,Neha,54.47,67.5,67.02,66.35,4.88,AVERAGE
S7053,Isha,71.94,47.17,75.81,71.1,5.62,AVERAGE
S7054,Rajesh,96.14,98.94,76.96,81.1,5.08,EXCELLENT
S7055,Ramya,77.89,54.56,56.7,58.39,1.45,AVERAGE
S7056,Aarav,67.91,44.35,63.04,37.89,5.72,AVERAGE
S7057,Yash,95.44,41.45,54.97,34.79,1.12,AVERAGE
S7058,Aishwarya,69.43,67.79,77.95,3.43,2.72,AVERAGE
S7059,Naveen,75.46,95.1,46.12,41.64,2.95,AVERAGE
S7060,Rohan,55.82,41.02,65.41,86.88,3.43,AVERAGE
S7061,Monisha,86.87,83.51,98.71,62.77,2.18,GOOD
S7062,Naveen,85.02,55.63,99.33,59.31,1.62,AVERAGE
S7063,Akshara,89.71,53.14,71.08,22.38,5.19,AVERAGE
S7064,Naveen,66.26,82.23,54.85,59.61,4.21,AVERAGE
S7065,Ishaan,71.8,84.87,75.01,18.04,3.37,AVERAGE
S7066,Neha,58.42,73.54,69.31,34.1,4.87,AVERAGE
S7067,Gaurav,98.23,52.14,42.55,58.45,5.58,AVERAGE
S7068,Avinash,54.3,40.38,99.35,4.54,2.12,AT RISK
S7069,Darshan,82.45,84.24,59.63,31.14,2.61,AVERAGE
S7070,Aryan,85.26,75.98,63.96,8.85,5.67,AVERAGE
S7071,Hari,57.89,65.35,70.81,16.4,3.72,AVERAGE
S7072,Janani,68.27,52.81,92.82,35.21,2.41,AVERAGE
S7073,Zoya,52.16,85.72,87.95,69.28,1.79,AVERAGE
S7074,Shivani,77.83,44.25,52.33,26.74,5.94,AVERAGE
S7075,Aarav,99.75,78.56,82.99,2.01,3.68,GOOD
S7076,Keerthi,71.49,81.3,92.47,39.91,5.31,GOOD
S7077,Deepika,99.5,53.4,82.86,22.1,4.18,AVERAGE
S7078,Vignesh,56.31,69.0,48.35,77.83,3.22,AVERAGE
S7079,Anirudh,69.62,71.21,72.33,82.2,5.29,GOOD
S7080,Sanjana,95.1,75.48,90.31,67.1,2.78,GOOD
S7081,Naveen,93.83,94.07,51.74,61.3,4.84,GOOD
S7082,Gaurav,66.18,72.78,72.31,73.06,3.27,AVERAGE
S7083,Surya,83.93,44.04,80.17,37.6,5.49,AVERAGE
S7084,Dharani,94.31,60.7,78.12,65.11,3.52,GOOD
S7085,Mahesh,88.34,77.7,46.4,41.97,2.63,AVERAGE
S7086,Rakesh,81.42,59.99,56.65,42.98,4.63,AVERAGE
S7087,Rakesh,57.63,86.08,73.13,78.87,5.3,GOOD
S7088,Neha,53.65,51.39,52.53,79.11,5.26,AVERAGE
S7089,Kishore,80.73,48.58,60.02,40.04,3.39,AVERAGE
S7090,Dhanush,75.01,53.86,64.9,93.72,3.2,AVERAGE
S7091,Anusha,61.9,92.57,40.82,54.15,1.75,AVERAGE
S7092,Deepak,64.64,80.86,70.63,48.72,1.2,AVERAGE
S7093,Rohan,69.6,71.2,99.69,50.15,5.66,GOOD
S7094,Krishna,74.78,58.02,64.5,77.94,4.63,AVERAGE
S7095,Aishwarya,69.51,95.12,56.46,96.75,3.88,GOOD
S7096,Ganesh,69.36,93.33,55.18,69.01,3.92,GOOD
S7097,Shivani,55.79,63.96,70.91,34.13,1.12,AVERAGE
S7098,Monisha,93.28,85.16,67.36,51.68,3.27,GOOD
S7099,Harish,80.46,94.81,91.72,30.72,5.61,GOOD
S7100,Diya,57.31,58.8,78.35,65.37,3.31,AVERAGE
S7101,Sahana,71.19,59.72,63.92,99.92,3.9,AVERAGE
S7102,Sameer,70.84,72.75,63.14,86.49,2.89,AVERAGE
S7103,Ananya,80.03,64.5,72.83,47.27,1.53,AVERAGE
S7104,Pradeep,80.44,85.69,55.2,34.22,2.62,AVERAGE
S7105,Aishwarya,82.26,72.22,65.37,45.27,1.43,AVERAGE
S7106,Aarohi,84.9,52.71,57.1,31.62,3.89,AVERAGE
S7107,Monisha,55.17,61.38,70.93,99.16,5.91,GOOD
S7108,Yash,65.25,80.27,72.8,20.19,2.81,AVERAGE
S7109,Zoya,50.87,43.21,90.81,80.98,5.29,AVERAGE
S7110,Ravi,72.73,60.53,55.07,41.43,1.21,AVERAGE
S7111,Sanjay,71.47,40.97,94.28,65.17,3.53,AVERAGE
S7112,Rohan,86.72,89.25,72.12,92.28,4.27,GOOD
S7113,Zoya,58.36,47.03,83.61,59.21,2.6,AVERAGE
S7114,Dev,81.57,44.63,76.7,61.68,1.49,AVERAGE
S7115,Bhavya,65.33,87.2,89.74,3.6,2.09,AVERAGE
S7116,Rajesh,69.1,45.37,79.79,12.88,1.35,AVERAGE
S7117,Dhanush,85.96,81.06,40.66,54.05,5.44,GOOD
S7118,Shreya,53.58,62.79,63.42,37.06,1.02,AVERAGE
S7119,Isha,67.14,89.3,96.3,60.91,1.35,GOOD
S7120,Gaurav,69.57,50.97,67.09,38.42,4.98,AVERAGE
S7121,Vikram,85.79,45.07,89.7,17.5,2.5,AVERAGE
S7122,Nithin,59.96,53.7,92.14,79.68,2.82,AVERAGE
S7123,Rakesh,97.37,95.93,59.95,84.51,2.53,GOOD
S7124,Ashwin,99.89,89.75,91.46,96.8,5.45,EXCELLENT
S7125,Harish,90.95,57.15,62.65,20.07,5.64,AVERAGE
S7126,Chetan,64.99,52.37,41.52,31.15,5.64,AVERAGE
S7127,Sahana,83.19,49.41,81.66,28.08,2.54,AVERAGE
S7128,Krishna,54.16,53.27,89.22,93.01,2.0,AVERAGE
S7129,Naveen,93.56,52.3,67.1,59.74,5.14,GOOD
S7130,Aman,75.8,93.29,50.4,92.24,5.24,GOOD
S7131,Rakesh,58.82,41.2,76.92,89.03,2.77,AVERAGE
S7132,Shivani,66.37,92.81,84.3,24.53,3.89,GOOD
S7133,Pooja,90.04,42.49,79.29,42.78,2.95,AVERAGE
S7134,Bharath,93.51,89.61,61.35,41.36,1.07,GOOD
S7135,Deepika,75.99,65.54,62.1,48.69,3.05,AVERAGE
S7136,Avinash,74.02,44.63,72.95,99.77,5.47,GOOD
S7137,Kavin,87.54,87.94,51.6,17.38,5.29,GOOD
S7138,Akshara,91.31,55.39,90.77,77.24,1.52,GOOD
S7139,Rakesh,88.24,92.68,46.14,22.76,2.53,AVERAGE
S7140,Krishna,69.22,85.14,69.19,73.94,1.37,GOOD
S7141,Aadhya,82.1,98.91,91.57,20.27,2.49,GOOD
S7142,Swathi,92.87,89.91,71.77,52.71,2.49,GOOD
S7143,Yogesh,57.59,54.46,85.66,66.78,1.27,AVERAGE
S7144,Akshara,69.41,64.55,54.37,43.19,5.48,AVERAGE
S7145,Pavithra,52.83,81.8,66.73,96.62,5.2,GOOD
S7146,Swathi,70.44,58.96,82.78,70.55,5.64,GOOD
S7147,Jeeva,88.61,72.79,93.3,15.73,4.72,GOOD
S7148,Ananya,59.85,54.26,78.58,37.21,4.8,AVERAGE
S7149,Ravi,77.09,79.78,54.57,31.4,4.94,AVERAGE
S7150,Aadhya,51.83,60.53,48.78,29.55,4.38,AVERAGE
S7151,Shankar,94.88,43.31,90.49,21.18,1.88,AVERAGE
S7152,Bharath,91.0,98.07,73.24,18.57,1.89,GOOD
S7153,Manish,76.22,90.63,51.03,87.02,3.5,GOOD
S7154,Aarav,85.29,58.22,69.14,98.93,4.45,GOOD
S7155,Zoya,55.2,47.78,47.58,16.0,1.15,AT RISK
S7156,Amrita,92.26,84.11,46.31,79.13,3.73,GOOD
S7157,Yash,85.76,53.24,95.2,22.75,5.44,AVERAGE
S7158,Malar,56.0,76.33,72.68,52.17,1.63,AVERAGE
S7159,Isha,99.03,86.74,54.93,19.71,2.56,AVERAGE
S7160,Gaurav,51.13,56.35,92.88,27.11,5.93,AVERAGE
S7161,Divya,81.43,57.08,99.93,41.07,2.64,AVERAGE
S7162,Divya,58.59,43.7,93.05,70.5,1.14,AVERAGE
S7163,Arnav,85.96,59.19,84.86,47.4,4.42,GOOD
S7164,Harish,53.52,75.85,97.72,81.01,5.91,GOOD
S7165,Bharath,54.06,49.35,51.84,9.66,2.15,AT RISK
S7166,Keerthi,73.31,97.18,92.66,57.18,2.08,GOOD
S7167,Monisha,99.7,83.34,61.52,10.67,3.16,AVERAGE
S7168,Pavithra,63.83,52.23,41.93,11.78,3.68,AT RISK
S7169,Mahesh,80.63,71.84,41.94,30.89,5.07,AVERAGE
S7170,Swathi,75.93,63.49,51.27,10.5,5.97,AVERAGE
S7171,Krishna,92.11,62.94,86.77,77.55,5.07,GOOD
S7172,Surya,64.43,73.6,93.8,50.74,2.45,AVERAGE
S7173,Diya,77.75,46.49,47.68,64.46,4.93,AVERAGE
S7174,Rohan,97.53,52.92,90.72,5.63,4.15,AVERAGE
S7175,Riya,66.63,48.98,85.33,22.48,3.45,AVERAGE
S7176,Kishore,71.97,50.44,43.13,52.33,4.17,AVERAGE
S7177,Tanvi,94.44,79.31,83.88,8.2,3.2,GOOD
S7178,Muthu,66.62,99.77,42.3,16.06,4.16,AVERAGE
S7179,Shivani,69.03,79.07,55.75,2.19,4.68,AVERAGE
S7180,Nikhil,65.21,99.08,71.85,91.15,1.07,GOOD
S7181,Reshma,90.48,74.62,94.56,43.12,4.08,GOOD
S7182,Chetan,96.52,57.0,46.32,4.5,1.77,AVERAGE
S7183,Shivani,81.55,92.34,60.9,46.05,2.68,GOOD
S7184,Deepak,81.18,44.03,74.62,88.75,3.22,AVERAGE
S7185,Ramya,69.5,46.15,84.41,18.99,5.86,AVERAGE
S7186,Nikhil,50.62,96.86,94.92,23.79,2.63,AVERAGE
S7187,Yogesh,58.7,79.01,68.13,98.22,5.1,GOOD
S7188,Aryan,57.37,95.74,90.45,85.39,2.69,GOOD
S7189,Rohan,55.79,47.97,77.02,54.85,2.15,AVERAGE
S7190,Shankar,82.7,86.1,52.24,18.6,3.17,AVERAGE
S7191,Aditya,56.82,54.09,74.78,21.95,1.45,AVERAGE
S7192,Isha,54.28,60.6,58.83,86.15,5.1,AVERAGE
S7193,Amrita,69.13,93.94,82.22,67.55,3.49,GOOD
S7194,Lakshmi,62.45,64.68,57.07,35.09,4.44,AVERAGE
S7195,Nikhil,57.29,80.23,55.77,2.6,4.99,AVERAGE
S7196,Zoya,57.31,93.24,96.72,13.6,3.04,AVERAGE
S7197,Ishaan,62.81,92.25,94.52,72.92,3.25,GOOD
S7198,Bhavya,76.84,40.53,67.1,64.87,2.27,AVERAGE
S7199,Chetan,87.9,49.49,85.93,35.88,4.57,AVERAGE
S7200,Varsha,92.64,95.12,98.92,59.2,5.16,EXCELLENT
S7201,Vidya,87.57,73.74,45.32,75.51,3.87,GOOD
S7202,Divya,81.41,68.81,76.37,64.38,1.19,AVERAGE
S7203,Dev,95.38,43.92,55.21,23.95,4.56,AVERAGE
S7204,Akash,75.99,41.5,88.0,95.15,4.33,GOOD
S7205,Vidya,81.67,97.2,46.08,2.36,2.71,AVERAGE
S7206,Hari,70.58,68.43,87.33,55.63,3.05,AVERAGE
S7207,Mahesh,66.37,87.19,52.04,22.33,3.48,AVERAGE
S7208,Kavya,66.59,53.2,67.36,70.75,4.95,AVERAGE
S7209,Aishwarya,57.42,54.22,88.83,56.18,4.4,AVERAGE
S7210,Akash,89.83,73.62,44.05,19.57,3.59,AVERAGE
S7211,Dharani,52.77,92.56,95.69,50.59,5.03,GOOD
S7212,Vignesh,83.73,57.31,53.04,51.97,5.3,AVERAGE
S7213,Manish,93.22,59.73,70.04,42.03,1.26,AVERAGE
S7214,Janani,74.87,73.04,84.07,4.22,1.35,AVERAGE
S7215,Aishwarya,53.51,42.4,47.41,20.68,3.38,AT RISK
S7216,Rahul,71.42,62.73,76.52,96.88,4.91,GOOD
S7217,Deepika,67.16,73.38,70.93,18.85,1.55,AVERAGE
S7218,Aarohi,99.28,40.29,75.15,45.88,5.32,AVERAGE
S7219,Varsha,84.56,78.28,79.75,29.4,1.69,AVERAGE
S7220,Karthik,86.07,43.06,65.24,75.68,4.48,AVERAGE
S7221,Keerthi,75.79,83.2,57.93,57.81,5.02,GOOD
S7222,Ganesh,85.47,88.1,51.03,71.54,1.23,GOOD
S7223,Ishaan,86.13,90.33,96.34,63.7,5.24,EXCELLENT
S7224,Naveen,53.32,80.4,64.08,50.37,5.21,AVERAGE
S7225,Janani,61.13,73.69,56.93,96.06,1.73,AVERAGE
S7226,Vikram,50.65,58.45,43.15,70.32,2.05,AVERAGE
S7227,Bharath,75.49,65.48,85.07,68.88,5.3,GOOD
S7228,Aarav,93.79,45.22,71.66,69.05,5.83,GOOD
S7229,Riya,80.48,82.43,51.46,46.68,3.42,AVERAGE
S7230,Sakshi,75.01,41.48,93.6,64.27,1.63,AVERAGE
S7231,Anirudh,96.3,64.81,96.03,60.45,2.4,GOOD
S7232,Bhavya,58.61,70.37,92.84,88.83,2.69,GOOD
S7233,Bhavya,53.73,79.01,73.66,97.89,4.16,GOOD
S7234,Mahesh,95.87,60.59,62.4,48.3,4.61,AVERAGE
S7235,Dharani,95.14,66.57,49.71,60.08,4.03,AVERAGE
S7236,Pavithra,84.15,75.24,62.63,29.03,5.45,AVERAGE
S7237,Jatin,62.3,95.39,76.73,84.54,1.05,GOOD
S7238,Gayathri,98.49,80.32,53.59,71.07,2.95,GOOD
S7239,Jatin,88.27,55.27,67.84,92.4,2.46,GOOD
S7240,Bharath,83.69,90.84,74.39,60.5,4.76,GOOD
S7241,Chetan,61.15,43.3,83.89,70.87,4.4,AVERAGE
S7242,Shivani,75.65,56.34,45.48,9.51,5.45,AVERAGE
S7243,Manish,91.13,46.49,92.02,60.67,2.57,AVERAGE
S7244,Nithin,93.01,66.82,67.36,37.68,5.28,GOOD
S7245,Manish,78.07,78.22,74.92,50.81,3.69,GOOD
S7246,Muthu,76.14,71.86,96.42,32.66,1.77,AVERAGE
S7247,Riya,84.88,88.68,50.08,28.72,5.15,GOOD
S7248,Akshara,76.41,74.05,93.07,82.07,2.17,GOOD
S7249,Dev,70.88,53.96,88.27,55.76,4.8,AVERAGE
S7250,Ganesh,54.27,72.19,99.64,25.32,3.68,AVERAGE
S7251,Dev,56.3,84.13,63.58,76.67,3.57,AVERAGE
S7252,Jatin,88.01,70.18,47.61,7.48,3.67,AVERAGE
S7253,Tanvi,51.23,66.52,40.85,29.32,5.88,AVERAGE
S7254,Ishaan,52.62,71.75,87.56,33.63,3.92,AVERAGE
S7255,Aryan,95.23,72.88,48.2,17.76,1.22,AVERAGE
S7256,Anjali,85.2,58.63,58.36,84.27,5.78,GOOD
S7257,Ganesh,50.21,91.25,99.24,67.39,2.41,GOOD
S7258,Kavin,65.6,52.46,66.53,67.03,3.35,AVERAGE
S7259,Vasanth,88.17,41.97,53.87,59.27,5.12,AVERAGE
S7260,Aryan,70.88,84.49,85.19,37.83,1.42,AVERAGE
S7261,Priya,73.44,90.54,56.29,65.9,2.16,GOOD
S7262,Gaurav,72.94,78.56,71.86,73.63,5.38,GOOD
S7263,Shankar,60.11,68.14,49.44,53.85,1.59,AVERAGE
S7264,Swathi,86.07,98.51,67.65,47.07,3.58,GOOD
S7265,Ananya,55.15,62.25,46.52,22.35,1.93,AT RISK
S7266,Harini,75.36,64.35,86.39,8.4,2.77,AVERAGE
S7267,Aditya,58.5,75.47,61.91,4.13,4.95,AVERAGE
S7268,Jatin,52.33,65.83,59.13,71.42,5.8,AVERAGE
S7269,Jeeva,57.16,73.32,99.63,34.86,3.87,AVERAGE
S7270,Shreya,93.47,97.99,89.78,70.84,2.81,EXCELLENT
S7271,Mahesh,58.81,54.25,73.24,50.79,1.4,AVERAGE
S7272,Vignesh,63.92,48.91,96.65,44.69,3.01,AVERAGE
S7273,Rajesh,56.9,65.41,52.68,62.89,5.07,AVERAGE
S7274,Vedant,86.78,70.24,74.41,18.33,4.78,AVERAGE
S7275,Akash,72.27,82.79,95.74,97.97,2.78,GOOD
S7276,Aman,97.18,97.31,74.18,33.02,1.85,GOOD
S7277,Malar,83.22,81.32,58.48,76.92,3.72,GOOD
S7278,Abhinav,76.57,99.23,88.7,24.79,5.16,GOOD
S7279,Naveen,82.83,54.78,48.33,46.79,3.81,AVERAGE
S7280,Aadhya,52.02,52.53,49.12,49.93,3.71,AVERAGE
S7281,Keerthi,97.53,58.39,83.87,30.67,4.53,GOOD
S7282,Vikram,97.82,87.23,44.16,34.86,1.65,AVERAGE
S7283,Deepak,63.81,51.19,43.04,43.53,4.09,AVERAGE
S7284,Rohan,81.41,51.77,62.74,83.62,1.39,AVERAGE
S7285,Gayathri,60.1,64.7,63.87,50.01,1.8,AVERAGE
S7286,Aman,77.37,59.05,68.18,8.86,1.26,AVERAGE
S7287,Akshara,88.54,78.79,84.44,21.67,4.07,GOOD
S7288,Jatin,96.99,93.41,74.13,98.6,5.82,EXCELLENT
S7289,Pradeep,66.96,48.32,82.81,8.99,1.74,AVERAGE
S7290,Pooja,84.68,72.81,42.99,64.77,3.35,AVERAGE
S7291,Anirudh,85.82,45.3,58.94,21.12,5.47,AVERAGE
S7292,Abhinav,61.06,53.29,97.98,43.19,5.25,AVERAGE
S7293,Kavin,81.45,58.55,65.67,35.7,3.12,AVERAGE
S7294,Akshara,82.77,74.75,53.35,97.72,4.72,GOOD
S7295,Janani,88.2,73.29,99.53,55.13,1.22,GOOD
S7296,Avinash,100.0,78.58,64.68,24.99,4.78,GOOD
S7297,Ramya,52.01,89.13,68.73,60.36,4.63,GOOD
S7298,Kavya,60.12,51.23,53.43,7.14,3.91,AT RISK
S7299,Deepika,57.25,84.6,79.38,92.66,1.57,GOOD
S7300,Manish,57.72,80.02,52.43,34.42,2.48,AVERAGE
S7301,Aarav,72.71,44.78,76.6,88.34,1.86,AVERAGE
S7302,Chetan,93.93,60.68,85.45,80.92,1.29,GOOD
S7303,Vikram,72.44,41.66,79.14,18.68,5.5,AVERAGE
S7304,Keerthi,83.42,45.41,45.42,96.23,1.91,AVERAGE
S7305,Mohan,68.82,57.03,44.79,99.17,2.03,AVERAGE
S7306,Nithin,65.98,54.59,90.54,80.53,4.5,GOOD
S7307,Aryan,91.71,94.01,94.27,45.15,2.61,GOOD
S7308,Nikhil,82.78,93.63,48.14,67.25,3.02,GOOD
S7309,Deepika,67.54,74.67,62.53,8.07,1.28,AVERAGE
S7310,Sameer,95.71,84.1,79.24,92.11,5.63,EXCELLENT
S7311,Manish,74.93,99.98,90.13,22.18,5.98,GOOD
S7312,Aditya,59.41,64.61,94.54,71.67,2.84,AVERAGE
S7313,Aman,74.16,71.35,81.92,80.15,2.08,GOOD
S7314,Ramya,83.73,79.07,48.85,96.96,4.53,GOOD
S7315,Akash,68.36,95.23,86.1,82.38,4.79,GOOD
S7316,Monisha,92.19,87.82,91.54,81.8,1.77,GOOD
S7317,Shivani,76.66,43.87,61.08,70.54,3.43,AVERAGE
S7318,Rohan,73.39,82.78,69.65,57.66,1.98,AVERAGE
S7319,Krishna,92.94,55.12,49.98,4.19,2.17,AVERAGE
S7320,Malar,73.15,55.29,58.27,97.27,3.47,AVERAGE
S7321,Darshan,70.72,72.83,92.19,44.9,3.0,AVERAGE
S7322,Aryan,55.19,81.78,45.33,79.68,3.38,AVERAGE
S7323,Yogesh,68.12,49.55,85.75,37.73,2.92,AVERAGE
S7324,Vasanth,69.85,58.87,45.86,45.61,1.37,AVERAGE
S7325,Avinash,59.03,82.97,57.56,46.24,1.38,AVERAGE
S7326,Akash,79.39,49.12,74.94,99.0,2.31,AVERAGE
S7327,Janani,57.19,90.98,40.2,21.13,3.61,AVERAGE
S7328,Aman,61.18,67.36,80.52,50.18,2.06,AVERAGE
S7329,Yash,78.05,75.16,58.97,15.47,4.13,AVERAGE
S7330,Akshara,63.45,44.82,84.91,49.41,4.81,AVERAGE
S7331,Harini,81.98,97.27,98.51,54.6,5.46,EXCELLENT
S7332,Gaurav,84.53,94.45,64.99,13.67,5.72,GOOD
S7333,Ananya,65.06,51.4,41.8,69.83,2.82,AVERAGE
S7334,Akshara,54.37,79.79,90.93,82.8,5.72,GOOD
S7335,Deepika,74.47,87.59,56.47,81.6,5.38,GOOD
S7336,Tanvi,54.64,47.32,48.92,72.92,2.58,AVERAGE
S7337,Aman,75.76,74.65,92.75,14.09,2.85,AVERAGE
S7338,Nithin,86.31,91.03,53.95,62.15,1.84,GOOD
S7339,Yash,81.02,70.4,76.32,69.84,5.35,GOOD
S7340,Kavya,72.41,95.43,55.24,75.94,3.65,GOOD
S7341,Darshan,97.29,42.87,82.75,70.94,2.03,AVERAGE
S7342,Bharath,55.09,95.15,78.92,62.88,5.05,GOOD
S7343,Dharani,94.0,98.63,70.55,72.77,5.25,EXCELLENT
S7344,Deepak,90.01,49.36,73.3,85.23,4.2,GOOD
S7345,Janani,70.99,65.86,53.63,56.93,2.97,AVERAGE
S7346,Varun,57.64,77.25,41.32,14.53,2.1,AVERAGE
S7347,Darshan,57.79,93.59,88.04,81.6,4.83,GOOD
S7348,Sakshi,96.09,49.57,93.36,66.1,4.85,GOOD
S7349,Dharani,61.69,60.04,86.67,68.66,3.55,AVERAGE
S7350,Meera,93.71,87.88,82.48,29.42,4.71,GOOD
S7351,Aditya,75.16,64.6,68.32,14.97,2.0,AVERAGE
S7352,Aryan,73.09,76.3,75.03,78.07,3.65,GOOD
S7353,Ravi,80.98,73.6,81.5,4.94,2.63,AVERAGE
S7354,Kavin,60.75,98.39,41.57,40.23,5.96,AVERAGE
S7355,Nandini,71.42,48.49,65.42,50.89,3.12,AVERAGE
S7356,Harini,96.92,96.91,53.48,1.74,2.03,AVERAGE
S7357,Aarav,61.91,73.85,61.87,59.7,1.98,AVERAGE
S7358,Abhinav,96.08,94.25,84.95,11.96,5.98,GOOD
S7359,Shreya,99.71,47.08,61.8,24.14,6.0,AVERAGE
S7360,Anjali,52.6,78.49,84.35,99.36,5.0,GOOD
S7361,Varsha,76.57,90.41,98.31,56.03,3.4,GOOD
S7362,Madhavan,58.59,87.21,95.4,96.83,4.33,GOOD
S7363,Ishaan,81.09,40.6,89.66,49.26,4.51,AVERAGE
S7364,Pavithra,99.48,67.13,91.18,80.34,1.65,GOOD
S7365,Sanjay,94.84,46.92,63.64,3.8,1.72,AVERAGE
S7366,Pradeep,96.24,49.17,83.89,29.13,2.97,AVERAGE
S7367,Deepak,60.67,82.38,80.02,28.32,2.87,AVERAGE
S7368,Aarohi,77.12,97.39,98.97,6.98,3.34,GOOD
S7369,Akash,61.74,78.05,74.49,95.21,2.51,GOOD
S7370,Gayathri,94.97,46.14,65.79,50.47,4.09,AVERAGE
S7371,Amrita,59.56,54.64,90.24,59.3,4.77,AVERAGE
S7372,Varsha,57.7,62.73,84.97,52.05,5.36,AVERAGE
S7373,Jeeva,50.61,47.52,47.49,24.86,3.05,AT RISK
S7374,Avinash,59.1,90.88,75.78,92.43,2.46,GOOD
S7375,Ravi,59.49,51.67,75.54,66.9,1.75,AVERAGE
S7376,Avinash,53.87,47.77,77.9,12.36,3.8,AVERAGE
S7377,Avinash,93.39,83.54,96.49,46.18,1.19,GOOD
S7378,Vignesh,89.0,47.61,76.12,0.15,5.29,AVERAGE
S7379,Karthik,62.72,64.62,92.2,67.47,3.38,AVERAGE
S7380,Kavya,89.16,70.93,61.5,52.36,4.05,GOOD
S7381,Dev,71.11,44.81,43.44,90.42,3.0,AVERAGE
S7382,Yash,88.78,73.35,62.51,94.73,1.02,GOOD
S7383,Aarohi,66.15,68.81,71.96,9.82,4.94,AVERAGE
S7384,Harish,78.23,80.1,90.0,8.95,3.37,AVERAGE
S7385,Varun,69.08,53.15,77.91,89.91,3.03,AVERAGE
S7386,Sameer,59.38,61.4,66.53,51.21,4.79,AVERAGE
S7387,Harini,79.28,79.58,67.71,46.97,2.74,AVERAGE
S7388,Dhanush,87.54,42.14,99.8,57.08,4.24,GOOD
S7389,Aishwarya,87.66,46.95,48.48,46.64,4.63,AVERAGE
S7390,Madhavan,67.81,57.01,52.33,61.43,5.91,AVERAGE
S7391,Neha,75.94,46.38,77.52,94.91,4.84,GOOD
S7392,Ishaan,88.19,42.37,82.08,60.6,1.12,AVERAGE
S7393,Varun,52.72,99.24,63.7,32.07,4.12,AVERAGE
S7394,Vignesh,53.59,67.35,41.93,21.34,4.08,AVERAGE
S7395,Ananya,68.81,72.02,71.32,96.61,1.62,GOOD
S7396,Vedant,61.17,55.29,48.66,57.94,4.75,AVERAGE
S7397,Bhavya,68.73,40.46,43.36,56.67,2.87,AVERAGE
S7398,Vedant,54.69,85.04,60.69,3.33,4.12,AVERAGE
S7399,Varsha,79.6,83.43,48.14,91.84,2.34,GOOD
S7400,Swathi,83.59,98.35,66.34,46.96,1.89,GOOD
S7401,Mahesh,89.59,41.27,85.7,99.98,2.98,GOOD
S7402,Keerthi,82.53,48.22,42.82,16.79,2.03,AT RISK
S7403,Surya,69.82,82.73,69.99,32.62,5.93,GOOD
S7404,Pavithra,96.75,59.8,69.82,21.01,4.63,AVERAGE
S7405,Shivani,86.32,43.83,40.11,37.89,1.19,AVERAGE
S7406,Kishore,76.38,58.06,84.3,97.66,2.92,GOOD
S7407,Aishwarya,60.34,45.26,45.38,41.48,5.56,AVERAGE
S7408,Srinivas,82.45,90.26,95.92,82.71,3.98,EXCELLENT
S7409,Surya,79.59,92.62,78.36,75.53,3.42,GOOD
S7410,Rajesh,84.17,78.21,57.27,29.79,3.68,AVERAGE
S7411,Pranav,89.06,63.14,95.52,57.99,2.52,GOOD
S7412,Amrita,95.75,86.13,64.03,85.17,2.94,GOOD
S7413,Aarav,97.45,77.9,55.62,61.13,1.99,GOOD
S7414,Gaurav,81.51,87.52,63.07,26.49,4.55,GOOD
S7415,Akshara,98.3,70.65,76.7,86.32,2.18,GOOD
S7416,Dhanush,95.57,97.5,83.42,55.62,3.12,GOOD
S7417,Arjun,50.13,57.4,79.71,98.0,5.63,AVERAGE
S7418,Darshan,81.88,76.25,95.27,65.56,3.03,GOOD
S7419,Ananya,58.92,88.48,97.37,44.89,2.69,GOOD
S7420,Anjali,64.76,93.63,51.82,43.59,3.11,AVERAGE
S7421,Mohan,64.88,96.8,94.75,88.01,2.25,GOOD
S7422,Deepak,74.16,63.7,46.4,98.06,4.66,AVERAGE
S7423,Hari,50.54,81.96,97.41,41.04,4.39,GOOD
S7424,Anusha,61.79,57.41,55.56,16.3,2.26,AT RISK
S7425,Muthu,51.46,78.96,55.95,3.98,3.1,AVERAGE
S7426,Anusha,82.53,51.05,65.29,32.24,3.66,AVERAGE
S7427,Vikram,94.46,65.29,50.9,34.2,5.34,AVERAGE
S7428,Dharani,99.89,95.21,89.66,42.59,2.68,GOOD
S7429,Avinash,72.43,88.65,47.48,14.5,3.89,AVERAGE
S7430,Ramya,63.01,69.79,66.36,49.27,5.7,AVERAGE
S7431,Kishore,92.66,48.81,94.43,94.34,2.31,GOOD
S7432,Ishaan,55.66,63.91,78.12,23.25,4.64,AVERAGE
S7433,Mohan,98.71,48.32,76.43,68.48,4.28,GOOD
S7434,Zoya,85.74,44.11,99.68,3.8,1.75,AVERAGE
S7435,Aadhya,75.2,94.39,41.35,64.38,5.92,GOOD
S7436,Pavithra,54.83,69.49,59.19,93.75,4.91,AVERAGE
S7437,Karthik,50.91,45.36,47.5,28.23,3.14,AT RISK
S7438,Aman,77.23,83.0,51.07,81.62,3.8,GOOD
S7439,Manish,70.69,44.45,52.96,8.24,2.8,AT RISK
S7440,Preethi,92.13,63.77,77.61,35.82,2.31,AVERAGE
S7441,Jatin,82.12,53.82,56.33,0.67,5.48,AVERAGE
S7442,Swathi,71.59,49.88,79.85,35.51,3.93,AVERAGE
S7443,Pavithra,61.3,72.01,84.28,30.98,2.85,AVERAGE
S7444,Abhinav,74.02,83.18,64.11,69.28,5.26,GOOD
S7445,Madhavan,58.15,69.23,72.18,29.45,3.21,AVERAGE
S7446,Karthik,83.35,89.25,47.93,82.31,1.92,GOOD
S7447,Harini,80.29,95.04,85.16,29.15,1.76,GOOD
S7448,Deepika,90.5,88.43,65.15,22.33,5.7,GOOD
S7449,Ashwin,72.48,97.39,90.08,49.45,2.91,GOOD
S7450,Monisha,63.93,95.74,71.57,65.65,2.98,GOOD
S7451,Nithin,91.82,89.95,81.81,88.87,3.69,EXCELLENT
S7452,Darshan,84.55,57.56,61.51,81.35,3.88,AVERAGE
S7453,Dharani,85.34,50.46,62.31,52.45,3.16,AVERAGE
S7454,Rohan,76.4,83.62,66.19,97.83,5.68,GOOD
S7455,Dev,93.8,90.73,78.16,29.65,2.66,GOOD
S7456,Kavya,61.39,89.39,70.39,99.95,1.57,GOOD
S7457,Aishwarya,70.08,78.62,88.26,38.52,5.98,GOOD
S7458,Meera,89.81,89.79,43.29,26.24,2.1,AVERAGE
S7459,Sameer,56.65,82.43,94.03,38.28,5.72,GOOD
S7460,Chetan,90.41,79.92,95.56,58.58,5.23,GOOD
S7461,Rahul,67.63,42.79,54.64,47.39,4.89,AVERAGE
S7462,Gaurav,56.28,67.63,46.05,5.02,1.66,AT RISK
S7463,Arnav,53.96,42.03,74.31,35.6,1.17,AT RISK
S7464,Ashwin,92.15,45.54,43.85,49.18,1.85,AVERAGE
S7465,Sneha,88.93,72.46,53.78,66.33,3.01,AVERAGE
S7466,Nandini,64.4,42.85,70.45,95.31,4.96,AVERAGE
S7467,Ananya,55.82,94.79,76.83,95.59,2.96,GOOD
S7468,Sneha,62.36,67.02,51.66,51.4,1.16,AVERAGE
S7469,Chetan,60.65,82.0,95.96,56.91,1.36,AVERAGE
S7470,Aadhya,86.65,48.87,50.88,69.8,3.3,AVERAGE
S7471,Ashwin,60.78,90.86,49.22,83.53,1.14,AVERAGE
S7472,Rakesh,60.8,68.68,49.74,74.52,4.78,AVERAGE
S7473,Vidya,51.61,73.53,95.77,72.05,2.23,AVERAGE
S7474,Harish,79.84,78.91,92.73,44.73,3.44,GOOD
S7475,Karthik,84.45,72.39,41.98,86.89,4.96,GOOD
S7476,Harish,82.67,73.79,83.6,66.25,3.76,GOOD
S7477,Mohan,78.43,84.67,44.41,15.92,5.41,AVERAGE
S7478,Janani,98.3,88.39,44.52,59.84,5.24,GOOD
S7479,Lakshmi,73.64,58.37,44.56,31.06,1.87,AVERAGE
S7480,Bharath,93.01,95.32,89.78,20.31,1.11,GOOD
S7481,Sanjana,82.3,61.23,65.65,64.88,5.32,GOOD
S7482,Vasanth,54.21,56.34,73.42,64.23,4.28,AVERAGE
S7483,Vedant,90.5,58.69,41.85,95.47,5.59,GOOD
S7484,Janani,79.22,61.51,94.05,97.62,1.42,GOOD
S7485,Shivani,82.68,59.02,98.92,40.88,5.93,GOOD
S7486,Monisha,59.01,90.63,54.11,17.85,5.92,AVERAGE
S7487,Kavya,71.87,73.67,79.39,14.05,2.34,AVERAGE
S7488,Ashwin,94.03,98.06,80.73,97.43,1.29,EXCELLENT
S7489,Arnav,60.77,45.04,97.98,39.59,2.86,AVERAGE
S7490,Sahana,50.01,76.84,69.03,34.28,3.17,AVERAGE
S7491,Varun,62.88,45.76,54.27,62.11,2.34,AVERAGE
S7492,Kavya,74.38,67.53,61.62,5.73,1.27,AVERAGE
S7493,Meera,91.06,62.96,78.38,64.68,5.33,GOOD
S7494,Karthik,82.16,80.85,68.35,87.58,2.06,GOOD
S7495,Nithin,95.95,84.73,44.76,72.43,5.37,GOOD
S7496,Zoya,72.78,54.29,88.44,41.75,2.29,AVERAGE
S7497,Reshma,69.54,51.62,91.86,11.61,5.25,AVERAGE
S7498,Keerthi,61.57,65.17,68.7,24.12,2.41,AVERAGE
S7499,Sakshi,60.9,54.52,71.41,26.54,1.5,AVERAGE
S7500,Aryan,86.81,80.6,69.49,38.49,5.11,GOOD
S7501,Anusha,54.02,71.06,71.78,13.33,2.39,AVERAGE
S7502,Sneha,62.14,89.62,46.16,57.57,2.54,AVERAGE
S7503,Varun,94.29,98.88,66.02,36.63,3.04,GOOD
S7504,Pranav,78.85,62.69,66.87,49.64,4.03,AVERAGE
S7505,Jatin,52.33,94.72,99.86,28.51,4.18,GOOD
S7506,Vasanth,85.21,86.63,42.92,45.39,1.38,AVERAGE
S7507,Sameer,75.33,48.95,58.73,71.26,5.77,AVERAGE
S7508,Dharani,92.73,90.16,69.76,8.82,1.26,AVERAGE
S7509,Abhinav,84.12,68.89,90.83,51.01,5.18,GOOD
S7510,Jatin,50.22,82.55,67.67,61.83,4.58,AVERAGE
S7511,Nithin,60.29,82.16,57.46,66.77,2.45,AVERAGE
S7512,Amrita,62.9,93.16,72.12,92.28,3.99,GOOD
S7513,Arjun,85.11,85.67,57.82,78.11,3.75,GOOD
S7514,Nithin,75.47,89.48,72.9,73.9,4.33,GOOD
S7515,Keerthi,87.37,59.25,81.39,86.8,4.69,GOOD
S7516,Jatin,75.64,98.39,71.85,91.44,3.57,GOOD
S7517,Vedant,66.37,79.7,76.58,83.93,4.58,GOOD
S7518,Dev,55.18,86.42,42.32,61.4,1.99,AVERAGE
S7519,Aditya,60.13,91.53,79.53,84.31,4.46,GOOD
S7520,Aarav,70.04,47.43,98.18,32.64,3.14,AVERAGE
S7521,Aman,77.57,60.18,69.5,95.2,5.71,GOOD
S7522,Bhavya,96.93,90.16,88.16,17.35,5.28,GOOD
S7523,Harini,61.99,95.32,72.93,22.92,1.01,AVERAGE
S7524,Kavya,83.3,85.37,82.24,15.85,4.8,GOOD
S7525,Aman,57.63,68.94,58.59,77.7,4.01,AVERAGE
S7526,Aadhya,85.69,55.07,98.01,43.45,4.57,GOOD
S7527,Sakshi,50.57,71.5,52.91,73.8,2.29,AVERAGE
S7528,Rajesh,82.8,63.84,49.55,51.01,4.99,AVERAGE
S7529,Manish,58.16,93.14,42.73,40.33,1.7,AVERAGE
S7530,Akshara,59.02,74.04,72.47,89.64,5.49,GOOD
S7531,Divya,77.95,63.52,77.13,43.21,3.17,AVERAGE
S7532,Sanjay,68.77,69.91,78.97,61.84,1.53,AVERAGE
S7533,Deepika,73.57,96.01,50.33,85.86,4.5,GOOD
S7534,Anusha,65.44,76.8,79.09,21.26,2.93,AVERAGE
S7535,Mahesh,97.67,53.74,49.91,40.27,2.27,AVERAGE
S7536,Meera,64.53,70.0,85.3,14.49,4.35,AVERAGE
S7537,Vidya,77.1,67.94,56.51,54.27,2.67,AVERAGE
S7538,Lakshmi,92.72,58.62,65.32,78.96,2.08,AVERAGE
S7539,Avinash,83.21,84.18,62.03,5.5,4.01,AVERAGE
S7540,Varsha,66.14,56.1,62.06,6.03,2.75,AVERAGE
S7541,Vidya,77.62,69.55,83.26,74.12,1.26,GOOD
S7542,Krishna,54.15,66.46,99.87,70.96,2.13,AVERAGE
S7543,Vikram,77.28,68.01,71.64,40.22,3.25,AVERAGE
S7544,Deepak,71.57,74.01,64.06,36.07,3.87,AVERAGE
S7545,Aishwarya,87.9,81.0,57.62,28.2,3.43,AVERAGE
S7546,Harini,92.4,48.58,77.47,6.18,5.59,AVERAGE
S7547,Hari,59.98,57.3,67.07,51.35,2.71,AVERAGE
S7548,Vedant,54.08,86.37,86.37,61.61,5.34,GOOD
S7549,Hari,69.53,94.46,76.4,86.54,3.39,GOOD
S7550,Varun,76.71,42.68,64.72,54.19,4.41,AVERAGE
S7551,Pavithra,68.84,44.4,97.18,15.2,3.7,AVERAGE
S7552,Deepak,81.43,96.03,40.68,30.82,1.54,AVERAGE
S7553,Sameer,75.28,48.88,81.37,78.5,3.11,AVERAGE
S7554,Pranav,96.83,98.76,64.65,61.82,4.38,GOOD
S7555,Swathi,70.47,89.69,47.3,77.11,2.38,AVERAGE
S7556,Avinash,54.12,47.24,45.56,41.35,2.65,AT RISK
S7557,Lakshmi,65.1,46.15,78.96,6.75,4.51,AVERAGE
S7558,Vidya,80.29,98.64,48.87,89.21,4.67,GOOD
S7559,Arjun,62.8,55.29,91.36,34.92,3.68,AVERAGE
S7560,Anirudh,63.45,72.32,58.66,8.34,4.68,AVERAGE
S7561,Charan,66.98,54.17,60.63,58.69,5.21,AVERAGE
S7562,Sakshi,87.31,76.04,79.61,74.4,3.54,GOOD
S7563,Abhinav,97.01,90.4,53.21,47.8,4.48,GOOD
S7564,Abhinav,67.52,79.41,40.42,61.39,1.06,AVERAGE
S7565,Jatin,59.77,42.8,66.75,41.73,1.15,AT RISK
S7566,Arjun,71.03,75.71,71.67,81.37,4.01,GOOD
S7567,Ananya,67.59,79.66,66.75,78.37,4.18,GOOD
S7568,Chetan,99.5,52.05,67.48,72.0,2.47,AVERAGE
S7569,Dev,73.19,85.73,79.94,1.99,4.09,AVERAGE
S7570,Preethi,83.96,77.61,90.74,51.64,1.51,GOOD
S7571,Anirudh,95.69,40.57,61.93,78.53,4.85,AVERAGE
S7572,Abhinav,81.45,97.03,87.41,24.49,2.77,GOOD
S7573,Anjali,62.47,66.73,43.76,25.92,3.86,AVERAGE
S7574,Ashwin,80.37,53.94,68.82,90.42,5.9,GOOD
S7575,Priya,70.09,45.17,62.57,84.17,3.58,AVERAGE
S7576,Abhinav,71.12,62.47,67.96,98.81,3.63,GOOD
S7577,Ananya,98.97,58.47,45.49,49.74,1.52,AVERAGE
S7578,Ashwin,63.93,57.88,48.33,12.42,1.22,AT RISK
S7579,Rahul,73.45,87.59,57.61,0.83,5.61,AVERAGE
S7580,Rohan,57.99,78.76,56.41,70.61,5.33,AVERAGE
S7581,Mohan,58.93,47.98,63.11,81.67,5.05,AVERAGE
S7582,Anjali,80.17,82.48,67.44,42.83,5.97,GOOD
S7583,Jeeva,87.55,83.41,53.27,42.58,1.48,AVERAGE
S7584,Jeeva,81.82,70.86,77.15,84.03,4.83,GOOD
S7585,Vignesh,66.46,99.75,62.55,18.6,1.56,AVERAGE
S7586,Tanvi,52.98,57.01,43.61,6.34,4.17,AT RISK
S7587,Sanjay,73.51,43.51,54.62,96.57,4.59,AVERAGE
S7588,Gaurav,75.21,41.73,73.61,54.24,4.47,AVERAGE
S7589,Sameer,88.53,59.23,76.41,77.24,2.32,GOOD
S7590,Aadhya,82.01,69.88,87.98,95.47,5.42,GOOD
S7591,Yogesh,93.56,44.69,54.73,81.04,3.83,AVERAGE
S7592,Naveen,89.15,73.95,73.73,46.76,5.57,GOOD
S7593,Madhavan,68.29,94.05,68.57,64.81,3.22,GOOD
S7594,Vidya,81.61,87.81,90.91,63.22,2.71,GOOD
S7595,Sanjay,87.36,80.35,83.8,92.55,5.49,EXCELLENT
S7596,Ravi,97.84,79.7,47.92,14.11,5.08,AVERAGE
S7597,Sakshi,71.12,83.82,97.53,69.57,1.43,GOOD
S7598,Ashwin,82.41,69.65,61.31,86.28,3.19,GOOD
S7599,Aarohi,69.63,64.11,97.28,35.91,1.38,AVERAGE
S7600,Ashwin,86.89,58.4,57.11,70.83,5.35,GOOD
S7601,Vasanth,95.6,45.98,68.14,24.98,3.39,AVERAGE
S7602,Sakshi,95.96,73.73,73.03,8.8,2.31,AVERAGE
S7603,Krishna,57.85,68.35,43.82,2.54,1.35,AT RISK
S7604,Rakesh,60.2,47.13,82.94,52.99,2.47,AVERAGE
S7605,Ishaan,87.75,56.1,46.28,5.17,2.82,AVERAGE
S7606,Reshma,81.55,87.23,49.85,59.24,5.85,GOOD
S7607,Gayathri,95.26,55.34,57.41,37.55,5.95,AVERAGE
S7608,Amrita,65.69,65.54,97.64,0.69,3.31,AVERAGE
S7609,Janani,92.4,49.68,98.39,22.65,5.57,GOOD
S7610,Manish,84.19,50.19,69.36,73.84,4.99,AVERAGE
S7611,Aditya,59.77,85.38,72.0,37.88,4.85,AVERAGE
S7612,Surya,56.32,44.0,52.71,72.56,2.34,AVERAGE
S7613,Akshara,85.14,57.1,65.08,81.5,4.71,GOOD
S7614,Diya,57.92,98.85,99.07,79.69,5.96,EXCELLENT
S7615,Aarohi,89.72,68.55,87.45,67.06,5.2,GOOD
S7616,Sakshi,77.85,76.37,81.84,74.66,3.71,GOOD
S7617,Vikram,73.84,78.45,56.7,56.98,1.0,AVERAGE
S7618,Lakshmi,63.78,51.77,85.78,46.48,2.88,AVERAGE
S7619,Aman,99.19,62.16,97.99,6.17,4.27,GOOD
S7620,Arnav,86.11,64.04,99.28,97.51,1.69,GOOD
S7621,Varsha,88.9,53.84,75.99,84.02,3.03,GOOD
S7622,Nithin,88.44,54.04,49.64,67.19,4.55,AVERAGE
S7623,Varsha,79.2,76.47,97.84,64.41,5.46,GOOD
S7624,Swathi,96.98,46.51,72.48,57.68,4.51,AVERAGE
S7625,Tanvi,79.19,47.75,42.3,9.44,4.05,AVERAGE
S7626,Monisha,76.0,74.4,44.89,31.94,2.13,AVERAGE
S7627,Zoya,63.69,66.96,74.64,33.96,4.35,AVERAGE
S7628,Rahul,64.09,76.72,90.12,79.37,5.19,GOOD
S7629,Kavya,86.84,41.62,96.49,60.5,3.19,AVERAGE
S7630,Sameer,66.74,82.29,96.67,39.81,5.45,GOOD
S7631,Akshara,86.44,90.99,74.72,32.81,2.69,GOOD
S7632,Dev,97.64,71.45,98.88,85.39,4.16,EXCELLENT
S7633,Kavin,71.97,90.45,48.98,78.56,5.21,GOOD
S7634,Ravi,54.87,63.98,45.68,81.31,5.44,AVERAGE
S7635,Arjun,83.33,44.74,41.82,39.54,3.34,AVERAGE
S7636,Ananya,50.48,62.65,86.45,47.92,3.3,AVERAGE
S7637,Amrita,89.35,66.78,95.0,57.33,5.73,GOOD
S7638,Muthu,76.28,91.93,90.39,19.18,3.33,GOOD
S7639,Krishna,74.49,60.08,96.38,36.23,1.02,AVERAGE
S7640,Lakshmi,78.47,58.91,72.88,49.11,3.42,AVERAGE
S7641,Aadhya,75.82,93.28,85.78,67.04,4.02,GOOD
S7642,Anusha,66.19,55.06,60.2,44.95,4.72,AVERAGE
S7643,Rahul,64.08,78.55,85.99,15.46,1.4,AVERAGE
S7644,Muthu,70.76,59.6,85.18,42.51,3.88,AVERAGE
S7645,Hari,94.75,97.09,66.14,53.14,4.06,GOOD
S7646,Avinash,56.77,51.38,42.63,65.08,4.4,AVERAGE
S7647,Nithin,66.24,83.44,55.98,85.38,2.36,AVERAGE
S7648,Varun,59.62,73.0,93.11,23.25,4.83,AVERAGE
S7649,Yash,71.36,98.72,75.24,55.97,4.95,GOOD
S7650,Diya,56.67,99.64,64.31,41.74,1.69,AVERAGE
S7651,Rajesh,88.04,87.62,96.84,68.69,4.86,EXCELLENT
S7652,Varsha,55.17,46.21,61.99,87.43,4.08,AVERAGE
S7653,Pooja,83.26,68.14,59.68,47.71,3.18,AVERAGE
S7654,Ananya,63.39,91.27,86.23,84.42,4.9,GOOD
S7655,Rajesh,73.61,78.31,61.32,0.2,1.64,AVERAGE
S7656,Sahana,60.0,92.74,66.77,91.22,2.79,GOOD
S7657,Shreya,86.51,87.96,83.35,78.85,5.46,EXCELLENT
S7658,Vignesh,97.41,58.78,65.81,13.38,1.72,AVERAGE
S7659,Divya,61.09,51.7,59.34,67.53,5.64,AVERAGE
S7660,Akshara,97.66,59.35,40.92,51.42,4.15,AVERAGE
S7661,Vasanth,66.26,81.76,91.63,97.07,1.03,GOOD
S7662,Sameer,77.89,68.86,71.6,30.43,1.78,AVERAGE
S7663,Jatin,85.08,42.63,91.08,60.9,1.26,AVERAGE
S7664,Harini,59.96,84.55,77.07,52.29,4.86,GOOD
S7665,Aarohi,72.24,42.68,52.04,22.11,2.27,AT RISK
S7666,Aman,53.39,64.56,61.79,81.37,3.85,AVERAGE
S7667,Harish,84.85,67.74,65.04,74.3,5.25,GOOD
S7668,Riya,70.83,70.18,84.38,54.41,5.51,GOOD
S7669,Nandini,94.58,48.35,72.89,94.4,5.2,GOOD
S7670,Deepika,63.7,84.87,78.19,92.67,3.51,GOOD
S7671,Mohan,96.18,90.96,85.18,81.8,1.71,GOOD
S7672,Manish,57.05,81.87,56.43,15.24,2.74,AVERAGE
S7673,Srinivas,80.35,97.06,92.92,89.42,2.67,EXCELLENT
S7674,Vedant,65.39,55.45,67.2,30.58,5.95,AVERAGE
S7675,Sahana,59.09,49.64,79.67,57.01,5.03,AVERAGE
S7676,Nithin,54.7,44.04,53.09,97.47,2.61,AVERAGE
S7677,Kavya,82.78,83.29,54.0,23.1,3.06,AVERAGE
S7678,Shankar,61.66,49.73,84.1,19.98,2.36,AVERAGE
S7679,Srinivas,78.64,96.29,61.02,85.19,3.02,GOOD
S7680,Deepika,98.97,75.9,92.56,1.31,1.4,AVERAGE
S7681,Meera,65.8,88.25,79.88,17.42,5.18,GOOD
S7682,Kishore,51.75,66.08,79.93,32.73,3.66,AVERAGE
S7683,Pradeep,57.14,84.09,62.82,73.83,4.03,AVERAGE
S7684,Naveen,55.97,66.62,94.16,48.05,1.98,AVERAGE
S7685,Bhavya,73.16,72.33,96.68,39.33,3.26,GOOD
S7686,Dev,87.23,86.41,55.48,91.87,3.31,GOOD
S7687,Arjun,64.82,54.29,70.87,75.59,1.48,AVERAGE
S7688,Harini,57.29,93.07,94.42,63.28,1.15,GOOD
S7689,Shreya,82.04,82.98,46.08,34.0,4.09,AVERAGE
S7690,Riya,65.06,84.79,57.85,85.89,3.86,GOOD
S7691,Dharani,78.76,54.29,97.27,25.31,4.23,AVERAGE
S7692,Pradeep,96.69,45.41,69.1,94.59,5.48,GOOD
S7693,Muthu,64.57,44.37,97.09,26.05,5.99,AVERAGE
S7694,Ashwin,75.62,78.82,62.81,82.01,5.2,GOOD
S7695,Vijay,90.34,49.0,71.65,91.42,1.12,AVERAGE
S7696,Sahana,84.59,99.95,67.25,22.65,2.53,GOOD
S7697,Malar,87.57,97.66,67.43,22.94,4.89,GOOD
S7698,Lakshmi,88.63,41.75,95.06,7.86,5.51,AVERAGE
S7699,Nikhil,77.0,83.5,81.68,34.13,5.56,GOOD
S7700,Sanjana,76.8,55.65,96.74,50.03,4.36,GOOD
S7701,Abhinav,85.94,60.45,59.77,8.6,5.23,AVERAGE
S7702,Srinivas,84.88,54.42,99.63,14.63,1.8,AVERAGE
S7703,Arnav,83.5,89.83,82.46,42.22,2.96,GOOD
S7704,Sanjana,69.11,93.63,47.88,18.01,1.42,AVERAGE
S7705,Abhinav,91.43,42.42,64.78,77.35,2.45,AVERAGE
S7706,Aarohi,61.81,56.2,54.92,32.25,4.88,AVERAGE
S7707,Lakshmi,57.79,66.92,54.13,4.63,1.93,AT RISK
S7708,Diya,67.26,71.31,95.77,15.45,4.71,AVERAGE
S7709,Sanjay,62.69,45.26,97.6,30.72,4.84,AVERAGE
S7710,Kavya,83.16,89.8,40.85,14.58,5.4,AVERAGE
S7711,Mohan,61.55,96.04,48.28,21.56,5.84,AVERAGE
S7712,Vedant,82.82,64.17,56.67,20.66,4.74,AVERAGE
S7713,Vedant,75.66,91.43,90.86,41.87,4.38,GOOD
S7714,Varsha,57.62,80.58,76.67,52.41,4.92,AVERAGE
S7715,Sameer,62.92,75.5,73.93,62.26,1.95,AVERAGE
S7716,Vedant,76.09,89.14,75.9,90.94,4.69,GOOD
S7717,Dharani,86.66,68.38,97.04,68.81,5.55,GOOD
S7718,Deepak,69.91,72.86,56.55,19.86,3.27,AVERAGE
S7719,Charan,61.64,56.48,47.4,44.92,1.11,AVERAGE
S7720,Ravi,64.75,82.73,76.47,72.95,2.68,GOOD
S7721,Krishna,54.76,49.54,98.13,55.51,1.48,AVERAGE
S7722,Deepak,51.26,54.59,82.6,16.94,4.13,AVERAGE
S7723,Meera,98.66,68.8,93.53,78.75,5.17,GOOD
S7724,Jatin,54.82,63.12,93.77,19.66,1.46,AVERAGE
S7725,Vijay,56.24,54.37,53.16,34.43,3.14,AVERAGE
S7726,Ravi,93.55,51.51,81.14,73.37,4.36,GOOD
S7727,Vikram,83.18,91.65,91.73,96.94,5.54,EXCELLENT
S7728,Aryan,71.8,75.45,46.08,89.04,2.1,AVERAGE
S7729,Krishna,82.45,62.64,79.09,96.98,3.64,GOOD
S7730,Ganesh,96.75,90.75,56.32,39.67,1.09,GOOD
S7731,Manish,54.97,89.51,89.3,43.58,2.95,AVERAGE
S7732,Vijay,62.19,46.65,53.39,16.29,2.73,AT RISK
S7733,Harini,93.02,74.04,62.41,47.26,1.89,AVERAGE
S7734,Lakshmi,89.03,58.34,80.6,78.04,1.72,GOOD
S7735,Aishwarya,99.71,72.45,73.35,6.89,2.85,AVERAGE
S7736,Nikhil,65.7,83.08,47.2,31.9,1.31,AVERAGE
S7737,Ashwin,97.24,40.51,53.52,92.56,5.53,GOOD
S7738,Naveen,67.18,70.81,93.15,18.26,5.77,AVERAGE
S7739,Rakesh,85.75,57.5,99.33,29.71,5.32,GOOD
S7740,Aarav,94.14,72.04,81.64,93.51,1.02,GOOD
S7741,Sanjana,58.54,46.59,40.59,34.48,2.72,AT RISK
S7742,Srinivas,60.28,89.05,84.6,83.09,3.18,GOOD
S7743,Abhinav,79.05,72.62,78.57,28.71,2.65,AVERAGE
S7744,Ravi,92.19,52.66,64.71,25.7,5.0,AVERAGE
S7745,Ramya,53.95,86.18,53.68,18.71,4.38,AVERAGE
S7746,Aadhya,92.54,42.27,49.94,6.27,1.98,AVERAGE
S7747,Chetan,67.16,75.57,45.01,41.54,1.43,AVERAGE
S7748,Nandini,70.31,70.11,78.36,71.34,4.0,GOOD
S7749,Shreya,66.99,42.38,60.24,50.53,5.22,AVERAGE
S7750,Jeeva,95.57,54.98,71.08,40.73,4.17,AVERAGE
S7751,Priya,56.54,44.63,71.51,20.44,2.23,AT RISK
S7752,Zoya,78.71,83.94,76.44,68.35,3.79,GOOD
S7753,Aadhya,57.41,82.35,75.67,25.29,3.65,AVERAGE
S7754,Bharath,96.43,45.36,71.14,3.21,4.93,AVERAGE
S7755,Shivani,89.9,46.55,49.31,96.45,3.13,AVERAGE
S7756,Srinivas,61.69,92.82,41.62,94.25,4.61,GOOD
S7757,Riya,64.89,52.05,74.57,21.45,2.3,AVERAGE
S7758,Kavya,69.08,58.22,65.39,23.86,1.12,AVERAGE
S7759,Vidya,70.27,81.06,64.61,58.01,4.85,GOOD
S7760,Abhinav,90.87,43.64,65.8,42.74,5.93,AVERAGE
S7761,Karthik,78.23,96.86,46.81,88.78,5.93,GOOD
S7762,Ashwin,71.4,41.38,50.76,42.69,4.76,AVERAGE
S7763,Ravi,85.97,90.95,79.73,13.58,4.34,GOOD
S7764,Sameer,72.89,61.65,70.83,54.67,2.87,AVERAGE
S7765,Surya,56.41,49.0,76.58,11.33,5.62,AVERAGE
S7766,Charan,55.37,62.65,47.76,44.72,3.4,AVERAGE
S7767,Varun,66.3,98.37,88.85,57.73,4.64,GOOD
S7768,Sneha,80.14,71.74,62.36,94.53,3.83,GOOD
S7769,Diya,56.74,43.56,76.78,29.34,5.48,AVERAGE
S7770,Vedant,77.51,96.49,67.94,64.94,4.45,GOOD
S7771,Ganesh,63.48,48.61,68.1,0.02,2.53,AT RISK
S7772,Yogesh,84.77,43.28,86.71,87.14,5.58,GOOD
S7773,Tanvi,51.41,42.73,46.62,31.71,1.88,AT RISK
S7774,Varsha,73.45,89.58,44.49,24.08,2.06,AVERAGE
S7775,Vasanth,52.61,49.18,46.06,10.25,2.8,AT RISK
S7776,Srinivas,66.53,50.74,99.72,78.52,2.84,AVERAGE
S7777,Rahul,50.78,96.65,95.63,5.66,5.12,GOOD
S7778,Avinash,73.45,76.7,82.03,61.79,3.19,GOOD
S7779,Isha,88.35,57.13,66.85,31.55,5.37,AVERAGE
S7780,Reshma,55.01,75.19,45.1,71.11,2.66,AVERAGE
S7781,Ashwin,86.76,54.59,89.25,96.58,2.93,GOOD
S7782,Nikhil,79.21,69.66,51.37,27.49,4.81,AVERAGE
S7783,Harini,75.23,60.08,56.37,61.97,2.24,AVERAGE
S7784,Harish,79.97,77.36,90.45,37.05,1.62,AVERAGE
S7785,Anusha,66.79,85.53,55.44,50.94,1.69,AVERAGE
S7786,Aishwarya,85.52,60.91,90.67,8.33,2.16,AVERAGE
S7787,Aarohi,88.98,48.63,87.16,20.44,4.0,AVERAGE
S7788,Harish,88.91,61.34,90.24,79.42,1.2,GOOD
S7789,Kishore,63.47,85.49,80.46,34.49,4.32,AVERAGE
S7790,Ravi,82.7,87.22,61.13,0.1,4.83,AVERAGE
S7791,Surya,57.4,87.13,79.19,32.09,4.74,AVERAGE
S7792,Ramya,74.77,98.47,89.75,66.97,4.16,GOOD
S7793,Aman,50.13,89.49,84.97,97.16,3.2,GOOD
S7794,Jeeva,59.68,98.11,91.72,85.41,5.91,EXCELLENT
S7795,Arnav,81.59,77.61,99.01,75.69,1.45,GOOD
S7796,Aman,93.72,53.76,81.41,92.93,4.79,GOOD
S7797,Harini,52.45,76.49,95.69,65.94,2.91,AVERAGE
S7798,Sakshi,77.93,51.87,56.31,51.92,5.13,AVERAGE
S7799,Aishwarya,81.84,45.12,98.41,53.96,4.15,AVERAGE
S7800,Ramya,96.62,58.08,94.62,94.42,1.69,GOOD
S7801,Akshara,82.76,61.77,42.47,0.21,5.2,AVERAGE
S7802,Srinivas,55.15,82.53,75.43,51.57,1.38,AVERAGE
S7803,Preethi,57.34,61.78,70.18,76.91,5.05,AVERAGE
S7804,Rakesh,81.79,40.19,88.94,3.81,3.84,AVERAGE
S7805,Srinivas,60.78,95.02,47.58,82.32,1.75,AVERAGE
S7806,Sanjay,96.42,75.36,71.66,84.4,3.97,GOOD
S7807,Shankar,96.03,52.65,70.08,52.36,3.77,AVERAGE
S7808,Aditya,97.43,55.14,63.73,82.88,2.58,GOOD
S7809,Reshma,64.65,47.45,99.53,14.26,5.06,AVERAGE
S7810,Pavithra,85.85,94.39,72.37,94.31,1.63,GOOD
S7811,Pavithra,83.15,53.81,64.79,4.88,1.7,AVERAGE
S7812,Pranav,51.78,96.44,91.38,3.73,2.21,AVERAGE
S7813,Sneha,63.28,55.86,48.34,52.4,5.33,AVERAGE
S7814,Nandini,60.34,87.96,57.25,73.52,1.83,AVERAGE
S7815,Ishaan,68.54,40.63,56.73,70.01,5.03,AVERAGE
S7816,Reshma,97.65,69.0,96.02,55.02,4.87,GOOD
S7817,Shreya,92.28,62.15,92.82,78.36,4.05,GOOD
S7818,Jeeva,64.67,60.08,76.4,60.77,3.35,AVERAGE
S7819,Arjun,76.5,99.53,59.18,85.02,2.78,GOOD
S7820,Monisha,59.61,83.25,68.09,11.58,2.08,AVERAGE
S7821,Bharath,63.87,55.35,74.27,98.14,4.48,AVERAGE
S7822,Gayathri,53.25,85.15,72.41,88.07,3.31,GOOD
S7823,Ashwin,82.13,47.77,55.36,89.53,2.37,AVERAGE
S7824,Tanvi,82.85,95.56,47.83,36.36,2.62,AVERAGE
S7825,Sneha,91.93,65.58,94.46,94.69,1.7,GOOD
S7826,Swathi,93.58,51.44,78.45,14.15,1.22,AVERAGE
S7827,Akash,58.0,56.37,48.71,7.79,3.19,AT RISK
S7828,Sakshi,87.15,49.31,99.39,39.87,5.88,GOOD
S7829,Kavya,56.74,95.83,64.68,93.31,5.72,GOOD
S7830,Zoya,68.69,58.35,83.98,96.79,1.68,AVERAGE
S7831,Gaurav,75.78,48.57,50.6,49.35,3.76,AVERAGE
S7832,Rahul,52.47,88.77,95.97,75.19,2.74,GOOD
S7833,Anjali,57.84,52.8,44.75,53.82,4.25,AVERAGE
S7834,Akshara,63.56,45.65,97.35,11.35,1.14,AVERAGE
S7835,Monisha,56.38,80.1,83.63,65.31,3.72,GOOD
S7836,Janani,96.7,40.44,53.63,14.69,3.31,AVERAGE
S7837,Akash,64.42,89.95,50.85,65.62,3.81,AVERAGE
S7838,Akshara,75.06,73.76,90.23,24.04,1.76,AVERAGE
S7839,Ramya,99.83,54.81,42.4,26.33,4.09,AVERAGE
S7840,Karthik,78.33,68.42,46.86,67.49,2.48,AVERAGE
S7841,Ravi,70.57,55.74,80.37,46.49,3.54,AVERAGE
S7842,Sanjay,96.49,71.97,44.64,83.02,5.34,GOOD
S7843,Meera,61.12,74.3,72.47,68.03,1.47,AVERAGE
S7844,Jatin,58.98,86.3,74.44,29.5,2.99,AVERAGE
S7845,Bharath,76.77,67.97,41.07,77.71,3.74,AVERAGE
S7846,Arjun,71.37,87.2,62.63,6.47,3.06,AVERAGE
S7847,Pooja,89.85,44.15,41.71,73.48,3.4,AVERAGE
S7848,Meera,52.1,95.28,98.01,38.54,4.6,GOOD
S7849,Bhavya,80.89,51.13,52.92,30.21,4.35,AVERAGE
S7850,Mohan,85.53,90.19,81.38,52.27,3.39,GOOD
S7851,Srinivas,98.6,69.68,80.43,90.71,2.29,GOOD
S7852,Dharani,57.29,46.28,86.33,25.67,2.29,AVERAGE
S7853,Amrita,62.31,61.59,60.12,99.94,4.82,AVERAGE
S7854,Reshma,96.62,95.1,51.06,58.89,3.25,GOOD
S7855,Reshma,81.53,90.08,71.83,25.21,2.65,AVERAGE
S7856,Harini,51.9,83.34,81.66,69.11,4.43,GOOD
S7857,Surya,53.87,62.79,85.32,73.54,3.51,AVERAGE
S7858,Priya,89.27,75.33,42.93,53.15,3.21,AVERAGE
S7859,Pradeep,78.37,53.93,85.16,13.06,1.69,AVERAGE
S7860,Jeeva,78.27,78.87,46.75,81.51,5.5,GOOD
S7861,Vedant,93.99,55.66,71.48,81.02,5.15,GOOD
S7862,Deepak,62.05,89.74,73.32,76.52,5.19,GOOD
S7863,Varun,58.02,82.27,47.62,75.57,1.94,AVERAGE
S7864,Shankar,80.69,63.17,97.84,38.13,3.52,GOOD
S7865,Darshan,94.12,79.57,78.28,49.27,5.74,GOOD
S7866,Rakesh,63.26,59.51,53.43,66.15,5.64,AVERAGE
S7867,Harish,84.06,49.34,43.05,16.57,1.19,AT RISK
S7868,Kishore,57.62,54.11,86.5,60.42,1.03,AVERAGE
S7869,Aman,58.6,56.3,90.48,11.02,3.56,AVERAGE
S7870,Bhavya,95.08,53.6,45.44,84.78,2.06,AVERAGE
S7871,Vedant,55.9,80.7,55.45,11.98,2.05,AVERAGE
S7872,Gayathri,51.22,84.38,78.54,77.24,3.32,GOOD
S7873,Lakshmi,88.75,67.43,65.14,22.2,1.24,AVERAGE
S7874,Rakesh,68.13,99.27,60.55,92.84,4.35,GOOD
S7875,Lakshmi,69.83,93.46,65.47,65.8,2.75,GOOD
S7876,Rakesh,89.99,45.22,70.32,43.11,1.36,AVERAGE
S7877,Aarav,59.0,67.63,51.08,4.36,5.25,AVERAGE
S7878,Vikram,82.52,94.51,63.28,60.72,3.62,GOOD
S7879,Vikram,65.68,53.22,44.19,37.8,5.58,AVERAGE
S7880,Krishna,55.21,62.7,40.36,79.83,1.02,AVERAGE
S7881,Isha,84.37,96.82,98.51,79.27,3.92,EXCELLENT
S7882,Mahesh,65.93,86.56,43.29,68.7,3.35,AVERAGE
S7883,Deepika,93.33,89.94,42.61,26.78,5.69,GOOD
S7884,Aditya,95.95,92.77,93.4,17.3,1.88,GOOD
S7885,Aditya,92.45,50.27,98.56,49.71,3.73,GOOD
S7886,Sahana,66.12,81.96,90.67,45.24,1.86,AVERAGE
S7887,Nandini,61.83,88.17,48.37,67.29,5.3,GOOD
S7888,Arjun,94.64,53.59,78.37,53.28,2.67,AVERAGE
S7889,Reshma,72.65,42.6,81.82,49.49,3.25,AVERAGE
S7890,Avinash,85.39,50.7,86.3,48.08,4.44,AVERAGE
S7891,Manish,91.36,84.48,46.77,50.42,2.35,AVERAGE
S7892,Aarohi,63.88,81.66,63.45,87.22,1.6,AVERAGE
S7893,Dharani,55.95,93.5,56.57,17.09,3.23,AVERAGE
S7894,Harini,81.24,59.02,79.27,1.88,2.84,AVERAGE
S7895,Madhavan,79.51,77.3,60.62,22.19,2.77,AVERAGE
S7896,Isha,63.51,41.61,70.53,31.03,1.04,AT RISK
S7897,Lakshmi,79.24,96.11,77.59,61.24,4.9,GOOD
S7898,Varsha,89.52,73.27,91.95,84.26,4.7,GOOD
S7899,Pradeep,67.5,84.9,95.26,71.31,4.52,GOOD
S7900,Abhinav,62.12,57.03,81.61,99.83,3.06,AVERAGE
S7901,Harini,86.25,44.92,49.38,0.07,3.48,AVERAGE
S7902,Pavithra,89.29,43.77,93.34,19.01,4.32,AVERAGE
S7903,Varun,97.71,88.88,52.27,8.71,5.78,GOOD
S7904,Anirudh,57.38,49.12,43.19,66.36,2.41,AVERAGE
S7905,Aarav,94.46,89.44,66.24,42.7,4.74,GOOD
S7906,Abhinav,88.25,55.92,81.08,31.13,4.07,AVERAGE
S7907,Abhinav,85.09,72.48,48.96,31.27,4.17,AVERAGE
S7908,Bhavya,65.65,55.71,57.96,89.3,1.47,AVERAGE
S7909,Gayathri,51.11,43.01,44.8,7.55,4.82,AT RISK
S7910,Anirudh,75.38,72.54,77.09,31.34,3.05,AVERAGE
S7911,Monisha,64.29,62.03,82.49,49.99,2.65,AVERAGE
S7912,Kavya,64.49,66.11,71.18,41.16,3.16,AVERAGE
S7913,Varsha,96.36,76.09,66.67,68.75,5.36,GOOD
S7914,Dev,57.65,58.82,90.86,60.75,4.27,AVERAGE
S7915,Shankar,96.71,73.83,65.15,80.05,1.05,GOOD
S7916,Abhinav,75.19,79.47,66.51,84.42,2.17,GOOD
S7917,Aarohi,91.91,45.37,74.64,39.99,4.47,AVERAGE
S7918,Aman,64.18,61.01,82.23,86.61,5.38,GOOD
S7919,Muthu,81.7,45.4,86.62,63.22,3.69,AVERAGE
S7920,Ishaan,77.83,40.42,42.45,86.04,3.96,AVERAGE
S7921,Riya,96.21,43.07,91.07,46.54,2.41,AVERAGE
S7922,Sakshi,58.96,75.53,67.08,2.56,1.7,AVERAGE
S7923,Monisha,60.23,45.06,94.35,65.8,3.19,AVERAGE
S7924,Meera,97.45,92.11,72.18,96.6,3.69,EXCELLENT
S7925,Aarav,54.9,85.57,68.55,93.03,3.82,GOOD
S7926,Neha,81.73,40.53,51.72,15.2,1.95,AT RISK
S7927,Karthik,53.03,74.39,68.18,48.96,1.39,AVERAGE
S7928,Kavin,53.85,40.62,69.58,87.28,2.68,AVERAGE
S7929,Madhavan,79.86,46.55,93.67,41.65,5.01,AVERAGE
S7930,Ananya,77.57,99.29,93.23,51.82,2.36,GOOD
S7931,Muthu,78.65,67.42,69.18,99.76,4.42,GOOD
S7932,Aman,73.68,41.63,92.05,48.26,2.3,AVERAGE
S7933,Zoya,87.12,91.02,91.26,19.0,2.17,GOOD
S7934,Neha,99.61,95.04,96.9,3.87,2.06,GOOD
S7935,Keerthi,63.79,72.9,61.7,46.14,3.14,AVERAGE
S7936,Sameer,66.17,82.36,52.73,51.46,2.34,AVERAGE
S7937,Krishna,66.15,86.81,96.64,91.99,2.81,GOOD
S7938,Muthu,88.16,84.08,75.09,79.2,3.88,GOOD
S7939,Yogesh,67.4,69.67,68.0,6.29,5.16,AVERAGE
S7940,Pavithra,83.84,89.96,64.69,81.68,4.83,GOOD
S7941,Rahul,72.29,71.64,45.09,6.95,3.19,AVERAGE
S7942,Shreya,80.39,55.57,52.25,1.4,2.51,AVERAGE
S7943,Rakesh,91.45,40.24,57.49,54.7,4.28,AVERAGE
S7944,Muthu,75.7,61.52,73.08,52.98,3.17,AVERAGE
S7945,Varun,73.76,44.96,71.0,31.64,4.79,AVERAGE
S7946,Rohan,63.35,43.8,72.57,46.06,5.3,AVERAGE
S7947,Pooja,75.8,68.15,44.59,92.04,2.43,AVERAGE
S7948,Naveen,63.12,96.62,40.59,67.64,2.92,AVERAGE
S7949,Varun,92.18,46.33,67.79,34.24,1.14,AVERAGE
S7950,Ganesh,69.44,56.42,51.61,93.4,3.15,AVERAGE
S7951,Rahul,56.46,89.8,93.5,16.3,3.19,AVERAGE
S7952,Nithin,62.0,64.11,65.85,17.52,5.58,AVERAGE
S7953,Pradeep,76.73,85.53,61.12,23.3,3.03,AVERAGE
S7954,Priya,95.81,72.54,72.64,23.25,3.13,AVERAGE
S7955,Shankar,65.03,76.24,77.72,7.1,2.65,AVERAGE
S7956,Deepak,63.22,49.67,44.92,30.97,1.52,AT RISK
S7957,Varsha,70.33,61.14,84.48,54.87,4.02,AVERAGE
S7958,Kavya,98.39,77.31,48.25,22.28,2.06,AVERAGE
S7959,Vedant,92.26,41.61,63.2,10.68,3.6,AVERAGE
S7960,Karthik,57.48,51.3,61.41,65.05,4.84,AVERAGE
S7961,Rakesh,80.69,63.19,74.15,42.0,4.67,AVERAGE
S7962,Meera,89.59,80.48,81.37,65.33,1.55,GOOD
S7963,Hari,88.4,70.58,88.05,24.8,3.1,AVERAGE
S7964,Amrita,74.44,83.12,71.63,75.61,5.0,GOOD
S7965,Preethi,86.59,83.61,49.32,97.28,1.03,GOOD
S7966,Shankar,79.18,41.86,81.76,26.12,1.74,AVERAGE
S7967,Vedant,60.07,94.1,68.73,63.94,3.09,GOOD
S7968,Tanvi,52.8,89.45,75.34,76.51,3.53,GOOD
S7969,Harini,68.47,56.26,66.62,54.33,3.61,AVERAGE
S7970,Dev,53.1,69.07,64.98,29.11,5.46,AVERAGE
S7971,Kishore,69.75,58.49,82.08,21.44,4.75,AVERAGE
S7972,Dhanush,91.44,94.4,71.45,64.66,5.76,GOOD
S7973,Dharani,92.21,62.97,92.07,47.99,5.83,GOOD
S7974,Keerthi,51.7,63.76,84.61,83.73,1.25,AVERAGE
S7975,Kishore,53.48,94.71,68.58,8.94,1.5,AVERAGE
S7976,Muthu,83.49,76.04,52.85,3.27,5.03,AVERAGE
S7977,Diya,75.0,48.27,41.05,37.09,5.67,AVERAGE
S7978,Zoya,57.47,77.56,52.32,47.44,4.41,AVERAGE
S7979,Sanjay,90.28,87.67,56.88,63.96,1.05,GOOD
S7980,Kavya,60.82,60.27,47.09,11.4,1.48,AT RISK
S7981,Vijay,53.91,71.62,80.15,58.73,5.83,AVERAGE
S7982,Gayathri,87.48,77.61,59.56,81.3,1.45,GOOD
S7983,Aarav,80.41,70.63,41.81,90.95,5.5,GOOD
S7984,Vidya,69.72,99.95,66.21,89.98,2.87,GOOD
S7985,Ramya,84.64,70.41,87.06,51.85,5.65,GOOD
S7986,Srinivas,95.57,78.6,60.38,89.92,1.99,GOOD
S7987,Zoya,51.71,87.62,94.14,53.76,5.86,GOOD
S7988,Nandini,81.38,48.19,91.17,7.34,3.6,AVERAGE
S7989,Aryan,60.91,42.63,93.36,97.37,4.84,AVERAGE
S7990,Vignesh,73.71,98.38,80.07,0.26,2.05,AVERAGE
S7991,Pavithra,71.2,83.94,88.4,28.58,1.67,AVERAGE
S7992,Gaurav,69.5,63.6,63.34,4.64,2.17,AVERAGE
S7993,Janani,59.52,41.06,81.59,54.37,4.74,AVERAGE
S7994,Kishore,90.13,49.98,53.43,56.74,1.0,AVERAGE
S7995,Madhavan,68.98,40.58,52.28,63.79,4.45,AVERAGE
S7996,Meera,94.36,63.79,96.62,14.04,1.51,AVERAGE
S7997,Nikhil,67.73,73.29,72.93,1.74,4.31,AVERAGE
S7998,Pranav,91.99,49.63,44.3,26.57,2.51,AVERAGE
S7999,Ramya,77.22,78.39,51.84,5.15,5.5,AVERAGE
S8000,Shankar,69.28,97.25,67.68,3.53,2.57,AVERAGE
S8001,Pranav,85.2,99.43,90.75,26.39,5.55,GOOD
S8002,Yogesh,89.33,89.99,93.76,99.88,3.84,EXCELLENT
S8003,Vignesh,74.13,66.63,46.81,80.34,2.09,AVERAGE
S8004,Neha,71.27,72.84,43.72,36.18,5.26,AVERAGE
S8005,Aarav,78.87,70.2,47.3,37.61,2.5,AVERAGE
S8006,Zoya,79.26,49.34,80.28,92.98,4.06,GOOD
S8007,Aishwarya,71.27,91.26,71.97,66.2,3.72,GOOD
S8008,Yogesh,87.88,80.55,84.27,83.7,4.93,GOOD
S8009,Janani,69.99,78.28,75.6,86.45,2.28,GOOD
S8010,Aarohi,72.65,53.22,45.75,16.93,1.63,AT RISK
S8011,Vedant,80.27,49.19,55.46,1.61,5.56,AVERAGE
S8012,Kishore,99.34,92.38,59.89,26.83,2.56,GOOD
S8013,Sanjay,63.03,50.76,82.46,59.44,4.11,AVERAGE
S8014,Priya,61.6,44.42,75.81,90.85,5.35,AVERAGE
S8015,Nithin,58.84,77.54,96.81,30.86,1.4,AVERAGE
S8016,Zoya,84.47,82.26,48.73,85.01,2.46,GOOD
S8017,Ganesh,72.45,47.18,96.32,66.22,1.42,AVERAGE
S8018,Rohan,69.43,52.41,53.21,65.45,5.61,AVERAGE
S8019,Jatin,60.2,87.33,60.61,71.63,5.7,GOOD
S8020,Sneha,94.56,95.78,42.07,51.15,5.53,GOOD
S8021,Vidya,72.16,68.59,57.79,67.36,2.82,AVERAGE
S8022,Yash,80.38,87.52,51.98,79.33,3.4,GOOD
S8023,Hari,55.63,59.16,53.04,58.94,5.57,AVERAGE
S8024,Aryan,55.4,82.19,74.33,3.92,5.43,AVERAGE
S8025,Darshan,53.37,73.43,86.85,51.06,1.06,AVERAGE
S8026,Harish,68.37,90.59,84.7,59.7,1.9,GOOD
S8027,Anusha,73.64,86.55,89.75,87.54,3.04,GOOD
S8028,Rakesh,62.23,57.05,83.88,0.52,4.75,AVERAGE
S8029,Shivani,67.48,48.97,98.59,4.86,2.92,AVERAGE
S8030,Sanjana,50.31,88.46,41.11,36.79,2.03,AVERAGE
S8031,Madhavan,67.55,41.97,99.27,80.3,5.14,AVERAGE
S8032,Shivani,55.96,80.74,64.59,48.43,2.7,AVERAGE
S8033,Yash,56.42,68.55,68.67,30.53,1.57,AVERAGE
S8034,Rajesh,50.23,44.52,74.64,69.33,4.17,AVERAGE
S8035,Deepak,84.82,81.31,40.51,50.44,5.32,GOOD
S8036,Aman,96.56,68.97,50.9,57.37,3.88,GOOD
S8037,Tanvi,81.08,91.61,66.76,42.83,5.98,GOOD
S8038,Nithin,54.81,52.52,86.17,72.51,5.37,AVERAGE
S8039,Mahesh,99.48,40.14,92.21,1.56,2.22,AVERAGE
S8040,Srinivas,98.78,47.83,48.86,0.17,2.65,AVERAGE
S8041,Srinivas,73.41,56.18,55.78,68.28,1.98,AVERAGE
S8042,Yash,55.39,79.13,76.44,2.67,3.79,AVERAGE
S8043,Ravi,86.04,61.76,61.66,33.72,4.26,AVERAGE
S8044,Rajesh,98.07,47.09,57.87,36.63,4.75,AVERAGE
S8045,Arjun,88.93,98.89,63.0,61.38,3.65,GOOD
S8046,Vikram,81.21,46.49,82.1,77.24,1.61,AVERAGE
S8047,Neha,80.54,61.31,51.92,82.18,2.25,AVERAGE
S8048,Muthu,98.9,92.6,43.71,28.02,3.34,GOOD
S8049,Shreya,53.66,79.16,40.21,16.23,2.35,AVERAGE
S8050,Gayathri,57.48,59.19,71.6,98.08,1.25,AVERAGE
S8051,Rahul,91.54,98.22,55.0,4.37,5.45,GOOD
S8052,Dharani,57.26,70.07,73.7,81.38,3.61,AVERAGE
S8053,Arjun,69.16,40.49,92.86,2.01,3.98,AVERAGE
S8054,Varsha,64.07,40.37,57.62,48.51,1.51,AT RISK
S8055,Bhavya,62.17,96.46,51.01,64.15,5.55,GOOD
S8056,Naveen,51.29,56.87,40.09,47.77,5.31,AVERAGE
S8057,Preethi,78.31,88.72,98.88,56.47,2.95,GOOD
S8058,Yogesh,70.06,42.61,71.01,2.54,1.99,AT RISK
S8059,Sameer,77.58,48.82,88.13,15.42,4.97,AVERAGE
S8060,Sameer,65.23,91.41,91.49,55.33,3.87,GOOD
S8061,Aditya,97.07,99.65,99.71,82.77,5.16,EXCELLENT
S8062,Anusha,79.57,43.12,91.58,54.84,3.41,AVERAGE
S8063,Aadhya,98.06,50.06,57.64,49.95,5.46,AVERAGE
S8064,Aarohi,67.5,83.37,73.86,98.82,4.58,GOOD
S8065,Sakshi,50.11,71.77,97.76,38.98,2.76,AVERAGE
S8066,Aarav,89.06,64.36,78.0,38.55,4.77,GOOD
S8067,Chetan,91.37,51.67,86.14,7.4,2.61,AVERAGE
S8068,Anjali,52.94,96.73,94.4,78.32,3.15,GOOD
S8069,Hari,81.27,50.34,76.82,6.77,3.0,AVERAGE
S8070,Kavya,83.05,55.91,81.55,13.62,3.09,AVERAGE
S8071,Muthu,57.29,59.46,75.3,5.68,4.63,AVERAGE
S8072,Yash,77.63,48.31,60.32,19.24,2.23,AVERAGE
S8073,Divya,62.16,72.17,54.93,43.89,2.62,AVERAGE
S8074,Janani,50.82,60.48,78.01,4.2,3.56,AVERAGE
S8075,Vikram,93.35,76.47,98.87,41.14,2.38,GOOD
S8076,Pavithra,74.58,62.07,94.97,48.11,1.66,AVERAGE
S8077,Bhavya,89.08,46.99,52.59,11.08,4.52,AVERAGE
S8078,Gaurav,86.14,92.36,90.57,5.51,3.99,GOOD
S8079,Keerthi,99.69,70.58,41.27,31.44,5.73,AVERAGE
S8080,Meera,71.9,59.31,75.37,65.05,4.71,AVERAGE
S8081,Sahana,71.38,40.98,95.82,60.71,3.86,AVERAGE
S8082,Kavin,64.09,75.87,97.56,12.66,2.33,AVERAGE
S8083,Tanvi,81.26,86.95,76.18,9.19,2.0,AVERAGE
S8084,Tanvi,74.31,79.0,77.85,18.69,3.62,AVERAGE
S8085,Sahana,86.44,87.26,63.39,87.44,3.3,GOOD
S8086,Rakesh,67.83,49.3,83.42,93.17,3.03,AVERAGE
S8087,Divya,56.54,98.3,54.74,52.16,3.21,AVERAGE
S8088,Ashwin,93.12,52.68,42.03,90.23,2.06,AVERAGE
S8089,Manish,91.4,56.01,90.12,13.14,3.1,AVERAGE
S8090,Bharath,67.55,70.74,43.62,65.72,1.2,AVERAGE
S8091,Sakshi,84.52,40.31,79.88,64.88,3.8,AVERAGE
S8092,Priya,74.62,66.55,66.22,44.93,3.78,AVERAGE
S8093,Sameer,88.05,51.74,42.6,73.78,4.33,AVERAGE
S8094,Anusha,69.51,84.94,49.59,47.5,4.57,AVERAGE
S8095,Gayathri,76.78,85.47,46.04,85.65,4.37,GOOD
S8096,Chetan,52.89,76.94,52.86,13.59,5.02,AVERAGE
S8097,Arnav,58.75,65.3,78.12,1.73,1.67,AVERAGE
S8098,Harish,89.09,58.61,74.24,37.81,5.43,AVERAGE
S8099,Ramya,69.08,89.65,65.98,12.86,2.94,AVERAGE
S8100,Riya,51.76,70.43,90.58,17.91,4.33,AVERAGE
S8101,Ravi,58.38,69.79,85.18,4.78,1.6,AVERAGE
S8102,Aishwarya,70.58,46.81,80.96,43.06,2.12,AVERAGE
S8103,Varun,85.9,53.1,75.93,73.72,5.65,GOOD
S8104,Karthik,68.17,61.63,81.77,55.67,1.69,AVERAGE
S8105,Meera,87.26,81.93,53.6,35.67,3.33,AVERAGE
S8106,Avinash,92.9,90.72,55.59,1.17,1.47,AVERAGE
S8107,Sneha,67.06,99.57,57.89,50.91,1.47,AVERAGE
S8108,Karthik,90.02,65.65,84.46,32.77,5.97,GOOD
S8109,Kavya,56.34,67.19,65.94,23.89,4.19,AVERAGE
S8110,Abhinav,70.76,85.96,97.57,45.15,4.18,GOOD
S8111,Muthu,54.88,59.27,42.41,17.01,2.35,AT RISK
S8112,Varsha,52.63,72.43,62.99,32.16,1.76,AVERAGE
S8113,Sanjay,53.23,80.62,49.28,92.62,4.07,AVERAGE
S8114,Swathi,55.24,54.17,88.98,61.09,2.25,AVERAGE
S8115,Surya,91.79,56.78,68.78,98.98,2.36,GOOD
S8116,Sneha,77.18,61.37,77.2,62.79,3.1,AVERAGE
S8117,Anjali,97.37,74.66,75.88,9.7,2.13,AVERAGE
S8118,Priya,76.9,56.22,44.74,66.58,5.7,AVERAGE
S8119,Sneha,81.44,52.49,87.02,86.59,3.89,GOOD
S8120,Srinivas,59.22,48.97,89.32,91.27,1.34,AVERAGE
S8121,Janani,77.03,88.56,76.45,55.45,3.41,GOOD
S8122,Yash,69.27,93.16,56.86,12.01,3.81,AVERAGE
S8123,Shreya,96.57,94.28,83.45,64.31,2.79,GOOD
S8124,Aman,96.7,89.3,82.04,14.3,5.37,GOOD
S8125,Shankar,59.92,48.24,94.75,5.6,3.6,AVERAGE
S8126,Sahana,81.01,45.87,47.04,21.17,2.19,AVERAGE
S8127,Deepika,81.91,69.95,94.59,9.7,3.71,AVERAGE
S8128,Kavya,78.13,71.29,93.22,44.54,4.61,GOOD
S8129,Anusha,56.22,83.97,57.85,94.39,2.54,AVERAGE
S8130,Lakshmi,82.7,53.37,82.97,66.04,5.36,GOOD
S8131,Pavithra,89.95,95.86,55.82,69.45,1.28,GOOD
S8132,Monisha,67.26,58.6,54.11,80.36,2.49,AVERAGE
S8133,Ravi,75.73,74.67,78.49,23.92,5.64,GOOD
S8134,Aadhya,55.82,91.85,43.0,57.24,2.34,AVERAGE
S8135,Sameer,96.53,71.41,45.79,71.29,1.38,AVERAGE
S8136,Vedant,55.48,85.21,79.61,30.41,1.23,AVERAGE
S8137,Preethi,60.42,84.94,97.11,38.76,4.77,GOOD
S8138,Divya,64.92,87.4,42.04,70.13,2.68,AVERAGE
S8139,Keerthi,91.29,88.66,41.38,80.85,4.82,GOOD
S8140,Deepak,85.03,63.55,44.49,36.16,4.26,AVERAGE
S8141,Mahesh,50.35,61.81,40.1,62.57,4.75,AVERAGE
S8142,Gayathri,59.18,88.21,95.7,66.43,5.59,GOOD
S8143,Avinash,87.51,74.78,68.44,92.89,5.07,GOOD
S8144,Gaurav,70.19,76.46,81.53,78.75,1.76,GOOD
S8145,Keerthi,51.31,64.72,64.98,19.45,5.54,AVERAGE
S8146,Sahana,98.2,52.1,99.83,62.56,2.68,GOOD
S8147,Rakesh,57.56,67.42,68.8,95.77,5.02,GOOD
S8148,Karthik,75.52,98.18,96.36,37.83,3.61,GOOD
S8149,Lakshmi,62.42,57.45,78.98,76.53,1.88,AVERAGE
S8150,Vikram,86.87,56.32,96.86,53.92,4.45,GOOD
S8151,Neha,88.84,47.85,69.71,43.78,4.34,AVERAGE
S8152,Avinash,69.86,68.87,92.73,57.03,5.54,GOOD
S8153,Pradeep,82.92,57.31,60.03,42.51,3.05,AVERAGE
S8154,Priya,95.45,81.23,79.67,31.8,4.67,GOOD
S8155,Ishaan,90.74,48.11,77.03,76.11,3.59,AVERAGE
S8156,Jeeva,70.74,54.84,69.21,53.27,3.75,AVERAGE
S8157,Kishore,72.07,43.71,70.09,93.49,2.72,AVERAGE
S8158,Bhavya,94.34,42.49,50.21,0.87,2.81,AVERAGE
S8159,Aman,51.72,88.85,94.36,76.94,5.01,GOOD
S8160,Aditya,51.14,94.35,67.25,15.73,4.17,AVERAGE
S8161,Mahesh,60.29,85.83,49.09,76.12,4.43,AVERAGE
S8162,Anjali,91.38,91.91,82.26,87.02,5.66,EXCELLENT
S8163,Muthu,57.66,45.2,83.63,78.41,4.45,AVERAGE
S8164,Anjali,64.26,93.89,42.71,59.38,4.67,AVERAGE
S8165,Pooja,81.45,67.96,59.97,12.27,4.86,AVERAGE
S8166,Vijay,59.21,86.12,75.06,96.04,3.15,GOOD
S8167,Jeeva,65.16,76.95,89.29,32.63,3.3,AVERAGE
S8168,Nikhil,73.35,60.99,58.64,2.82,5.89,AVERAGE
S8169,Shivani,61.41,55.89,57.98,0.19,3.8,AVERAGE
S8170,Sanjana,99.62,47.09,84.19,73.86,2.88,GOOD
S8171,Nithin,58.17,64.76,53.15,83.3,1.29,AVERAGE
S8172,Gayathri,92.5,69.65,93.76,80.3,2.08,GOOD
S8173,Nikhil,73.5,98.99,87.42,55.9,4.89,GOOD
S8174,Arnav,56.46,42.24,93.58,63.19,5.63,AVERAGE
S8175,Sameer,55.92,75.41,61.22,90.68,4.92,GOOD
S8176,Kishore,75.01,71.5,49.94,66.36,4.98,AVERAGE
S8177,Malar,67.68,41.37,75.1,35.12,5.38,AVERAGE
S8178,Neha,61.73,59.78,51.4,95.04,3.22,AVERAGE
S8179,Kavya,97.95,65.38,55.97,96.56,1.7,GOOD
S8180,Rakesh,73.17,69.66,64.03,62.79,4.1,AVERAGE
S8181,Nithin,96.44,54.01,67.76,56.61,5.55,GOOD
S8182,Akshara,58.2,42.05,59.34,93.69,3.23,AVERAGE
S8183,Lakshmi,59.17,57.63,57.08,77.81,5.08,AVERAGE
S8184,Divya,79.8,90.18,54.8,11.87,5.38,AVERAGE
S8185,Nithin,63.49,88.47,81.41,95.82,1.4,GOOD
S8186,Rohan,59.25,50.85,58.35,72.44,3.14,AVERAGE
S8187,Amrita,54.73,78.78,81.66,73.9,3.27,GOOD
S8188,Isha,53.81,95.42,84.57,40.09,3.16,GOOD
S8189,Aditya,87.66,50.33,82.85,0.84,2.32,AVERAGE
S8190,Sakshi,64.11,47.72,94.87,27.17,3.44,AVERAGE
S8191,Gayathri,98.92,41.33,97.27,33.11,4.62,AVERAGE
S8192,Vedant,59.16,50.34,48.81,45.59,4.4,AVERAGE
S8193,Ravi,67.72,88.84,59.24,70.13,5.65,GOOD
S8194,Kishore,68.75,88.84,87.26,45.06,4.68,GOOD
S8195,Sahana,75.01,72.43,86.91,37.21,4.77,GOOD
S8196,Krishna,93.53,60.01,44.26,24.81,2.45,AVERAGE
S8197,Vidya,91.74,88.41,97.72,76.85,1.16,GOOD
S8198,Gaurav,50.5,51.7,91.37,78.75,3.57,AVERAGE
S8199,Rahul,70.46,48.39,93.95,36.32,4.89,AVERAGE
S8200,Ganesh,91.4,45.35,52.26,21.76,2.99,AVERAGE
S8201,Karthik,50.01,91.08,70.06,22.0,5.07,AVERAGE
S8202,Isha,76.68,82.89,66.43,66.28,4.1,GOOD
S8203,Ashwin,62.97,77.48,61.62,77.26,2.66,AVERAGE
S8204,Aarav,70.64,83.65,53.64,78.5,2.71,AVERAGE
S8205,Shreya,71.02,48.61,48.38,87.07,4.41,AVERAGE
S8206,Darshan,69.59,63.09,92.23,75.45,3.88,GOOD
S8207,Divya,94.6,88.85,71.83,48.59,1.33,GOOD
S8208,Rakesh,76.82,95.01,76.05,26.74,3.76,GOOD
S8209,Varsha,95.19,70.79,55.7,37.38,1.22,AVERAGE
S8210,Malar,86.34,47.32,96.1,28.37,3.74,AVERAGE
S8211,Aarav,67.56,98.71,96.18,9.95,5.64,GOOD
S8212,Shreya,74.68,63.7,80.29,14.39,1.46,AVERAGE
S8213,Avinash,69.49,59.14,59.23,1.27,3.42,AVERAGE
S8214,Harish,91.43,47.2,53.97,19.67,4.87,AVERAGE
S8215,Harish,59.38,40.76,75.72,83.52,3.14,AVERAGE
S8216,Zoya,96.82,76.22,89.97,53.71,2.8,GOOD
S8217,Dev,79.02,76.75,98.02,38.94,3.89,GOOD
S8218,Ishaan,80.59,54.05,44.09,23.74,5.27,AVERAGE
S8219,Divya,75.84,49.72,60.05,58.99,5.33,AVERAGE
S8220,Mohan,77.72,71.68,63.47,97.34,2.35,GOOD
S8221,Bharath,83.38,66.12,62.14,34.8,5.84,AVERAGE
S8222,Nikhil,82.75,58.22,80.07,84.75,1.81,AVERAGE
S8223,Lakshmi,60.71,53.09,72.83,93.92,2.06,AVERAGE
S8224,Sneha,79.12,91.56,93.48,78.69,4.5,EXCELLENT
S8225,Zoya,67.73,99.03,53.35,59.14,5.33,GOOD
S8226,Aadhya,81.85,61.33,63.96,30.2,1.93,AVERAGE
S8227,Sanjana,77.39,81.89,72.47,3.34,2.63,AVERAGE
S8228,Shivani,58.98,91.93,89.01,73.66,1.39,GOOD
S8229,Yash,86.74,41.62,89.39,95.6,3.3,GOOD
S8230,Vignesh,72.85,94.48,91.56,68.92,3.58,GOOD
S8231,Harini,77.57,69.95,71.15,3.62,3.95,AVERAGE
S8232,Rakesh,83.63,73.4,54.5,13.94,1.94,AVERAGE
S8233,Nandini,82.64,72.39,83.58,39.3,2.38,AVERAGE
S8234,Mohan,87.45,54.58,97.28,98.93,4.78,GOOD
S8235,Bhavya,60.34,86.93,57.12,8.49,1.55,AVERAGE
S8236,Rajesh,55.52,83.94,51.9,31.79,1.02,AVERAGE
S8237,Lakshmi,83.46,45.75,41.35,55.19,2.95,AVERAGE
S8238,Karthik,61.8,73.77,79.99,11.2,3.9,AVERAGE
S8239,Yogesh,55.73,97.42,72.7,11.76,5.46,AVERAGE
S8240,Shreya,56.56,92.27,48.08,6.87,1.2,AVERAGE
S8241,Anjali,65.64,77.55,51.97,50.28,2.67,AVERAGE
S8242,Harish,99.59,51.92,79.73,28.65,5.28,AVERAGE
S8243,Jatin,57.86,60.83,66.16,3.95,4.56,AVERAGE
S8244,Jeeva,64.93,49.02,53.99,50.18,4.17,AVERAGE
S8245,Riya,96.04,89.32,76.35,73.05,1.05,GOOD
S8246,Avinash,98.17,86.72,43.16,66.88,3.32,GOOD
S8247,Preethi,61.44,94.62,40.97,68.43,5.89,GOOD
S8248,Pooja,94.02,43.8,55.65,55.06,4.35,AVERAGE
S8249,Charan,56.95,97.88,57.37,78.12,5.08,GOOD
S8250,Meera,88.08,97.99,46.26,6.24,3.57,AVERAGE
S8251,Vedant,50.65,80.46,46.89,19.07,2.81,AVERAGE
S8252,Malar,70.33,92.9,50.07,70.33,2.6,GOOD
S8253,Sahana,62.37,66.31,83.48,33.57,4.98,AVERAGE
S8254,Diya,85.2,58.8,88.37,23.88,3.31,AVERAGE
S8255,Dharani,50.8,49.26,50.9,2.7,2.61,AT RISK
S8256,Shivani,73.25,41.89,79.41,86.85,4.28,AVERAGE
S8257,Aishwarya,84.84,42.52,54.02,83.8,5.99,AVERAGE
S8258,Avinash,52.34,81.49,92.8,6.05,3.15,AVERAGE
S8259,Deepika,94.87,60.19,56.14,30.44,1.82,AVERAGE
S8260,Diya,68.06,43.24,47.79,21.46,4.21,AT RISK
S8261,Arjun,58.26,46.73,66.35,20.68,3.0,AT RISK
S8262,Madhavan,61.27,79.92,49.25,25.81,3.95,AVERAGE
S8263,Yogesh,66.95,96.32,51.9,29.7,5.99,GOOD
S8264,Sneha,59.92,64.48,60.34,70.65,3.29,AVERAGE
S8265,Vikram,75.53,86.66,79.64,96.99,2.51,GOOD
S8266,Malar,81.65,98.41,47.01,4.54,5.9,AVERAGE
S8267,Pranav,71.67,82.5,57.05,32.29,4.34,AVERAGE
S8268,Sakshi,71.35,83.38,91.5,66.74,2.53,GOOD
S8269,Vijay,89.08,76.95,56.43,30.59,2.59,AVERAGE
S8270,Keerthi,65.05,98.66,50.11,19.11,4.02,AVERAGE
S8271,Akshara,81.14,57.99,72.02,16.78,2.82,AVERAGE
S8272,Vedant,94.65,86.98,42.0,59.79,4.86,GOOD
S8273,Pradeep,61.08,64.9,88.24,15.11,1.97,AVERAGE
S8274,Aman,81.0,49.33,53.35,9.65,1.95,AVERAGE
S8275,Dhanush,97.4,84.36,47.97,74.97,2.16,GOOD
S8276,Isha,76.49,89.76,88.49,34.38,5.37,GOOD
S8277,Nithin,98.84,91.82,90.57,89.45,1.46,EXCELLENT
S8278,Shreya,65.5,95.31,84.08,49.64,4.01,GOOD
S8279,Swathi,78.21,84.69,54.08,13.18,5.32,AVERAGE
S8280,Aishwarya,65.55,71.66,71.62,19.28,1.88,AVERAGE
S8281,Jatin,50.19,96.32,98.14,88.15,5.59,GOOD
S8282,Janani,99.87,52.57,68.67,12.56,4.56,AVERAGE
S8283,Abhinav,62.0,44.64,96.98,31.55,2.15,AVERAGE
S8284,Arnav,98.66,65.9,80.58,30.34,5.9,GOOD
S8285,Pavithra,82.65,74.93,90.7,98.77,5.16,GOOD
S8286,Bharath,95.2,80.8,51.54,97.44,1.28,GOOD
S8287,Deepak,98.36,88.93,95.6,69.21,5.13,EXCELLENT
S8288,Rahul,78.39,41.61,91.2,23.55,3.88,AVERAGE
S8289,Akash,99.98,88.12,87.1,17.93,5.45,GOOD
S8290,Dharani,88.37,76.01,96.47,6.01,3.95,GOOD
S8291,Madhavan,76.19,97.18,87.33,6.13,4.98,GOOD
S8292,Jatin,82.75,60.87,74.6,94.08,5.16,GOOD
S8293,Mohan,59.71,77.02,78.92,60.35,4.98,GOOD
S8294,Gaurav,50.55,85.99,89.25,19.83,1.29,AVERAGE
S8295,Neha,62.84,70.98,84.95,78.13,4.33,GOOD
S8296,Jatin,71.75,49.35,75.51,7.64,5.48,AVERAGE
S8297,Harish,61.4,42.99,75.88,52.24,5.68,AVERAGE
S8298,Rahul,75.7,46.68,92.82,19.58,4.84,AVERAGE
S8299,Ramya,82.9,69.69,40.59,44.86,2.55,AVERAGE
S8300,Mahesh,82.79,78.38,83.08,22.91,5.29,GOOD
S8301,Kavya,94.69,74.23,73.94,13.65,1.13,AVERAGE
S8302,Vasanth,98.32,82.77,90.3,92.69,4.85,EXCELLENT
S8303,Dhanush,94.53,42.34,52.33,91.99,3.43,AVERAGE
S8304,Shivani,81.01,48.18,71.52,49.33,5.4,AVERAGE
S8305,Keerthi,60.29,85.67,47.66,78.62,3.51,AVERAGE
S8306,Tanvi,97.17,86.87,79.56,20.18,3.11,GOOD
S8307,Diya,58.74,82.14,85.83,39.7,5.22,GOOD
S8308,Mahesh,57.57,84.73,77.41,22.55,2.65,AVERAGE
S8309,Krishna,65.88,97.81,73.29,8.38,3.44,AVERAGE
S8310,Reshma,78.68,96.65,60.6,42.39,5.22,GOOD
S8311,Amrita,84.07,78.67,78.39,74.49,1.06,GOOD
S8312,Shreya,50.66,59.16,93.97,74.48,2.75,AVERAGE
S8313,Bhavya,88.9,40.85,83.29,44.34,5.16,AVERAGE
S8314,Sahana,58.75,77.9,41.38,44.63,5.4,AVERAGE
S8315,Pranav,64.82,65.88,70.52,60.29,1.8,AVERAGE
S8316,Dharani,66.1,48.82,84.19,93.31,3.22,AVERAGE
S8317,Reshma,66.62,52.92,70.25,15.01,2.72,AVERAGE
S8318,Swathi,88.02,96.19,75.48,40.49,5.88,GOOD
S8319,Akash,52.05,43.97,94.7,90.57,3.82,AVERAGE
S8320,Divya,59.83,87.25,92.44,54.87,3.0,GOOD
S8321,Dhanush,51.12,94.12,44.88,79.29,5.36,GOOD
S8322,Shivani,88.91,81.3,70.63,46.26,4.54,GOOD
S8323,Shankar,99.19,43.68,77.34,92.11,4.56,GOOD
S8324,Sakshi,82.98,90.75,91.12,89.03,4.06,EXCELLENT
S8325,Sanjana,79.51,79.2,55.93,44.6,3.08,AVERAGE
S8326,Harish,95.4,56.62,48.39,0.5,1.49,AVERAGE
S8327,Dharani,62.75,77.78,75.83,56.62,4.17,AVERAGE
S8328,Nikhil,53.32,48.19,68.06,20.39,3.07,AT RISK
S8329,Harish,75.5,82.46,55.46,24.06,3.26,AVERAGE
S8330,Ishaan,63.02,94.18,96.58,42.97,5.62,GOOD
S8331,Pranav,72.55,71.3,59.05,45.0,4.61,AVERAGE
S8332,Manish,72.81,97.13,43.32,86.07,4.91,GOOD
S8333,Dhanush,65.94,66.29,43.53,3.13,4.8,AVERAGE
S8334,Manish,74.32,91.45,52.06,29.51,3.16,AVERAGE
S8335,Aryan,69.01,86.42,47.0,63.23,3.79,AVERAGE
S8336,Yogesh,55.65,45.31,63.68,62.2,3.72,AVERAGE
S8337,Naveen,93.34,94.76,44.83,31.78,2.2,AVERAGE
S8338,Arjun,85.06,94.63,73.67,17.79,4.16,GOOD
S8339,Vignesh,52.07,61.08,64.5,27.7,2.87,AVERAGE
S8340,Sahana,55.79,87.61,75.88,89.23,1.27,GOOD
S8341,Mohan,54.83,53.48,99.35,26.29,5.85,AVERAGE
S8342,Rajesh,53.09,41.82,99.51,49.18,3.08,AVERAGE
S8343,Zoya,52.95,52.48,65.02,94.23,2.75,AVERAGE
S8344,Kavin,57.86,69.04,62.02,11.84,4.14,AVERAGE
S8345,Kavya,92.39,43.47,80.89,87.07,3.27,GOOD
S8346,Abhinav,91.41,49.6,62.06,74.34,5.89,GOOD
S8347,Meera,89.16,97.03,86.7,48.54,1.25,GOOD
S8348,Surya,80.74,69.63,76.1,94.89,5.08,GOOD
S8349,Muthu,86.17,89.39,51.97,7.44,1.11,AVERAGE
S8350,Monisha,86.92,52.4,64.89,85.46,1.91,AVERAGE
S8351,Reshma,94.47,45.31,91.82,19.77,1.87,AVERAGE
S8352,Naveen,86.62,86.83,73.2,35.42,2.7,GOOD
S8353,Lakshmi,86.82,60.93,82.6,12.24,5.38,AVERAGE
S8354,Surya,90.2,67.59,82.59,49.53,2.22,GOOD
S8355,Vignesh,77.82,99.53,68.93,16.91,3.58,GOOD
S8356,Kavya,60.65,58.99,57.73,25.51,3.39,AVERAGE
S8357,Jatin,54.23,68.39,75.78,5.96,2.18,AVERAGE
S8358,Reshma,70.95,78.09,46.78,30.51,3.32,AVERAGE
S8359,Akash,54.58,45.34,75.84,16.39,5.22,AVERAGE
S8360,Akshara,58.47,82.99,46.16,68.53,4.49,AVERAGE
S8361,Kavin,51.19,67.1,94.11,63.82,2.96,AVERAGE
S8362,Aarav,65.01,50.5,84.63,66.55,2.35,AVERAGE
S8363,Deepak,98.5,65.83,50.87,67.6,3.58,GOOD
S8364,Gayathri,68.95,67.64,87.08,10.32,2.12,AVERAGE
S8365,Priya,62.04,78.44,83.55,21.38,1.78,AVERAGE
S8366,Jeeva,70.17,96.23,83.71,73.75,1.22,GOOD
S8367,Sameer,65.07,85.9,60.12,48.22,1.05,AVERAGE
S8368,Ananya,83.69,62.95,71.36,63.01,5.86,GOOD
S8369,Deepika,81.72,98.18,75.15,5.66,2.81,GOOD
S8370,Mahesh,51.37,87.45,62.62,38.63,1.19,AVERAGE
S8371,Ananya,75.57,41.68,73.62,43.8,3.91,AVERAGE
S8372,Vikram,51.81,47.0,54.64,69.24,3.35,AVERAGE
S8373,Meera,83.87,53.08,92.49,91.21,3.87,GOOD
S8374,Naveen,96.79,45.01,97.62,57.45,3.71,GOOD
S8375,Vidya,95.37,69.13,59.6,76.11,1.5,GOOD
S8376,Yash,60.29,60.44,60.54,64.35,4.74,AVERAGE
S8377,Zoya,87.13,98.38,52.97,90.99,2.88,GOOD
S8378,Mohan,89.65,68.36,91.89,81.08,5.98,GOOD
S8379,Neha,93.22,52.73,49.8,24.73,3.95,AVERAGE
S8380,Ganesh,62.98,98.24,87.93,22.23,3.45,GOOD
S8381,Abhinav,72.54,70.83,89.94,91.19,2.81,GOOD
S8382,Gaurav,61.08,44.38,58.97,59.74,3.69,AVERAGE
S8383,Yash,51.22,44.85,86.61,44.96,3.37,AVERAGE
S8384,Anjali,82.95,80.52,67.18,70.01,3.63,GOOD
S8385,Ananya,71.57,69.69,60.91,28.17,5.85,AVERAGE
S8386,Monisha,62.41,77.45,93.6,80.86,3.03,GOOD
S8387,Tanvi,92.36,90.98,67.21,52.77,2.4,GOOD
S8388,Gaurav,74.78,80.88,43.31,87.1,3.13,AVERAGE
S8389,Madhavan,99.73,91.71,78.07,64.37,1.26,GOOD
S8390,Gayathri,89.67,84.56,79.48,26.02,3.28,GOOD
S8391,Priya,93.46,80.46,78.08,96.55,5.6,EXCELLENT
S8392,Karthik,88.67,48.08,61.62,40.24,2.01,AVERAGE
S8393,Kavya,55.3,68.97,80.72,76.59,1.45,AVERAGE
S8394,Vikram,53.25,65.99,57.47,25.55,1.08,AVERAGE
S8395,Aditya,95.75,72.44,67.86,41.71,4.22,GOOD
S8396,Sameer,56.91,63.47,53.0,73.83,4.83,AVERAGE
S8397,Aarohi,69.56,77.23,76.8,69.63,4.36,GOOD
S8398,Abhinav,80.5,63.55,88.63,93.9,4.2,GOOD
S8399,Rahul,60.59,73.46,45.86,79.78,5.08,AVERAGE
S8400,Kishore,61.26,63.69,41.62,32.42,5.27,AVERAGE
S8401,Sahana,73.31,94.11,85.67,86.33,2.68,GOOD
S8402,Amrita,68.04,62.4,59.37,92.11,3.9,AVERAGE
S8403,Harish,83.83,83.86,59.43,95.41,4.29,GOOD
S8404,Priya,53.75,76.82,73.88,90.05,2.71,AVERAGE
S8405,Vignesh,74.44,63.13,69.2,69.54,4.18,AVERAGE
S8406,Darshan,58.71,88.46,47.29,79.58,4.3,AVERAGE
S8407,Ganesh,80.34,95.65,85.63,64.79,1.0,GOOD
S8408,Swathi,55.81,85.63,50.58,31.97,1.42,AVERAGE
S8409,Akshara,59.88,96.92,89.56,81.61,4.67,GOOD
S8410,Amrita,90.19,66.18,85.86,22.76,1.38,AVERAGE
S8411,Bhavya,61.76,94.82,50.03,43.13,3.54,AVERAGE
S8412,Charan,86.85,92.57,85.49,34.35,1.22,GOOD
S8413,Manish,63.65,85.74,79.66,17.21,5.14,AVERAGE
S8414,Harish,61.75,90.11,98.91,79.89,3.77,GOOD
S8415,Dharani,64.96,83.81,82.71,47.19,2.02,AVERAGE
S8416,Pavithra,94.05,70.74,63.41,52.7,5.31,GOOD
S8417,Rahul,69.86,73.15,77.2,50.2,1.6,AVERAGE
S8418,Sahana,62.19,65.06,79.71,68.94,5.54,GOOD
S8419,Kavin,76.83,79.86,84.74,17.59,5.86,GOOD
S8420,Janani,69.28,59.49,68.12,50.08,4.29,AVERAGE
S8421,Ravi,89.51,84.38,89.66,26.02,5.19,GOOD
S8422,Deepika,99.52,70.31,57.22,97.17,5.12,GOOD
S8423,Madhavan,76.33,61.19,97.8,6.02,3.27,AVERAGE
S8424,Vidya,72.59,48.83,58.63,92.84,1.61,AVERAGE
S8425,Gayathri,67.15,55.33,42.25,5.99,1.42,AT RISK
S8426,Vignesh,98.67,78.41,52.01,10.93,1.52,AVERAGE
S8427,Madhavan,74.16,62.19,95.65,90.63,3.57,GOOD
S8428,Sahana,58.9,41.99,87.4,64.79,1.18,AVERAGE
S8429,Ramya,98.46,59.78,66.36,32.44,3.4,AVERAGE
S8430,Sanjana,98.04,61.98,94.31,58.84,2.43,GOOD
S8431,Preethi,71.79,54.06,54.8,16.62,5.36,AVERAGE
S8432,Neha,67.41,57.18,54.01,6.49,1.45,AT RISK
S8433,Kavin,84.02,82.3,47.74,4.92,4.4,AVERAGE
S8434,Pranav,91.45,84.78,66.55,27.0,1.41,AVERAGE
S8435,Nithin,74.93,97.53,70.85,17.94,3.64,GOOD
S8436,Pavithra,66.54,47.09,48.71,40.33,2.67,AVERAGE
S8437,Varsha,65.07,58.7,46.88,87.67,3.75,AVERAGE
S8438,Vijay,66.33,44.62,63.43,37.86,1.37,AVERAGE
S8439,Sakshi,55.9,76.8,53.96,39.86,3.5,AVERAGE
S8440,Chetan,88.93,40.98,74.46,12.08,3.54,AVERAGE
S8441,Anirudh,55.25,52.32,71.46,98.87,5.22,AVERAGE
S8442,Vedant,69.92,75.22,49.75,14.52,1.28,AVERAGE
S8443,Sneha,91.75,61.52,40.8,33.83,1.62,AVERAGE
S8444,Dharani,70.21,72.66,78.69,94.57,5.9,GOOD
S8445,Ramya,64.74,78.41,86.37,45.49,3.44,AVERAGE
S8446,Avinash,97.41,90.34,69.3,33.81,4.55,GOOD
S8447,Rahul,56.33,63.57,74.53,71.52,2.46,AVERAGE
S8448,Jeeva,94.24,56.73,97.7,3.3,4.15,AVERAGE
S8449,Pavithra,53.1,72.33,86.06,32.12,3.12,AVERAGE
S8450,Malar,70.68,44.18,60.03,58.02,5.16,AVERAGE
S8451,Muthu,81.59,42.51,91.02,99.1,3.17,GOOD
S8452,Ramya,68.5,67.13,72.91,96.75,4.38,GOOD
S8453,Yogesh,76.73,53.08,71.32,62.62,2.66,AVERAGE
S8454,Yash,60.2,40.43,81.51,34.01,2.02,AVERAGE
S8455,Harish,78.45,80.76,65.77,55.01,2.09,AVERAGE
S8456,Vedant,56.73,88.97,92.85,93.39,3.83,GOOD
S8457,Hari,89.8,48.87,50.04,66.72,3.45,AVERAGE
S8458,Arjun,79.19,73.83,65.31,14.92,4.51,AVERAGE
S8459,Madhavan,74.1,99.04,43.89,97.15,5.24,GOOD
S8460,Tanvi,52.73,56.13,82.32,90.22,1.18,AVERAGE
S8461,Varsha,74.99,83.85,56.22,21.68,5.0,AVERAGE
S8462,Dhanush,78.18,49.73,65.53,65.68,5.3,AVERAGE
S8463,Shankar,63.28,95.93,93.18,87.82,4.55,GOOD
S8464,Rakesh,83.88,40.03,51.18,22.05,4.4,AVERAGE
S8465,Vignesh,53.84,57.68,40.14,92.36,5.69,AVERAGE
S8466,Charan,60.43,98.59,74.69,18.0,5.45,GOOD
S8467,Vignesh,86.88,80.24,66.25,35.72,2.84,AVERAGE
S8468,Shankar,57.36,52.71,43.3,94.31,4.22,AVERAGE
S8469,Chetan,62.28,87.48,57.77,94.67,3.68,GOOD
S8470,Jeeva,82.54,93.89,54.35,2.33,1.53,AVERAGE
S8471,Anusha,86.44,69.24,55.64,86.64,2.15,GOOD
S8472,Divya,52.57,49.36,87.38,69.37,3.52,AVERAGE
S8473,Ishaan,56.33,55.52,58.28,87.17,3.26,AVERAGE
S8474,Sakshi,72.31,96.59,69.38,46.19,3.87,GOOD
S8475,Jeeva,79.64,49.67,55.93,98.15,4.99,AVERAGE
S8476,Vidya,72.69,58.71,97.03,74.82,5.02,GOOD
S8477,Muthu,82.35,48.73,86.45,75.94,2.36,AVERAGE
S8478,Muthu,87.8,46.34,65.4,42.69,2.33,AVERAGE
S8479,Rakesh,97.48,71.32,83.62,39.23,4.08,GOOD
S8480,Aishwarya,67.49,63.8,58.89,20.56,2.89,AVERAGE
S8481,Dhanush,58.16,42.77,44.93,5.82,5.8,AT RISK
S8482,Rohan,63.2,48.71,65.83,90.15,4.17,AVERAGE
S8483,Deepika,57.41,42.26,73.88,59.07,2.29,AVERAGE
S8484,Aarohi,69.71,41.48,60.96,55.81,1.53,AVERAGE
S8485,Ramya,93.63,50.71,64.09,33.8,4.62,AVERAGE
S8486,Nithin,67.35,84.62,82.87,73.97,2.6,GOOD
S8487,Sneha,57.44,40.89,93.73,40.69,1.96,AVERAGE
S8488,Aadhya,76.13,58.27,93.65,80.93,2.26,GOOD
S8489,Ananya,99.6,73.89,74.54,7.98,4.47,GOOD
S8490,Arnav,59.41,84.62,77.77,24.74,4.29,AVERAGE
S8491,Janani,88.89,80.67,71.97,28.34,1.5,AVERAGE
S8492,Diya,91.17,99.31,62.27,2.33,4.32,GOOD
S8493,Ishaan,70.07,56.54,84.29,66.34,4.08,AVERAGE
S8494,Ravi,80.98,40.01,46.67,70.16,5.0,AVERAGE
S8495,Reshma,71.62,42.29,93.64,41.34,1.44,AVERAGE
S8496,Mahesh,63.12,45.85,57.02,79.55,2.36,AVERAGE
S8497,Keerthi,71.31,98.51,53.13,95.37,5.02,GOOD
S8498,Vignesh,54.76,74.2,56.44,73.67,3.2,AVERAGE
S8499,Diya,85.35,87.96,88.7,67.33,5.54,GOOD
S8500,Ramya,91.46,99.1,56.13,44.96,4.46,GOOD
S8501,Amrita,65.37,90.66,76.57,55.35,1.27,AVERAGE
S8502,Kishore,78.32,64.46,60.59,28.81,3.26,AVERAGE
S8503,Sneha,61.61,92.55,79.38,24.41,2.48,AVERAGE
S8504,Madhavan,56.37,66.03,75.5,2.62,4.8,AVERAGE
S8505,Riya,83.18,46.84,99.87,48.09,1.75,AVERAGE
S8506,Bhavya,56.71,72.89,58.66,22.51,5.41,AVERAGE
S8507,Madhavan,89.1,94.94,60.99,46.74,4.65,GOOD
S8508,Anirudh,63.59,87.07,51.93,81.24,3.93,GOOD
S8509,Rohan,90.93,64.12,67.83,36.71,3.81,AVERAGE
S8510,Naveen,68.43,91.29,90.24,32.19,5.76,GOOD
S8511,Meera,68.44,67.85,52.66,44.68,5.32,AVERAGE
S8512,Sameer,87.53,81.07,97.68,49.55,5.61,GOOD
S8513,Isha,75.51,59.99,40.79,27.27,5.11,AVERAGE
S8514,Karthik,60.05,51.68,88.31,59.99,2.75,AVERAGE
S8515,Jatin,92.52,58.81,81.5,2.9,1.85,AVERAGE
S8516,Aadhya,67.01,92.51,94.32,48.61,2.49,GOOD
S8517,Surya,55.14,99.39,71.31,64.9,5.81,GOOD
S8518,Gaurav,70.8,55.84,80.86,46.63,5.82,AVERAGE
S8519,Chetan,78.7,49.92,42.97,97.83,2.02,AVERAGE
S8520,Bhavya,80.49,44.26,63.66,15.5,2.13,AVERAGE
S8521,Darshan,91.78,85.23,86.24,45.31,4.29,GOOD
S8522,Sakshi,77.07,71.68,46.54,29.18,3.77,AVERAGE
S8523,Lakshmi,61.19,73.37,86.94,90.32,3.82,GOOD
S8524,Pooja,63.08,42.71,58.5,17.96,5.54,AVERAGE
S8525,Amrita,55.04,44.86,61.18,52.14,3.79,AVERAGE
S8526,Krishna,86.8,94.88,78.84,42.43,3.9,GOOD
S8527,Harish,55.3,74.6,44.69,91.72,4.31,AVERAGE
S8528,Nithin,80.29,53.15,77.48,55.76,3.55,AVERAGE
S8529,Akash,79.85,52.45,94.82,46.57,3.91,AVERAGE
S8530,Priya,89.28,54.45,45.63,58.66,4.73,AVERAGE
S8531,Muthu,53.73,43.83,55.18,71.14,5.58,AVERAGE
S8532,Preethi,60.15,42.99,40.82,3.2,5.66,AT RISK
S8533,Sneha,95.48,83.2,71.08,24.68,4.34,GOOD
S8534,Divya,78.61,55.83,83.86,23.57,2.34,AVERAGE
S8535,Manish,72.88,63.07,95.58,41.56,5.34,GOOD
S8536,Divya,87.38,72.24,62.08,57.64,4.47,GOOD
S8537,Charan,95.13,59.2,48.93,91.59,2.84,AVERAGE
S8538,Kavya,63.15,68.73,41.75,56.58,4.14,AVERAGE
S8539,Anirudh,95.07,91.9,59.5,18.15,3.11,GOOD
S8540,Bharath,55.43,54.65,70.73,52.59,5.17,AVERAGE
S8541,Varsha,98.88,87.48,94.05,42.86,2.68,GOOD
S8542,Naveen,58.24,55.84,52.99,64.57,3.2,AVERAGE
S8543,Yogesh,63.31,51.22,86.88,63.68,4.96,AVERAGE
S8544,Pooja,54.83,44.36,68.86,66.01,2.0,AVERAGE
S8545,Ganesh,90.18,81.05,92.05,99.73,3.82,EXCELLENT
S8546,Charan,99.21,64.7,91.78,2.76,3.24,AVERAGE
S8547,Pavithra,64.85,86.23,91.46,76.22,2.84,GOOD
S8548,Rohan,66.28,47.96,64.08,85.48,1.55,AVERAGE
S8549,Muthu,63.95,76.2,60.77,24.51,1.06,AVERAGE
S8550,Mohan,57.74,40.78,52.44,75.74,4.07,AVERAGE
S8551,Sanjay,89.37,54.03,53.71,10.5,3.8,AVERAGE
S8552,Sanjay,53.04,76.58,76.97,54.25,5.68,AVERAGE
S8553,Hari,98.39,43.36,97.72,32.24,2.51,AVERAGE
S8554,Zoya,96.37,62.63,76.36,22.8,1.2,AVERAGE
S8555,Aman,55.92,73.7,64.74,64.72,3.32,AVERAGE
S8556,Nithin,76.48,83.66,54.55,40.26,1.21,AVERAGE
S8557,Madhavan,99.64,82.34,79.12,16.61,2.29,GOOD
S8558,Arjun,92.63,48.89,52.66,60.66,4.34,AVERAGE
S8559,Yogesh,85.76,44.51,45.6,50.68,3.29,AVERAGE
S8560,Charan,51.12,62.58,45.61,4.22,2.64,AT RISK
S8561,Amrita,53.42,54.45,91.03,82.08,5.0,AVERAGE
S8562,Sanjay,89.7,58.34,62.94,98.67,2.68,GOOD
S8563,Preethi,68.82,60.55,96.42,34.23,1.8,AVERAGE
S8564,Jatin,83.42,63.83,69.8,98.73,2.4,GOOD
S8565,Varsha,86.96,71.12,81.49,99.58,5.76,GOOD
S8566,Pranav,71.11,40.56,89.62,46.44,2.25,AVERAGE
S8567,Divya,57.17,57.88,92.47,92.07,2.81,AVERAGE
S8568,Mohan,69.33,55.86,49.75,78.23,1.87,AVERAGE
S8569,Srinivas,93.55,54.17,53.0,83.45,4.24,AVERAGE
S8570,Ganesh,66.55,87.32,49.01,12.25,2.38,AVERAGE
S8571,Surya,53.13,55.08,66.73,78.03,2.05,AVERAGE
S8572,Dev,97.96,49.06,49.3,23.65,3.94,AVERAGE
S8573,Yogesh,84.03,91.11,79.05,74.75,4.82,GOOD
S8574,Srinivas,77.04,62.98,61.77,23.59,3.96,AVERAGE
S8575,Aryan,91.46,51.04,97.84,78.39,3.49,GOOD
S8576,Surya,70.56,85.07,89.0,89.38,5.87,GOOD
S8577,Meera,99.26,79.43,83.46,50.17,2.43,GOOD
S8578,Anjali,92.88,96.72,81.32,43.32,3.36,GOOD
S8579,Harini,64.03,92.67,42.38,14.57,1.96,AVERAGE
S8580,Aadhya,68.55,81.66,45.02,23.6,3.51,AVERAGE
S8581,Divya,63.79,49.66,65.93,99.22,3.43,AVERAGE
S8582,Ganesh,82.97,68.99,94.88,73.08,4.86,GOOD
S8583,Lakshmi,81.97,47.13,45.64,76.91,3.29,AVERAGE
S8584,Aarav,76.13,72.96,65.21,81.4,1.72,AVERAGE
S8585,Aarohi,98.29,95.01,87.63,58.36,5.75,EXCELLENT
S8586,Pradeep,73.61,40.23,59.19,44.11,2.34,AVERAGE
S8587,Bhavya,89.19,92.56,95.76,34.81,2.22,GOOD
S8588,Arjun,82.9,72.36,96.08,2.73,5.51,GOOD
S8589,Vedant,75.91,49.07,43.42,80.97,4.31,AVERAGE
S8590,Arnav,52.1,91.35,76.98,86.49,5.43,GOOD
S8591,Bharath,82.87,72.21,48.73,34.29,2.44,AVERAGE
S8592,Tanvi,82.13,66.89,66.46,51.5,1.26,AVERAGE
S8593,Aishwarya,56.24,69.98,93.87,57.8,3.17,AVERAGE
S8594,Sanjay,89.8,48.84,44.4,65.75,2.23,AVERAGE
S8595,Malar,73.35,46.76,96.24,64.99,4.65,AVERAGE
S8596,Aishwarya,66.21,79.69,99.67,19.67,2.08,AVERAGE
S8597,Pranav,91.2,92.82,80.21,68.67,1.39,GOOD
S8598,Aadhya,67.17,81.67,61.38,75.25,3.36,GOOD
S8599,Jatin,81.09,90.45,55.06,1.73,2.41,AVERAGE
S8600,Ashwin,80.9,90.69,65.96,61.79,2.27,GOOD
S8601,Aadhya,52.64,41.92,50.79,41.67,2.57,AT RISK
S8602,Jatin,71.14,86.26,41.2,88.51,2.53,AVERAGE
S8603,Diya,61.14,86.33,43.76,94.37,3.21,AVERAGE
S8604,Aman,59.98,61.0,79.81,58.37,3.88,AVERAGE
S8605,Krishna,82.75,64.59,41.25,39.96,3.69,AVERAGE
S8606,Shreya,50.57,84.73,58.09,93.81,3.98,GOOD
S8607,Deepak,98.45,99.19,80.58,26.98,1.64,GOOD
S8608,Jatin,69.77,99.27,50.49,49.26,1.3,AVERAGE
S8609,Aarohi,64.94,68.43,59.94,35.31,5.66,AVERAGE
S8610,Akash,96.0,87.37,41.89,15.36,2.11,AVERAGE
S8611,Bhavya,74.33,67.96,46.75,89.43,5.15,GOOD
S8612,Riya,80.72,91.96,53.56,25.05,1.33,AVERAGE
S8613,Charan,84.79,78.98,47.57,79.53,4.38,GOOD
S8614,Monisha,93.57,96.2,68.32,75.32,4.02,GOOD
S8615,Anjali,56.49,99.83,47.62,66.68,3.31,AVERAGE
S8616,Zoya,54.08,59.81,58.31,10.9,2.87,AT RISK
S8617,Varsha,99.69,98.76,83.41,40.06,5.32,EXCELLENT
S8618,Ishaan,50.44,81.55,79.23,92.69,4.52,GOOD
S8619,Muthu,85.41,54.29,62.98,36.59,4.23,AVERAGE
S8620,Varsha,80.55,40.19,95.87,2.03,5.64,AVERAGE
S8621,Vedant,77.63,81.03,87.23,72.56,1.34,GOOD
S8622,Rajesh,89.29,53.34,76.43,68.76,4.75,GOOD
S8623,Ashwin,99.62,53.88,66.21,58.01,5.84,GOOD
S8624,Reshma,52.34,73.13,43.6,36.29,5.86,AVERAGE
S8625,Vedant,80.73,41.86,64.77,32.28,1.87,AVERAGE
S8626,Divya,85.84,64.98,72.72,22.95,5.05,AVERAGE
S8627,Akshara,65.3,87.96,99.46,59.17,1.29,GOOD
S8628,Janani,94.64,41.64,97.1,99.61,4.46,GOOD
S8629,Rahul,72.85,77.44,46.73,78.34,4.21,AVERAGE
S8630,Krishna,58.22,49.5,98.76,65.48,3.28,AVERAGE
S8631,Nikhil,92.72,91.77,85.28,56.95,2.72,GOOD
S8632,Gayathri,97.15,63.44,80.92,70.53,2.2,GOOD
S8633,Priya,54.98,88.73,94.21,50.19,2.75,GOOD
S8634,Aman,87.58,83.43,59.5,84.74,1.5,GOOD
S8635,Jatin,60.75,92.67,63.96,58.19,2.51,AVERAGE
S8636,Avinash,50.34,71.01,92.26,24.75,3.54,AVERAGE
S8637,Ganesh,63.03,69.17,46.24,56.33,3.57,AVERAGE
S8638,Nithin,92.75,42.25,82.55,24.54,3.88,AVERAGE
S8639,Rajesh,57.06,72.03,88.59,53.57,4.64,AVERAGE
S8640,Anirudh,56.53,71.32,93.1,80.46,1.58,AVERAGE
S8641,Mahesh,86.95,76.38,53.15,72.76,5.25,GOOD
S8642,Pranav,70.32,47.86,80.75,27.04,2.83,AVERAGE
S8643,Anjali,57.42,72.4,45.14,72.93,1.96,AVERAGE
S8644,Arjun,61.5,67.24,91.66,12.38,1.9,AVERAGE
S8645,Swathi,89.73,75.76,68.91,64.53,5.03,GOOD
S8646,Varun,81.16,79.63,77.45,31.49,3.39,GOOD
S8647,Abhinav,88.05,61.69,91.08,61.71,2.29,GOOD
S8648,Tanvi,54.89,70.24,70.36,86.24,5.66,GOOD
S8649,Jeeva,72.91,63.71,70.52,13.38,3.93,AVERAGE
S8650,Nandini,89.86,85.93,67.88,69.65,4.17,GOOD
S8651,Tanvi,63.29,87.79,76.04,68.33,2.24,GOOD
S8652,Karthik,58.46,57.58,83.04,75.69,3.0,AVERAGE
S8653,Jatin,69.09,55.57,88.31,96.93,2.53,GOOD
S8654,Aryan,66.67,80.7,41.79,48.3,2.23,AVERAGE
S8655,Lakshmi,59.27,86.44,60.88,13.63,5.49,AVERAGE
S8656,Nithin,97.7,40.65,65.95,69.59,1.64,AVERAGE
S8657,Varsha,74.15,65.65,45.92,54.53,1.45,AVERAGE
S8658,Anirudh,80.4,58.46,85.1,81.19,2.9,GOOD
S8659,Anjali,56.06,85.99,71.37,79.3,4.29,GOOD
S8660,Zoya,80.5,48.61,40.11,73.31,2.58,AVERAGE
S8661,Sakshi,77.77,86.69,77.88,39.7,2.01,GOOD
S8662,Priya,96.6,79.68,60.34,47.57,1.27,AVERAGE
S8663,Anjali,70.62,90.58,83.61,91.6,5.16,GOOD
S8664,Monisha,89.1,99.41,50.78,43.6,4.68,GOOD
S8665,Pranav,65.21,68.59,40.07,58.66,4.22,AVERAGE
S8666,Vedant,78.95,81.96,45.21,68.35,4.67,GOOD
S8667,Sakshi,96.35,82.6,66.42,11.57,5.21,GOOD
S8668,Karthik,81.25,90.67,84.88,76.94,2.33,GOOD
S8669,Kavya,85.56,71.09,76.23,1.5,4.95,AVERAGE
S8670,Aman,93.8,46.46,40.9,98.21,1.52,AVERAGE
S8671,Rahul,96.27,98.76,75.5,56.84,5.67,EXCELLENT
S8672,Janani,60.41,43.41,68.93,16.81,3.82,AVERAGE
S8673,Ganesh,59.79,97.74,87.79,78.42,4.82,GOOD
S8674,Darshan,77.52,55.32,55.4,84.45,3.44,AVERAGE
S8675,Abhinav,99.78,69.55,83.14,20.48,3.0,GOOD
S8676,Mahesh,74.51,97.04,77.91,4.13,4.53,GOOD
S8677,Muthu,66.55,80.6,77.38,52.45,2.65,AVERAGE
S8678,Rahul,76.86,75.13,64.33,64.06,4.0,GOOD
S8679,Karthik,53.22,59.55,40.77,16.83,1.01,AT RISK
S8680,Mohan,58.86,57.54,51.26,56.16,5.19,AVERAGE
S8681,Ganesh,57.45,41.97,90.65,52.64,1.83,AVERAGE
S8682,Ravi,51.4,75.18,77.01,86.36,4.07,GOOD
S8683,Aishwarya,86.11,65.81,74.69,81.58,5.28,GOOD
S8684,Sneha,66.27,53.46,71.54,13.2,4.4,AVERAGE
S8685,Bharath,58.43,63.05,44.62,70.7,3.37,AVERAGE
S8686,Aman,75.61,96.46,60.86,50.29,3.52,GOOD
S8687,Yash,66.17,90.9,77.15,46.63,3.2,GOOD
S8688,Aditya,69.65,65.82,47.53,16.23,1.17,AVERAGE
S8689,Vidya,65.78,98.8,95.26,74.76,4.87,GOOD
S8690,Sahana,50.2,67.73,44.36,86.84,5.78,AVERAGE
S8691,Shreya,84.42,60.95,80.79,20.55,4.6,AVERAGE
S8692,Naveen,55.53,63.28,58.07,2.94,5.49,AVERAGE
S8693,Kavin,60.96,92.48,91.82,60.91,5.36,GOOD
S8694,Anirudh,59.52,56.07,89.61,98.13,2.78,AVERAGE
S8695,Hari,66.57,53.33,59.99,67.88,2.81,AVERAGE
S8696,Sneha,58.01,97.63,67.73,25.27,3.3,AVERAGE
S8697,Gaurav,67.35,84.06,97.55,87.27,1.46,GOOD
S8698,Aman,62.16,85.83,76.47,53.81,1.22,AVERAGE
S8699,Karthik,53.06,84.42,40.36,50.98,1.01,AVERAGE
S8700,Srinivas,93.53,80.97,86.63,5.73,3.64,GOOD
S8701,Priya,65.28,45.47,61.68,6.07,3.69,AT RISK
S8702,Shreya,54.76,85.22,56.55,57.93,1.39,AVERAGE
S8703,Jatin,76.08,54.94,89.93,80.67,1.89,AVERAGE
S8704,Varsha,56.16,47.94,98.05,75.32,4.71,AVERAGE
S8705,Nandini,88.65,98.98,43.72,94.08,3.66,GOOD
S8706,Rajesh,53.08,41.67,63.42,50.28,4.89,AVERAGE
S8707,Nikhil,73.23,41.9,56.78,62.07,2.0,AVERAGE
S8708,Rakesh,97.19,58.59,93.87,62.72,3.86,GOOD
S8709,Yash,57.95,90.65,92.06,38.02,2.2,AVERAGE
S8710,Isha,60.07,98.68,94.07,0.28,5.8,GOOD
S8711,Dhanush,80.02,47.11,42.56,83.89,5.62,AVERAGE
S8712,Naveen,98.99,63.73,43.01,6.71,2.63,AVERAGE
S8713,Nithin,69.29,84.06,73.08,95.93,1.77,GOOD
S8714,Avinash,82.43,78.73,50.01,84.39,1.74,AVERAGE
S8715,Rahul,57.62,54.0,46.76,10.38,1.88,AT RISK
S8716,Dharani,82.07,59.75,55.62,12.2,4.16,AVERAGE
S8717,Hari,62.63,75.66,82.56,73.71,1.9,AVERAGE
S8718,Rahul,80.66,42.12,80.3,54.37,1.92,AVERAGE
S8719,Amrita,54.43,85.49,87.11,64.89,3.01,GOOD
S8720,Aadhya,76.25,56.52,43.77,29.0,4.97,AVERAGE
S8721,Rohan,61.87,89.7,85.98,88.37,1.67,GOOD
S8722,Pavithra,84.09,81.02,69.44,54.3,1.78,GOOD
S8723,Aarohi,87.38,78.72,58.78,56.55,1.38,AVERAGE
S8724,Sahana,92.41,86.04,76.62,99.06,1.32,GOOD
S8725,Dharani,99.62,44.51,87.97,77.15,1.82,GOOD
S8726,Aarav,72.97,55.6,46.23,68.88,4.98,AVERAGE
S8727,Meera,83.53,71.3,88.44,86.66,5.93,GOOD
S8728,Divya,50.92,86.63,74.17,99.09,2.02,GOOD
S8729,Vasanth,95.25,90.94,77.2,81.25,1.91,GOOD
S8730,Varun,80.79,62.93,92.74,80.64,1.83,GOOD
S8731,Lakshmi,71.07,87.62,82.6,19.13,1.22,AVERAGE
S8732,Jatin,71.72,53.22,75.01,87.33,5.2,GOOD
S8733,Vedant,87.9,44.95,60.16,88.12,3.55,AVERAGE
S8734,Aarav,91.67,54.8,70.62,59.71,2.65,AVERAGE
S8735,Ishaan,90.4,94.19,90.19,65.06,2.05,GOOD
S8736,Chetan,75.53,72.64,99.74,62.38,1.87,GOOD
S8737,Anjali,68.56,68.88,85.37,54.49,1.55,AVERAGE
S8738,Charan,97.28,84.6,87.41,18.34,4.33,GOOD
S8739,Rohan,81.71,40.61,81.97,65.77,4.3,AVERAGE
S8740,Avinash,77.18,47.1,86.02,37.94,1.64,AVERAGE
S8741,Naveen,79.92,45.98,54.59,53.65,2.06,AVERAGE
S8742,Rajesh,81.49,47.3,65.43,90.11,5.09,AVERAGE
S8743,Diya,85.65,67.21,73.36,10.92,3.67,AVERAGE
S8744,Chetan,77.66,56.84,72.97,95.55,1.89,AVERAGE
S8745,Arnav,93.77,87.14,75.84,56.82,4.26,GOOD
S8746,Pavithra,92.99,90.34,98.41,94.98,5.21,EXCELLENT
S8747,Arnav,72.11,95.5,91.32,20.06,2.64,GOOD
S8748,Vijay,58.43,51.76,89.67,5.43,4.81,AVERAGE
S8749,Gayathri,78.83,70.17,89.82,62.1,5.2,GOOD
S8750,Aishwarya,81.04,42.92,87.6,52.69,2.74,AVERAGE
S8751,Pranav,76.17,54.39,80.75,73.49,5.62,GOOD
S8752,Diya,94.53,76.9,55.39,60.15,3.01,GOOD
S8753,Aarav,54.65,65.34,91.35,51.43,1.53,AVERAGE
S8754,Bhavya,64.37,81.44,56.78,90.25,4.79,GOOD
S8755,Vidya,93.29,90.35,83.49,32.34,1.87,GOOD
S8756,Avinash,96.97,43.57,46.66,27.15,2.03,AVERAGE
S8757,Aadhya,71.3,96.32,72.84,80.4,4.28,GOOD
S8758,Pavithra,59.63,42.54,59.13,35.16,3.53,AVERAGE
S8759,Pranav,71.02,98.9,82.27,56.31,1.4,GOOD
S8760,Mohan,72.81,78.26,91.32,61.4,5.0,GOOD
S8761,Janani,75.98,42.6,40.93,29.45,1.1,AT RISK
S8762,Srinivas,63.72,63.62,46.86,35.57,1.96,AVERAGE
S8763,Shivani,65.63,55.49,95.53,4.07,4.13,AVERAGE
S8764,Rohan,82.78,87.91,54.36,27.95,4.85,GOOD
S8765,Janani,81.09,53.53,83.85,32.61,3.28,AVERAGE
S8766,Reshma,83.11,89.57,88.75,1.68,3.26,GOOD
S8767,Rohan,68.86,58.74,84.43,82.32,5.7,GOOD
S8768,Karthik,66.82,99.35,41.93,88.53,2.51,GOOD
S8769,Anusha,67.58,56.22,84.13,17.73,3.74,AVERAGE
S8770,Divya,97.56,81.1,97.69,60.54,4.22,GOOD
S8771,Abhinav,69.76,88.01,62.13,44.2,5.64,GOOD
S8772,Vignesh,80.31,52.99,82.62,12.78,4.82,AVERAGE
S8773,Darshan,76.14,44.55,56.59,2.5,1.59,AT RISK
S8774,Amrita,93.81,73.07,99.85,66.36,4.83,GOOD
S8775,Rajesh,68.46,80.62,52.5,7.97,4.11,AVERAGE
S8776,Preethi,71.71,89.04,58.33,89.1,4.87,GOOD
S8777,Surya,92.14,56.37,50.07,78.97,1.49,AVERAGE
S8778,Priya,58.05,92.34,97.31,72.43,5.6,GOOD
S8779,Ishaan,79.71,94.95,74.29,84.28,4.97,GOOD
S8780,Sneha,70.0,86.75,54.82,10.66,5.24,AVERAGE
S8781,Avinash,99.29,40.46,48.07,62.69,5.4,AVERAGE
S8782,Rajesh,86.07,45.23,92.49,20.64,1.48,AVERAGE
S8783,Charan,50.53,99.86,43.76,51.98,4.99,AVERAGE
S8784,Sameer,91.97,84.04,78.6,35.86,4.5,GOOD
S8785,Sneha,85.16,77.61,76.61,12.24,4.4,AVERAGE
S8786,Janani,78.05,94.08,86.31,73.45,2.91,GOOD
S8787,Srinivas,61.81,42.38,80.91,30.19,2.32,AVERAGE
S8788,Preethi,57.47,85.44,90.19,12.29,4.04,AVERAGE
S8789,Surya,81.42,79.28,42.28,87.94,2.43,AVERAGE
S8790,Vasanth,72.0,90.89,65.82,13.46,5.59,AVERAGE
S8791,Anjali,93.08,86.67,44.86,20.54,4.04,AVERAGE
S8792,Kishore,63.12,69.1,64.31,2.37,2.79,AVERAGE
S8793,Krishna,81.88,44.26,73.65,51.86,1.11,AVERAGE
S8794,Abhinav,62.44,94.56,75.63,82.53,1.8,GOOD
S8795,Pooja,81.82,85.81,95.49,85.12,2.45,GOOD
S8796,Reshma,52.42,61.38,95.3,74.38,1.81,AVERAGE
S8797,Ashwin,69.59,99.04,58.59,47.13,3.73,GOOD
S8798,Tanvi,58.63,58.67,81.94,88.95,4.61,AVERAGE
S8799,Dev,80.3,62.23,82.76,76.71,5.42,GOOD
S8800,Priya,65.84,98.48,97.43,88.92,4.22,EXCELLENT
S8801,Avinash,88.58,80.09,45.04,23.95,3.89,AVERAGE
S8802,Kavin,55.73,92.75,77.03,60.13,2.2,AVERAGE
S8803,Pavithra,77.81,93.27,64.44,2.16,5.37,AVERAGE
S8804,Madhavan,79.68,72.19,60.84,52.15,2.58,AVERAGE
S8805,Hari,51.11,56.02,77.05,87.69,4.52,AVERAGE
S8806,Gaurav,51.8,90.85,56.77,73.85,4.74,GOOD
S8807,Swathi,65.41,70.11,42.15,77.62,1.22,AVERAGE
S8808,Arjun,80.45,73.86,86.67,31.71,4.25,GOOD
S8809,Naveen,98.13,72.48,45.21,39.82,5.66,GOOD
S8810,Shreya,54.54,40.58,59.69,98.63,4.47,AVERAGE
S8811,Charan,85.16,42.75,75.7,26.73,3.38,AVERAGE
S8812,Ananya,84.64,76.98,77.42,8.62,3.01,AVERAGE
S8813,Pavithra,83.47,87.67,79.98,38.9,1.75,GOOD
S8814,Riya,75.81,67.42,99.67,76.72,2.12,GOOD
S8815,Sahana,98.34,51.42,64.08,52.36,5.45,AVERAGE
S8816,Srinivas,75.09,64.4,48.25,4.37,2.95,AVERAGE
S8817,Tanvi,91.91,86.1,48.28,66.47,1.81,GOOD
S8818,Harini,63.13,46.52,70.61,73.56,2.99,AVERAGE
S8819,Pavithra,90.32,73.61,63.02,60.28,3.19,GOOD
S8820,Bhavya,99.83,82.13,94.79,17.13,2.7,GOOD
S8821,Sneha,95.5,64.95,70.66,19.11,1.08,AVERAGE
S8822,Aarohi,65.2,76.08,67.12,40.73,2.84,AVERAGE
S8823,Sakshi,92.31,93.01,91.74,35.82,5.48,GOOD
S8824,Pavithra,54.76,52.77,87.77,10.19,2.37,AVERAGE
S8825,Ravi,83.89,48.1,82.83,85.93,2.81,AVERAGE
S8826,Karthik,67.11,43.65,71.64,92.46,4.58,AVERAGE
S8827,Neha,82.93,83.57,54.08,14.38,1.78,AVERAGE
S8828,Varun,70.61,94.03,74.05,56.23,5.21,GOOD
S8829,Nikhil,50.45,81.42,46.95,42.98,3.73,AVERAGE
S8830,Deepak,61.56,98.59,72.21,40.9,3.67,GOOD
S8831,Keerthi,52.12,82.49,91.09,58.03,1.64,AVERAGE
S8832,Pooja,71.36,57.31,70.9,45.49,1.34,AVERAGE
S8833,Sneha,92.0,55.34,44.11,45.15,5.24,AVERAGE
S8834,Surya,86.9,80.0,41.88,14.36,2.11,AVERAGE
S8835,Tanvi,89.45,80.55,91.63,71.06,3.18,GOOD
S8836,Neha,90.36,71.43,53.46,57.99,3.54,AVERAGE
S8837,Charan,68.6,71.61,71.54,5.6,1.12,AVERAGE
S8838,Malar,75.3,65.0,86.61,37.54,4.52,AVERAGE
S8839,Rahul,75.42,61.0,55.19,21.78,3.71,AVERAGE
S8840,Sameer,55.66,78.04,84.25,39.0,5.54,AVERAGE
S8841,Dhanush,79.91,84.85,44.52,11.89,1.65,AVERAGE
S8842,Ravi,86.01,88.8,84.92,61.05,1.84,GOOD
S8843,Ravi,80.55,58.47,43.84,58.15,2.29,AVERAGE
S8844,Deepak,87.3,91.46,56.63,59.28,2.52,GOOD
S8845,Meera,55.94,58.16,55.4,36.61,5.71,AVERAGE
S8846,Jatin,88.07,58.29,93.48,72.2,3.84,GOOD
S8847,Surya,60.41,88.36,72.07,84.26,2.35,GOOD
S8848,Akshara,93.84,98.16,90.58,41.63,2.07,GOOD
S8849,Diya,62.25,95.93,74.94,43.31,3.61,GOOD
S8850,Krishna,74.6,46.66,88.41,89.84,2.01,AVERAGE
S8851,Vedant,74.36,57.31,73.08,60.52,1.4,AVERAGE
S8852,Harish,63.44,85.59,66.99,50.97,4.12,AVERAGE
S8853,Swathi,68.09,88.37,79.48,73.71,4.34,GOOD
S8854,Kishore,59.28,70.26,57.19,31.01,1.37,AVERAGE
S8855,Pradeep,78.51,40.97,95.12,3.28,3.53,AVERAGE
S8856,Ananya,95.65,70.11,94.49,70.19,3.86,GOOD
S8857,Ashwin,65.83,41.87,44.36,64.61,4.18,AVERAGE
S8858,Ananya,75.4,56.88,95.01,42.85,1.04,AVERAGE
S8859,Shankar,93.09,79.41,50.91,4.58,4.97,AVERAGE
S8860,Bharath,72.62,48.08,80.88,94.01,3.64,AVERAGE
S8861,Swathi,91.56,82.75,89.39,73.08,3.06,GOOD
S8862,Muthu,72.32,77.28,54.47,38.55,3.2,AVERAGE
S8863,Vijay,72.01,65.78,46.76,20.11,3.27,AVERAGE
S8864,Gaurav,57.86,62.33,85.37,55.53,5.26,AVERAGE
S8865,Sneha,56.25,94.88,66.55,2.13,4.44,AVERAGE
S8866,Hari,80.57,73.19,69.2,45.72,2.43,AVERAGE
S8867,Abhinav,91.37,93.33,85.71,98.84,1.06,GOOD
S8868,Yash,56.77,64.75,55.23,73.92,2.88,AVERAGE
S8869,Sanjay,95.5,75.68,45.83,98.49,1.95,GOOD
S8870,Akshara,67.94,97.28,97.46,39.6,4.03,GOOD
S8871,Isha,71.26,47.45,81.98,8.71,4.2,AVERAGE
S8872,Rakesh,94.72,55.77,79.13,96.51,2.61,GOOD
S8873,Meera,94.81,95.0,59.98,86.52,5.32,EXCELLENT
S8874,Kavya,76.24,65.32,99.74,56.25,5.91,GOOD
S8875,Aishwarya,63.84,56.32,53.35,22.98,3.35,AVERAGE
S8876,Pooja,58.6,99.84,50.69,73.87,3.36,GOOD
S8877,Sanjay,63.58,46.13,59.1,1.92,1.39,AT RISK
S8878,Muthu,89.03,76.69,84.34,91.44,5.39,GOOD
S8879,Ananya,66.23,87.28,54.22,69.72,1.72,AVERAGE
S8880,Mohan,84.73,87.2,58.77,17.58,4.14,AVERAGE
S8881,Aman,59.76,66.51,71.78,16.45,4.23,AVERAGE
S8882,Surya,73.93,42.64,79.0,5.8,2.73,AVERAGE
S8883,Deepika,67.61,90.46,48.95,77.05,1.5,AVERAGE
S8884,Pavithra,75.18,88.16,79.28,12.79,4.27,GOOD
S8885,Dev,78.5,54.24,62.86,52.01,2.71,AVERAGE
S8886,Lakshmi,99.55,60.43,60.77,35.82,1.76,AVERAGE
S8887,Yash,94.99,70.76,44.74,54.91,5.57,GOOD
S8888,Preethi,84.79,46.85,98.44,69.48,3.43,GOOD
S8889,Deepak,57.69,89.23,81.59,21.0,4.5,AVERAGE
S8890,Dhanush,95.95,95.33,45.99,20.05,2.5,AVERAGE
S8891,Sahana,94.63,58.49,61.97,33.76,1.74,AVERAGE
S8892,Lakshmi,94.34,95.44,44.8,93.52,1.17,GOOD
S8893,Diya,73.95,88.05,72.49,44.4,2.72,GOOD
S8894,Kishore,58.54,83.67,82.01,25.7,1.25,AVERAGE
S8895,Ananya,87.72,98.15,43.39,51.96,5.95,GOOD
S8896,Ravi,69.43,59.48,95.33,18.04,2.17,AVERAGE
S8897,Reshma,67.23,94.94,62.45,76.52,1.63,GOOD
S8898,Ramya,69.54,45.9,54.09,31.93,5.11,AVERAGE
S8899,Kavya,77.95,68.68,47.79,98.26,5.0,GOOD
S8900,Arnav,66.68,73.12,48.74,62.99,5.98,AVERAGE
S8901,Priya,84.5,47.37,90.99,61.16,2.22,AVERAGE
S8902,Manish,82.39,84.24,68.8,29.05,1.24,AVERAGE
S8903,Vidya,75.44,68.51,87.91,17.84,4.62,AVERAGE
S8904,Anirudh,52.7,67.33,53.62,7.78,5.04,AVERAGE
S8905,Vasanth,96.83,74.89,59.08,85.57,2.75,GOOD
S8906,Madhavan,70.58,48.08,64.76,97.96,5.68,AVERAGE
S8907,Janani,72.47,52.0,67.27,21.53,4.86,AVERAGE
S8908,Arnav,72.8,50.84,45.86,99.34,3.05,AVERAGE
S8909,Akshara,68.25,97.12,42.7,61.59,4.6,GOOD
S8910,Aditya,83.73,86.39,99.75,78.67,1.0,GOOD
S8911,Vikram,50.7,71.75,79.99,98.84,2.7,AVERAGE
S8912,Diya,93.68,79.57,43.29,97.53,1.85,GOOD
S8913,Darshan,55.12,79.0,86.35,56.8,2.53,AVERAGE
S8914,Ashwin,99.99,55.74,61.67,52.71,2.05,AVERAGE
S8915,Vasanth,81.4,45.2,87.79,67.58,4.58,AVERAGE
S8916,Charan,53.31,73.3,96.99,21.98,5.15,AVERAGE
S8917,Arjun,78.12,55.78,41.59,38.88,1.9,AVERAGE
S8918,Akash,66.57,92.41,97.86,82.76,3.09,GOOD
S8919,Nikhil,97.65,54.16,49.95,10.98,3.99,AVERAGE
S8920,Manish,87.77,74.37,57.83,45.91,1.72,AVERAGE
S8921,Krishna,75.35,65.21,77.62,31.57,2.8,AVERAGE
S8922,Srinivas,71.49,84.57,82.96,58.25,1.98,GOOD
S8923,Aryan,99.79,97.04,50.21,18.94,3.81,GOOD
S8924,Aryan,83.37,64.69,48.21,92.81,5.51,GOOD
S8925,Harini,75.7,42.66,57.19,79.17,3.31,AVERAGE
S8926,Gayathri,69.9,79.69,59.54,8.13,4.36,AVERAGE
S8927,Jatin,66.23,47.75,59.09,32.59,4.6,AVERAGE
S8928,Varsha,85.27,46.27,50.28,4.32,5.95,AVERAGE
S8929,Meera,79.39,79.69,98.25,12.32,4.14,GOOD
S8930,Manish,92.41,46.17,87.88,42.36,1.93,AVERAGE
S8931,Ananya,77.68,47.73,98.8,32.95,1.05,AVERAGE
S8932,Priya,79.12,66.34,46.22,52.06,1.69,AVERAGE
S8933,Sanjay,73.87,67.14,44.53,29.09,1.62,AVERAGE
S8934,Charan,88.13,94.82,72.16,33.22,3.62,GOOD
S8935,Bhavya,70.75,56.57,76.87,95.82,3.2,AVERAGE
S8936,Deepika,92.6,64.06,78.11,87.49,4.07,GOOD
S8937,Rahul,66.35,82.45,45.6,1.34,1.39,AVERAGE
S8938,Akshara,84.63,89.62,90.63,60.23,5.1,GOOD
S8939,Avinash,94.65,60.95,69.38,14.22,1.54,AVERAGE
S8940,Anjali,88.45,77.86,62.09,78.94,4.42,GOOD
S8941,Vidya,67.13,77.45,70.27,83.6,4.46,GOOD
S8942,Vignesh,85.32,58.19,42.43,66.04,3.84,AVERAGE
S8943,Avinash,60.35,47.12,52.9,67.32,1.87,AVERAGE
S8944,Gayathri,52.91,80.95,99.91,85.14,4.06,GOOD
S8945,Srinivas,89.57,56.08,73.15,10.18,5.62,AVERAGE
S8946,Janani,90.4,59.1,44.71,70.77,5.03,AVERAGE
S8947,Dev,51.15,74.34,57.57,11.99,1.65,AVERAGE
S8948,Vignesh,97.39,49.65,51.09,4.23,2.66,AVERAGE
S8949,Aman,72.29,54.49,95.48,63.86,4.95,GOOD
S8950,Anjali,95.26,66.76,88.37,27.21,1.98,AVERAGE
S8951,Diya,89.41,92.71,72.81,4.59,4.57,GOOD
S8952,Shankar,95.03,86.34,97.11,6.31,5.59,GOOD
S8953,Akash,91.67,59.06,62.37,97.97,2.42,GOOD
S8954,Bharath,98.7,58.12,91.9,22.31,1.47,AVERAGE
S8955,Ashwin,81.46,99.24,68.05,40.78,3.3,GOOD
S8956,Ganesh,61.36,79.2,90.92,26.65,2.57,AVERAGE
S8957,Sanjay,69.48,81.13,94.04,93.53,3.54,GOOD
S8958,Yogesh,87.59,43.31,67.78,7.38,2.51,AVERAGE
S8959,Bharath,57.85,46.3,50.68,54.32,3.52,AVERAGE
S8960,Naveen,96.49,57.67,51.54,47.78,1.79,AVERAGE
S8961,Amrita,60.26,90.52,57.33,69.21,1.86,AVERAGE
S8962,Vikram,93.8,94.64,53.38,89.83,2.92,GOOD
S8963,Rakesh,74.19,51.46,63.3,0.04,1.45,AT RISK
S8964,Akash,92.03,82.85,70.4,1.66,5.92,GOOD
S8965,Vijay,97.91,92.45,45.23,37.73,2.61,GOOD
S8966,Diya,71.11,92.73,94.58,40.16,2.0,GOOD
S8967,Gaurav,84.83,67.53,40.15,89.05,4.52,GOOD
S8968,Aarav,61.34,55.53,48.3,27.89,3.11,AVERAGE
S8969,Naveen,90.04,97.38,40.5,84.83,5.79,GOOD
S8970,Dhanush,91.0,56.59,99.19,8.93,1.26,AVERAGE
S8971,Aman,64.76,55.16,64.64,7.74,3.4,AVERAGE
S8972,Rahul,51.21,52.34,51.76,74.51,2.17,AVERAGE
S8973,Divya,71.56,71.95,47.12,76.26,4.52,AVERAGE
S8974,Ashwin,58.5,46.43,62.22,9.45,3.73,AT RISK
S8975,Rohan,90.93,74.24,98.55,99.31,2.19,GOOD
S8976,Akshara,63.05,96.62,72.92,8.05,3.63,AVERAGE
S8977,Gayathri,97.18,70.3,61.25,88.42,4.89,GOOD
S8978,Sakshi,98.59,97.92,61.87,19.39,5.87,GOOD
S8979,Gayathri,95.44,94.34,47.04,2.2,2.13,AVERAGE
S8980,Sahana,79.98,87.54,71.02,85.48,1.27,GOOD
S8981,Anusha,63.37,76.48,65.45,18.43,3.83,AVERAGE
S8982,Tanvi,90.36,92.84,83.73,52.94,2.54,GOOD
S8983,Priya,85.08,73.3,51.52,82.68,4.72,GOOD
S8984,Janani,98.86,52.43,48.24,15.47,4.84,AVERAGE
S8985,Amrita,68.86,95.51,74.89,74.11,1.95,GOOD
S8986,Rajesh,52.94,70.13,84.52,53.15,3.24,AVERAGE
S8987,Lakshmi,99.92,94.46,69.85,25.59,1.12,GOOD
S8988,Aarav,91.91,63.59,87.4,4.16,4.63,AVERAGE
S8989,Gaurav,61.07,60.14,90.47,26.29,3.73,AVERAGE
S8990,Harish,86.28,85.96,95.0,42.48,5.9,GOOD
S8991,Aadhya,50.03,78.07,62.69,36.79,2.69,AVERAGE
S8992,Charan,77.89,66.38,94.26,71.69,4.28,GOOD
S8993,Ananya,68.14,92.72,82.54,40.98,3.86,GOOD
S8994,Rajesh,69.07,70.99,77.49,38.03,3.77,AVERAGE
S8995,Riya,62.23,40.77,73.23,81.22,3.12,AVERAGE
S8996,Janani,63.74,81.59,41.18,46.39,2.86,AVERAGE
S8997,Manish,72.73,43.79,73.62,98.55,2.15,AVERAGE
S8998,Ashwin,62.41,68.87,86.74,57.45,4.46,AVERAGE
S8999,Deepika,73.32,51.52,99.3,93.72,4.52,GOOD
S9000,Aishwarya,78.87,54.52,65.99,88.22,4.33,AVERAGE
S9001,Janani,85.56,98.79,99.41,41.4,5.89,EXCELLENT
S9002,Isha,83.86,46.81,50.27,61.27,2.63,AVERAGE
S9003,Mohan,62.1,85.46,97.49,14.08,1.81,AVERAGE
S9004,Vasanth,51.96,78.25,75.38,52.7,1.3,AVERAGE
S9005,Ramya,91.63,51.7,79.75,42.4,1.66,AVERAGE
S9006,Pranav,93.62,96.12,74.42,48.37,2.33,GOOD
S9007,Harish,98.94,52.08,98.97,18.43,1.3,AVERAGE
S9008,Keerthi,97.99,70.94,42.66,86.62,5.72,GOOD
S9009,Swathi,81.69,87.43,64.63,8.0,2.63,AVERAGE
S9010,Vedant,94.71,85.81,92.51,78.12,5.65,EXCELLENT
S9011,Deepika,72.4,59.18,50.03,94.41,2.88,AVERAGE
S9012,Akshara,89.37,90.36,74.18,10.63,3.7,GOOD
S9013,Sanjay,97.77,97.73,71.41,43.37,3.97,GOOD
S9014,Muthu,89.81,68.44,88.45,58.5,2.99,GOOD
S9015,Bhavya,70.79,79.14,95.1,99.13,2.79,GOOD
S9016,Pooja,68.89,61.87,55.53,86.54,4.32,AVERAGE
S9017,Chetan,64.58,61.24,81.59,41.42,5.51,AVERAGE
S9018,Harish,68.35,68.18,72.86,96.79,4.74,GOOD
S9019,Zoya,91.03,51.83,79.77,33.13,3.2,AVERAGE
S9020,Karthik,85.08,81.36,52.02,34.0,4.93,AVERAGE
S9021,Isha,62.49,49.93,56.36,50.63,4.16,AVERAGE
S9022,Gayathri,85.58,40.31,72.99,77.96,3.56,AVERAGE
S9023,Deepak,68.97,66.37,40.18,19.22,5.42,AVERAGE
S9024,Deepika,77.89,44.59,82.99,74.25,3.52,AVERAGE
S9025,Surya,68.52,73.75,49.69,0.27,3.2,AVERAGE
S9026,Varun,76.08,71.22,95.88,26.25,4.34,GOOD
S9027,Aditya,86.49,48.24,91.64,97.45,3.17,GOOD
S9028,Priya,86.56,54.76,77.4,65.65,2.43,AVERAGE
S9029,Vedant,87.66,41.47,93.46,46.26,3.58,AVERAGE
S9030,Ishaan,69.55,75.64,99.23,73.18,5.69,GOOD
S9031,Tanvi,84.52,57.57,86.5,43.53,3.51,AVERAGE
S9032,Aishwarya,61.94,82.78,77.6,10.67,5.95,AVERAGE
S9033,Ishaan,73.87,77.79,66.96,49.76,5.1,GOOD
S9034,Pavithra,79.16,62.42,88.81,95.54,3.43,GOOD
S9035,Riya,84.32,41.3,82.27,27.26,2.69,AVERAGE
S9036,Yogesh,95.6,59.21,68.36,5.29,4.23,AVERAGE
S9037,Amrita,65.24,59.49,70.0,74.13,5.77,AVERAGE
S9038,Lakshmi,92.26,59.96,53.74,45.44,3.07,AVERAGE
S9039,Jeeva,65.56,97.21,87.32,33.47,2.07,GOOD
S9040,Sanjana,77.6,49.87,92.7,48.75,1.65,AVERAGE
S9041,Divya,91.4,56.2,40.99,93.0,3.58,AVERAGE
S9042,Darshan,86.16,89.94,46.71,25.02,3.22,AVERAGE
S9043,Dev,93.14,95.51,99.47,20.05,3.57,GOOD
S9044,Pranav,90.74,68.1,50.69,53.39,3.43,AVERAGE
S9045,Krishna,63.82,72.4,84.19,46.33,3.87,AVERAGE
S9046,Priya,99.65,43.17,68.85,14.98,2.57,AVERAGE
S9047,Shankar,96.85,88.48,71.28,58.07,3.38,GOOD
S9048,Kavin,71.51,75.67,46.5,57.45,3.14,AVERAGE
S9049,Muthu,52.36,68.74,48.27,60.54,3.63,AVERAGE
S9050,Ishaan,65.17,58.15,74.67,41.36,3.25,AVERAGE
S9051,Vasanth,91.81,66.63,62.66,29.0,4.25,AVERAGE
S9052,Rahul,97.54,84.12,87.85,32.83,4.55,GOOD
S9053,Bharath,91.58,44.85,98.32,83.44,3.0,GOOD
S9054,Harini,69.84,70.41,88.74,62.51,4.66,GOOD
S9055,Charan,52.83,42.08,64.35,39.8,5.56,AVERAGE
S9056,Yash,75.88,86.34,68.93,61.33,4.84,GOOD
S9057,Sameer,68.82,52.66,49.4,34.96,4.88,AVERAGE
S9058,Aishwarya,56.15,94.2,81.74,86.26,4.66,GOOD
S9059,Shankar,55.29,68.57,66.84,72.76,2.97,AVERAGE
S9060,Neha,57.65,67.44,91.44,10.09,5.77,AVERAGE
S9061,Sneha,60.29,61.62,79.12,5.62,1.96,AVERAGE
S9062,Deepika,87.69,70.98,50.23,3.34,2.47,AVERAGE
S9063,Mohan,69.09,60.28,64.66,2.75,2.04,AVERAGE
S9064,Malar,71.85,61.6,80.62,49.69,3.42,AVERAGE
S9065,Aishwarya,79.92,51.74,91.48,18.08,4.74,AVERAGE
S9066,Dhanush,98.01,60.71,61.05,67.45,2.29,AVERAGE
S9067,Tanvi,87.82,88.7,80.17,48.28,5.8,GOOD
S9068,Pavithra,82.29,54.74,50.42,9.35,4.3,AVERAGE
S9069,Aryan,87.19,89.28,94.28,0.58,5.68,GOOD
S9070,Akshara,85.96,91.68,74.51,3.67,4.03,GOOD
S9071,Nikhil,84.51,79.98,86.12,53.33,3.94,GOOD
S9072,Bharath,74.82,41.84,63.81,58.66,5.82,AVERAGE
S9073,Krishna,78.34,73.66,96.43,35.3,5.73,GOOD
S9074,Pradeep,73.07,89.99,83.21,7.89,4.47,GOOD
S9075,Rajesh,69.75,61.95,49.22,93.47,1.57,AVERAGE
S9076,Swathi,63.54,56.97,73.01,40.57,1.59,AVERAGE
S9077,Naveen,67.76,59.28,56.31,42.93,1.17,AVERAGE
S9078,Aditya,71.43,65.38,90.0,38.15,1.74,AVERAGE
S9079,Pradeep,78.97,44.21,86.97,5.95,3.74,AVERAGE
S9080,Sanjana,74.99,54.26,69.67,71.04,3.23,AVERAGE
S9081,Rakesh,55.4,78.82,58.12,66.48,4.47,AVERAGE
S9082,Sneha,67.0,68.35,91.16,16.45,5.46,AVERAGE
S9083,Madhavan,68.81,54.84,91.03,26.86,2.88,AVERAGE
S9084,Harini,85.35,95.85,70.31,54.69,5.35,GOOD
S9085,Ashwin,66.64,57.73,83.04,37.68,5.48,AVERAGE
S9086,Dharani,50.4,47.76,57.13,99.79,4.39,AVERAGE
S9087,Surya,54.22,51.96,60.93,49.65,5.18,AVERAGE
S9088,Madhavan,74.85,57.8,96.64,88.22,5.63,GOOD
S9089,Sameer,59.42,71.35,84.18,20.46,3.28,AVERAGE
S9090,Srinivas,74.73,43.98,44.33,55.62,3.52,AVERAGE
S9091,Ishaan,78.71,91.3,67.46,32.18,3.58,GOOD
S9092,Charan,96.67,92.65,63.74,93.45,3.3,GOOD
S9093,Harish,82.78,59.1,53.86,55.12,5.74,AVERAGE
S9094,Meera,51.55,86.52,99.7,65.39,1.46,GOOD
S9095,Isha,69.04,75.98,48.15,7.6,2.82,AVERAGE
S9096,Manish,89.67,90.73,58.86,48.77,5.53,GOOD
S9097,Nandini,63.03,56.62,90.92,57.95,4.87,AVERAGE
S9098,Amrita,96.25,76.61,47.94,29.04,2.44,AVERAGE
S9099,Janani,76.45,44.36,62.57,73.58,4.32,AVERAGE
S9100,Rakesh,54.62,40.57,78.05,46.66,1.01,AVERAGE
S9101,Vasanth,62.08,92.48,60.21,56.13,3.66,AVERAGE
S9102,Deepika,95.31,57.67,64.53,36.09,5.59,AVERAGE
S9103,Charan,99.57,66.72,73.01,67.65,4.09,GOOD
S9104,Deepak,93.15,53.91,97.16,10.32,5.55,AVERAGE
S9105,Tanvi,66.03,92.61,92.25,50.62,1.38,GOOD
S9106,Sanjay,88.44,63.07,46.72,89.56,3.67,AVERAGE
S9107,Rakesh,61.11,50.75,74.17,23.52,4.42,AVERAGE
S9108,Bharath,69.23,76.48,79.2,86.84,1.17,GOOD
S9109,Pradeep,84.86,52.33,59.55,88.51,5.33,GOOD
S9110,Krishna,98.45,55.64,55.85,23.04,2.28,AVERAGE
S9111,Rajesh,71.96,80.37,75.86,8.07,5.32,AVERAGE
S9112,Deepika,74.79,97.55,64.9,76.44,2.4,GOOD
S9113,Kavya,61.01,85.29,94.3,95.86,5.91,GOOD
S9114,Krishna,70.16,47.45,49.81,25.57,5.44,AVERAGE
S9115,Vidya,53.15,58.75,42.47,91.3,5.28,AVERAGE
S9116,Arnav,92.93,87.78,93.98,20.82,4.44,GOOD
S9117,Nikhil,51.17,56.51,93.77,35.93,3.01,AVERAGE
S9118,Priya,84.18,84.4,65.01,88.59,3.29,GOOD
S9119,Nithin,63.66,68.31,85.23,30.41,3.94,AVERAGE
S9120,Sameer,73.81,93.06,90.74,75.57,2.34,GOOD
S9121,Yogesh,64.08,61.55,55.29,14.7,2.28,AVERAGE
S9122,Kishore,70.0,96.07,79.27,37.88,3.43,GOOD
S9123,Hari,77.34,64.45,84.23,94.07,3.64,GOOD
S9124,Madhavan,82.04,83.57,61.45,22.63,4.99,AVERAGE
S9125,Chetan,97.01,51.71,96.76,70.17,4.72,GOOD
S9126,Rakesh,66.61,71.85,98.03,91.96,4.13,GOOD
S9127,Vijay,79.24,58.61,69.2,78.5,4.27,GOOD
S9128,Diya,95.09,40.76,44.56,94.8,5.36,AVERAGE
S9129,Arnav,64.51,66.24,95.14,94.37,1.29,GOOD
S9130,Ashwin,93.25,50.35,71.38,11.36,3.85,AVERAGE
S9131,Monisha,97.88,97.52,48.33,60.17,1.3,GOOD
S9132,Bharath,92.37,88.52,83.93,42.69,1.55,GOOD
S9133,Karthik,78.49,84.37,81.23,68.27,3.38,GOOD
S9134,Kavin,86.11,67.2,48.39,74.25,2.96,AVERAGE
S9135,Harini,74.05,55.55,56.49,24.52,4.67,AVERAGE
S9136,Pavithra,79.86,59.46,91.86,79.99,5.09,GOOD
S9137,Shivani,98.72,52.26,98.18,40.92,4.95,GOOD
S9138,Sahana,62.56,73.11,64.32,65.67,3.9,AVERAGE
S9139,Deepika,89.63,88.68,48.08,42.77,1.03,AVERAGE
S9140,Mahesh,75.31,51.24,61.12,34.61,1.12,AVERAGE
S9141,Nikhil,58.84,40.27,70.46,69.39,1.95,AVERAGE
S9142,Pooja,82.18,47.54,58.03,54.19,2.34,AVERAGE
S9143,Aishwarya,89.62,67.66,76.68,85.29,3.3,GOOD
S9144,Yash,78.44,41.12,40.48,78.6,2.9,AVERAGE
S9145,Pranav,91.87,64.2,88.99,86.83,1.76,GOOD
S9146,Gayathri,68.29,46.67,90.68,76.58,1.48,AVERAGE
S9147,Deepak,95.69,46.47,87.01,91.68,1.11,GOOD
S9148,Ananya,82.42,82.76,58.21,15.67,1.35,AVERAGE
S9149,Aarohi,90.16,99.97,77.94,64.05,1.0,GOOD
S9150,Pavithra,63.65,51.67,61.91,8.24,1.16,AT RISK
S9151,Pooja,72.31,53.78,63.36,49.96,3.24,AVERAGE
S9152,Rahul,95.48,57.79,82.55,86.13,4.38,GOOD
S9153,Aishwarya,52.54,87.11,90.61,72.56,3.09,GOOD
S9154,Rahul,70.2,70.35,89.86,58.29,2.31,AVERAGE
S9155,Vignesh,89.02,74.24,53.87,69.4,4.08,GOOD
S9156,Akash,87.19,72.79,79.48,17.33,4.16,AVERAGE
S9157,Bhavya,92.58,96.24,56.02,93.08,4.56,GOOD
S9158,Varsha,86.97,42.09,77.71,21.25,2.42,AVERAGE
S9159,Riya,97.35,49.47,62.03,16.7,5.78,AVERAGE
S9160,Chetan,74.91,62.93,87.4,14.0,1.86,AVERAGE
S9161,Nandini,81.21,69.28,96.25,93.62,5.82,GOOD
S9162,Manish,92.39,46.84,57.4,46.09,4.17,AVERAGE
S9163,Jatin,85.08,93.59,92.13,53.31,2.36,GOOD
S9164,Kavya,55.1,80.67,84.4,37.9,2.0,AVERAGE
S9165,Jeeva,68.35,95.93,73.96,2.73,2.16,AVERAGE
S9166,Arjun,77.63,96.45,71.5,6.67,4.23,GOOD
S9167,Keerthi,87.74,70.75,59.16,1.58,5.79,AVERAGE
S9168,Rohan,77.18,91.18,52.2,53.9,5.34,GOOD
S9169,Tanvi,88.88,84.21,45.0,19.35,5.91,AVERAGE
S9170,Sahana,91.88,61.63,82.75,40.21,2.61,AVERAGE
S9171,Surya,63.26,79.44,53.35,46.03,2.94,AVERAGE
S9172,Kavya,80.8,97.16,69.72,53.26,4.73,GOOD
S9173,Swathi,77.86,85.84,93.39,89.28,2.25,GOOD
S9174,Aarohi,61.37,82.56,80.27,4.32,2.69,AVERAGE
S9175,Zoya,74.49,53.31,50.15,49.42,2.43,AVERAGE
S9176,Bhavya,77.43,89.87,84.07,13.19,3.04,GOOD
S9177,Aman,90.87,63.38,52.89,92.65,4.86,GOOD
S9178,Dharani,73.05,77.44,86.79,91.75,1.04,GOOD
S9179,Deepak,54.05,80.66,44.66,13.99,1.13,AVERAGE
S9180,Sakshi,74.36,70.91,48.5,11.74,1.02,AVERAGE
S9181,Arjun,91.9,49.94,96.05,10.99,4.2,AVERAGE
S9182,Kishore,78.56,81.85,56.82,9.81,2.83,AVERAGE
S9183,Mahesh,65.94,54.83,49.04,15.81,3.36,AVERAGE
S9184,Vignesh,96.05,55.92,52.89,15.57,3.33,AVERAGE
S9185,Preethi,57.78,47.61,61.67,16.35,2.02,AT RISK
S9186,Rahul,66.34,77.2,90.26,14.86,4.95,AVERAGE
S9187,Deepika,71.86,47.04,49.15,37.79,1.93,AVERAGE
S9188,Bhavya,86.9,60.71,40.95,25.39,4.42,AVERAGE
S9189,Dhanush,91.79,93.37,91.9,41.71,4.7,GOOD
S9190,Diya,52.93,67.18,57.98,89.37,2.28,AVERAGE
S9191,Lakshmi,89.6,93.67,44.62,35.2,4.55,GOOD
S9192,Dhanush,86.03,69.56,41.67,28.65,2.08,AVERAGE
S9193,Vikram,94.73,50.73,93.97,91.44,3.63,GOOD
S9194,Avinash,95.02,85.53,71.39,32.16,4.58,GOOD
S9195,Anjali,88.88,61.21,76.63,12.2,1.73,AVERAGE
S9196,Manish,59.51,97.98,76.96,61.9,4.39,GOOD
S9197,Ganesh,65.69,55.73,71.33,28.18,1.67,AVERAGE
S9198,Sneha,96.82,89.33,86.16,52.0,1.36,GOOD
S9199,Shankar,79.91,69.63,94.37,76.8,2.75,GOOD
S9200,Rahul,76.94,90.53,78.46,56.56,2.09,GOOD
S9201,Kavya,95.79,50.98,90.63,80.88,1.75,GOOD
S9202,Vijay,93.71,78.02,40.58,34.47,2.29,AVERAGE
S9203,Bharath,86.37,46.79,68.81,16.87,4.81,AVERAGE
S9204,Rahul,94.11,88.33,76.24,39.47,5.3,GOOD
S9205,Varun,55.69,54.14,52.07,41.19,5.69,AVERAGE
S9206,Sakshi,87.88,65.65,49.62,71.6,5.76,GOOD
S9207,Keerthi,98.28,79.36,48.17,68.68,4.14,GOOD
S9208,Krishna,52.45,68.69,57.09,30.94,4.47,AVERAGE
S9209,Shankar,61.15,86.73,89.4,92.93,2.53,GOOD
S9210,Dharani,89.7,81.29,41.66,27.56,5.48,AVERAGE
S9211,Ananya,76.0,47.82,76.15,99.65,2.74,AVERAGE
S9212,Yogesh,54.33,86.41,44.09,3.27,4.67,AVERAGE
S9213,Janani,63.4,65.41,75.59,67.37,4.92,AVERAGE
S9214,Akash,66.2,75.87,55.13,62.02,5.89,AVERAGE
S9215,Jeeva,66.05,52.99,49.44,58.49,1.16,AVERAGE
S9216,Vijay,93.88,65.39,67.95,77.91,2.26,GOOD
S9217,Shivani,83.1,89.03,53.87,59.09,3.36,GOOD
S9218,Sameer,86.75,95.58,62.7,60.99,4.99,GOOD
S9219,Sneha,50.68,96.32,77.98,87.74,4.63,GOOD
S9220,Krishna,71.38,82.01,96.17,18.67,1.38,AVERAGE
S9221,Lakshmi,65.89,44.73,77.07,53.12,5.29,AVERAGE
S9222,Zoya,92.6,66.56,70.42,71.21,3.06,GOOD
S9223,Pradeep,97.69,51.58,73.42,30.79,5.28,AVERAGE
S9224,Sanjana,71.17,81.86,68.33,21.95,5.42,AVERAGE
S9225,Malar,98.65,49.68,73.77,12.89,5.59,AVERAGE
S9226,Yash,50.72,98.65,74.21,26.27,4.93,AVERAGE
S9227,Shreya,66.29,51.67,69.53,66.61,4.77,AVERAGE
S9228,Manish,88.75,43.16,87.3,61.5,3.55,AVERAGE
S9229,Mahesh,68.0,90.61,63.44,17.18,3.78,AVERAGE
S9230,Krishna,96.05,52.14,46.51,49.12,3.58,AVERAGE
S9231,Isha,60.92,41.44,78.58,21.38,3.58,AVERAGE
S9232,Ravi,89.78,72.88,87.77,93.6,2.05,GOOD
S9233,Vijay,60.09,98.15,86.8,72.41,2.64,GOOD
S9234,Mohan,59.86,56.05,55.13,17.33,1.89,AT RISK
S9235,Ravi,72.29,64.52,78.82,28.97,4.59,AVERAGE
S9236,Yogesh,97.25,54.23,99.92,85.31,3.1,GOOD
S9237,Krishna,79.27,73.48,46.27,55.71,2.22,AVERAGE
S9238,Srinivas,81.75,59.37,71.37,35.6,5.0,AVERAGE
S9239,Sameer,50.49,75.48,58.32,59.84,5.48,AVERAGE
S9240,Hari,52.83,68.68,87.47,38.95,1.02,AVERAGE
S9241,Vidya,53.35,95.73,59.48,91.14,5.39,GOOD
S9242,Tanvi,90.98,80.2,84.02,87.35,1.13,GOOD
S9243,Muthu,61.84,80.96,49.63,16.04,4.55,AVERAGE
S9244,Vikram,66.44,69.19,44.02,67.74,5.38,AVERAGE
S9245,Sahana,80.5,58.19,46.25,83.76,2.18,AVERAGE
S9246,Pooja,79.2,58.84,55.62,21.12,5.72,AVERAGE
S9247,Neha,70.53,70.24,90.97,87.15,4.6,GOOD
S9248,Priya,50.22,51.51,49.03,41.96,5.92,AVERAGE
S9249,Gayathri,72.48,47.95,42.0,30.77,2.0,AT RISK
S9250,Zoya,86.94,62.34,91.21,98.41,1.64,GOOD
S9251,Bhavya,61.76,47.83,62.49,68.8,4.31,AVERAGE
S9252,Aditya,85.42,53.85,75.32,29.05,3.57,AVERAGE
S9253,Sneha,50.76,72.1,45.03,52.97,5.07,AVERAGE
S9254,Nithin,95.4,87.41,94.44,64.35,3.15,GOOD
S9255,Sakshi,97.5,53.49,70.27,71.19,1.01,AVERAGE
S9256,Vedant,50.12,87.5,45.37,20.94,3.43,AVERAGE
S9257,Muthu,72.89,40.93,78.03,61.66,4.33,AVERAGE
S9258,Sneha,70.69,99.82,61.93,84.73,2.56,GOOD
S9259,Shankar,92.09,71.02,61.2,80.37,3.51,GOOD
S9260,Anirudh,77.04,68.55,64.49,29.43,4.02,AVERAGE
S9261,Kavin,80.57,79.03,70.49,97.02,4.59,GOOD
S9262,Monisha,60.13,68.51,77.16,1.26,2.18,AVERAGE
S9263,Anjali,53.85,64.48,48.78,77.9,2.34,AVERAGE
S9264,Akash,84.62,62.26,85.26,31.71,4.43,AVERAGE
S9265,Priya,81.03,98.67,41.63,94.12,2.77,GOOD
S9266,Avinash,91.62,91.69,81.95,86.11,4.75,EXCELLENT
S9267,Sneha,92.23,70.14,51.0,88.12,2.34,GOOD
S9268,Avinash,81.55,90.19,66.81,25.19,4.77,GOOD
S9269,Shreya,76.92,48.95,73.69,79.64,1.79,AVERAGE
S9270,Meera,95.7,71.77,78.84,33.27,3.26,GOOD
S9271,Aarohi,90.06,67.01,87.46,44.72,1.96,GOOD
S9272,Aryan,94.12,59.49,70.97,90.43,3.58,GOOD
S9273,Shreya,99.79,95.11,92.81,72.05,4.5,EXCELLENT
S9274,Aman,70.18,89.95,97.3,64.06,3.64,GOOD
S9275,Ramya,85.85,94.43,98.56,12.9,1.8,GOOD
S9276,Madhavan,84.4,78.11,59.17,53.83,5.61,GOOD
S9277,Hari,58.71,62.57,41.93,12.35,1.02,AT RISK
S9278,Deepak,81.83,85.41,82.95,7.5,4.65,GOOD
S9279,Muthu,71.4,46.51,55.11,94.66,4.61,AVERAGE
S9280,Anirudh,72.53,91.18,86.06,59.24,5.48,GOOD
S9281,Nikhil,59.01,41.73,40.3,0.61,5.31,AT RISK
S9282,Aarav,87.24,89.09,86.63,46.9,1.75,GOOD
S9283,Srinivas,84.9,82.24,44.21,28.67,5.73,AVERAGE
S9284,Muthu,76.61,45.31,92.76,15.39,1.75,AVERAGE
S9285,Abhinav,57.84,48.82,79.08,81.91,3.82,AVERAGE
S9286,Akash,77.84,67.14,49.7,15.36,1.78,AVERAGE
S9287,Neha,55.01,57.99,70.47,16.64,2.9,AVERAGE
S9288,Sneha,66.97,92.04,70.31,23.26,4.96,GOOD
S9289,Sakshi,68.62,51.57,92.74,71.24,5.68,GOOD
S9290,Priya,94.17,65.02,71.94,19.07,2.6,AVERAGE
S9291,Ishaan,70.78,55.63,73.03,32.14,3.18,AVERAGE
S9292,Akash,79.92,47.63,59.14,90.23,5.01,AVERAGE
S9293,Abhinav,93.74,55.58,83.71,56.51,3.98,GOOD
S9294,Ananya,71.29,91.6,43.02,17.3,5.49,AVERAGE
S9295,Harini,94.19,82.93,98.08,85.99,2.64,EXCELLENT
S9296,Monisha,56.82,94.85,76.38,51.22,1.94,AVERAGE
S9297,Rahul,68.24,64.32,90.74,83.42,3.74,GOOD
S9298,Aman,54.74,54.42,86.86,7.87,3.33,AVERAGE
S9299,Pranav,78.05,41.58,53.09,16.18,5.41,AVERAGE
S9300,Darshan,97.86,69.71,57.34,9.18,1.44,AVERAGE
S9301,Harish,82.85,42.38,56.68,48.12,1.23,AVERAGE
S9302,Sanjay,81.3,40.26,53.53,38.74,1.87,AVERAGE
S9303,Swathi,63.91,76.28,40.95,41.6,4.36,AVERAGE
S9304,Lakshmi,96.56,49.89,89.62,36.65,2.63,AVERAGE
S9305,Rahul,73.58,73.59,72.27,42.41,1.49,AVERAGE
S9306,Sakshi,63.35,74.41,75.47,38.12,5.43,AVERAGE
S9307,Sakshi,99.38,83.43,69.5,15.97,4.81,GOOD
S9308,Janani,71.16,62.99,47.46,56.91,5.42,AVERAGE
S9309,Vijay,68.57,82.31,66.17,86.92,1.56,GOOD
S9310,Akash,51.75,61.96,57.62,99.41,2.58,AVERAGE
S9311,Aarav,58.91,45.87,93.52,11.73,4.13,AVERAGE
S9312,Pranav,90.46,58.6,82.07,41.12,1.39,AVERAGE
S9313,Shankar,74.13,40.45,49.76,24.11,5.96,AVERAGE
S9314,Abhinav,97.74,67.75,82.12,56.69,5.96,GOOD
S9315,Aman,54.19,84.42,72.9,36.04,3.59,AVERAGE
S9316,Dharani,80.8,87.08,44.9,87.78,5.97,GOOD
S9317,Riya,86.0,53.93,44.17,93.52,5.68,GOOD
S9318,Gaurav,81.06,46.34,48.85,32.51,4.05,AVERAGE
S9319,Diya,76.49,51.13,88.63,35.64,1.42,AVERAGE
S9320,Charan,78.91,99.02,89.8,53.5,1.63,GOOD
S9321,Srinivas,84.48,58.73,76.49,63.55,2.49,AVERAGE
S9322,Anirudh,93.16,65.76,40.94,75.25,5.12,GOOD
S9323,Karthik,66.82,44.54,59.03,10.01,3.7,AT RISK
S9324,Srinivas,72.98,87.36,64.05,5.11,5.15,AVERAGE
S9325,Ravi,81.8,66.91,57.06,67.82,4.56,AVERAGE
S9326,Krishna,65.71,45.24,74.87,47.87,5.07,AVERAGE
S9327,Nikhil,58.94,68.38,43.73,67.28,2.33,AVERAGE
S9328,Chetan,98.31,82.8,41.2,30.16,4.5,AVERAGE
S9329,Anirudh,59.74,68.38,75.27,17.22,1.39,AVERAGE
S9330,Abhinav,61.64,98.12,55.87,11.13,4.45,AVERAGE
S9331,Harish,80.93,92.3,81.19,78.63,3.44,GOOD
S9332,Janani,53.87,70.89,86.66,40.3,2.68,AVERAGE
S9333,Aadhya,51.7,96.43,76.66,8.29,4.48,AVERAGE
S9334,Darshan,53.2,88.68,99.38,24.68,1.03,AVERAGE
S9335,Pooja,56.16,62.1,78.58,86.15,4.86,AVERAGE
S9336,Nikhil,71.46,86.28,86.37,48.15,3.68,GOOD
S9337,Swathi,91.46,70.35,78.46,85.33,3.15,GOOD
S9338,Anirudh,67.1,72.35,88.33,94.53,3.65,GOOD
S9339,Riya,71.38,71.24,63.44,6.7,2.36,AVERAGE
S9340,Sahana,80.01,88.22,66.06,94.32,4.09,GOOD
S9341,Yogesh,65.11,95.11,60.11,37.11,2.14,AVERAGE
S9342,Diya,71.63,59.17,74.59,69.83,5.64,GOOD
S9343,Hari,69.32,78.52,62.48,40.31,4.9,AVERAGE
S9344,Keerthi,67.09,77.7,99.27,61.46,5.42,GOOD
S9345,Gayathri,69.42,93.25,76.18,66.98,4.58,GOOD
S9346,Ishaan,50.56,66.83,60.14,13.3,1.4,AT RISK
S9347,Kavya,94.31,51.41,70.49,43.11,3.61,AVERAGE
S9348,Janani,98.87,52.19,86.84,20.66,4.52,AVERAGE
S9349,Monisha,93.12,43.08,88.37,11.93,4.09,AVERAGE
S9350,Aryan,50.29,46.04,78.23,59.19,4.42,AVERAGE
S9351,Varun,87.54,58.07,40.14,68.03,3.68,AVERAGE
S9352,Meera,78.66,46.15,92.12,25.76,4.17,AVERAGE
S9353,Zoya,54.71,92.27,94.59,0.73,3.8,AVERAGE
S9354,Varun,96.64,61.72,92.3,97.08,1.39,GOOD
S9355,Darshan,88.81,62.11,80.27,47.48,3.93,GOOD
S9356,Varsha,57.26,85.45,41.63,65.18,3.33,AVERAGE
S9357,Bharath,98.2,58.08,97.05,7.52,3.52,AVERAGE
S9358,Dharani,56.31,82.91,44.07,62.02,1.37,AVERAGE
S9359,Sanjana,72.73,89.35,48.97,76.26,5.52,GOOD
S9360,Deepika,57.95,61.61,77.67,4.74,5.19,AVERAGE
S9361,Jeeva,57.51,68.67,67.71,52.36,1.25,AVERAGE
S9362,Malar,98.39,59.33,85.29,14.2,5.5,GOOD
S9363,Aryan,78.61,65.39,77.99,14.69,5.22,AVERAGE
S9364,Sahana,62.96,74.84,40.25,61.48,4.88,AVERAGE
S9365,Harini,88.82,60.98,78.57,61.93,5.65,GOOD
S9366,Meera,93.76,67.85,91.49,55.38,4.3,GOOD
S9367,Sameer,95.88,69.77,91.13,51.02,1.61,GOOD
S9368,Sameer,96.65,41.47,49.44,47.0,1.8,AVERAGE
S9369,Shivani,95.28,49.82,60.84,48.12,1.36,AVERAGE
S9370,Yogesh,81.95,72.48,47.17,33.45,3.1,AVERAGE
S9371,Nithin,67.12,40.16,85.09,25.73,1.82,AVERAGE
S9372,Bharath,96.28,82.25,77.65,26.56,1.17,GOOD
S9373,Arjun,56.12,94.33,69.07,90.81,3.58,GOOD
S9374,Shivani,58.44,85.27,57.99,26.67,2.54,AVERAGE
S9375,Ashwin,71.69,58.85,87.23,37.45,1.99,AVERAGE
S9376,Chetan,64.18,66.99,87.49,50.41,4.51,AVERAGE
S9377,Akshara,80.79,79.04,69.47,74.27,3.87,GOOD
S9378,Vasanth,95.27,80.83,47.47,77.71,3.76,GOOD
S9379,Sanjay,74.55,98.65,67.92,72.17,2.77,GOOD
S9380,Gaurav,77.69,69.58,93.76,30.3,4.78,GOOD
S9381,Amrita,71.16,54.97,75.05,16.31,1.76,AVERAGE
S9382,Pranav,85.38,61.73,85.24,81.7,3.22,GOOD
S9383,Jeeva,55.03,95.35,57.68,87.45,2.94,GOOD
S9384,Gayathri,52.43,77.96,60.59,91.29,4.98,GOOD
S9385,Varun,82.07,91.86,47.03,85.83,1.93,GOOD
S9386,Yash,76.74,83.45,60.57,36.14,5.94,GOOD
S9387,Preethi,70.37,97.93,50.18,15.35,1.79,AVERAGE
S9388,Shankar,66.7,70.07,72.34,67.04,3.2,AVERAGE
S9389,Jatin,52.59,96.99,63.63,64.94,4.03,GOOD
S9390,Gayathri,84.03,93.15,90.15,24.79,3.11,GOOD
S9391,Sneha,71.07,90.59,62.96,62.02,5.38,GOOD
S9392,Varsha,72.26,96.35,52.74,99.82,4.22,GOOD
S9393,Arnav,94.67,71.53,45.05,16.85,4.41,AVERAGE
S9394,Ananya,86.88,84.57,55.15,37.86,5.41,GOOD
S9395,Sahana,60.97,73.32,81.84,39.1,1.65,AVERAGE
S9396,Dharani,82.86,86.58,77.57,21.35,3.24,GOOD
S9397,Deepak,56.61,85.83,77.2,78.81,3.01,GOOD
S9398,Sanjana,59.7,85.5,91.49,70.73,4.75,GOOD
S9399,Arjun,85.71,65.71,55.17,21.7,5.21,AVERAGE
S9400,Ganesh,56.29,87.78,68.25,85.78,3.25,GOOD
S9401,Diya,64.01,92.59,50.09,42.58,1.59,AVERAGE
S9402,Aman,94.9,78.18,53.13,55.09,4.81,GOOD
S9403,Nithin,86.92,67.28,62.26,68.49,4.92,GOOD
S9404,Rajesh,96.47,91.19,82.42,87.42,2.38,EXCELLENT
S9405,Arjun,94.09,86.71,90.02,22.68,1.86,GOOD
S9406,Ananya,65.63,68.18,58.43,59.23,1.71,AVERAGE
S9407,Zoya,81.62,74.79,63.87,67.16,1.51,AVERAGE
S9408,Aarohi,68.93,81.15,93.26,88.64,2.45,GOOD
S9409,Kishore,84.86,81.3,86.81,77.23,4.58,GOOD
S9410,Shivani,67.42,58.66,81.42,91.44,2.43,AVERAGE
S9411,Madhavan,50.07,57.56,64.43,7.52,5.19,AVERAGE
S9412,Gaurav,54.7,93.24,60.46,42.55,2.67,AVERAGE
S9413,Dev,88.55,96.22,83.41,30.63,4.53,GOOD
S9414,Ganesh,54.2,64.12,45.6,49.72,2.06,AVERAGE
S9415,Akshara,79.97,94.8,72.61,81.08,1.57,GOOD
S9416,Swathi,92.89,68.24,43.65,49.26,2.21,AVERAGE
S9417,Rakesh,87.06,50.03,77.4,3.52,4.13,AVERAGE
S9418,Kishore,70.67,83.97,74.1,67.08,4.32,GOOD
S9419,Diya,60.43,42.75,43.59,1.03,4.1,AT RISK
S9420,Mahesh,96.13,46.83,65.19,9.78,3.11,AVERAGE
S9421,Harini,78.32,96.46,51.55,72.77,3.8,GOOD
S9422,Gaurav,70.27,71.06,87.89,83.1,5.71,GOOD
S9423,Mohan,97.1,55.98,94.8,31.81,1.37,AVERAGE
S9424,Akshara,60.75,68.82,58.88,56.9,1.41,AVERAGE
S9425,Rakesh,72.11,74.69,41.76,54.72,3.47,AVERAGE
S9426,Isha,55.43,78.33,93.86,5.56,5.01,AVERAGE
S9427,Arnav,56.24,60.89,90.67,54.48,5.39,AVERAGE
S9428,Varun,69.93,63.24,87.81,1.1,4.65,AVERAGE
S9429,Vedant,84.98,72.99,61.38,82.0,2.1,GOOD
S9430,Amrita,66.94,77.6,44.78,74.81,4.79,AVERAGE
S9431,Deepika,84.48,95.28,98.49,28.37,2.09,GOOD
S9432,Amrita,90.26,63.54,69.6,26.23,1.07,AVERAGE
S9433,Dharani,93.88,92.48,61.4,19.01,1.76,AVERAGE
S9434,Manish,52.24,99.59,86.63,95.28,5.84,GOOD
S9435,Aman,88.69,60.34,80.24,84.58,4.57,GOOD
S9436,Dev,57.36,41.64,42.51,83.77,1.73,AVERAGE
S9437,Anusha,84.91,76.26,97.5,46.62,2.55,GOOD
S9438,Ishaan,68.58,94.22,73.36,81.15,5.42,GOOD
S9439,Ganesh,85.39,43.2,51.29,59.16,4.57,AVERAGE
S9440,Rohan,60.69,51.83,40.96,29.95,2.22,AT RISK
S9441,Deepika,82.25,80.57,73.13,43.04,5.89,GOOD
S9442,Keerthi,56.28,88.58,75.64,40.91,3.91,AVERAGE
S9443,Aadhya,58.49,45.2,45.98,35.18,3.75,AT RISK
S9444,Kishore,80.72,61.82,72.7,24.23,3.93,AVERAGE
S9445,Manish,66.84,54.32,65.9,39.82,4.66,AVERAGE
S9446,Sanjay,85.19,97.89,66.26,59.93,2.32,GOOD
S9447,Bhavya,84.26,80.95,98.52,19.62,1.12,AVERAGE
S9448,Pradeep,81.08,68.54,57.75,14.18,4.25,AVERAGE
S9449,Dhanush,86.53,91.74,93.05,69.02,3.37,GOOD
S9450,Vedant,89.7,72.26,60.67,52.63,5.06,GOOD
S9451,Reshma,95.57,94.68,50.77,35.22,5.64,GOOD
S9452,Janani,54.03,54.33,49.14,90.79,4.05,AVERAGE
S9453,Yash,78.58,41.64,96.44,46.13,3.98,AVERAGE
S9454,Sahana,87.44,65.72,41.4,33.17,4.18,AVERAGE
S9455,Deepak,60.85,52.26,53.15,21.63,1.39,AT RISK
S9456,Yogesh,63.18,90.14,60.43,32.32,2.82,AVERAGE
S9457,Varun,63.35,71.98,79.41,27.37,4.29,AVERAGE
S9458,Pooja,78.62,57.32,62.55,86.68,3.63,AVERAGE
S9459,Ishaan,68.31,86.41,41.22,89.2,4.92,GOOD
S9460,Kishore,83.3,71.61,71.02,41.26,1.59,AVERAGE
S9461,Anusha,80.51,70.17,93.07,26.1,4.18,GOOD
S9462,Harini,82.86,50.85,93.19,13.03,5.2,AVERAGE
S9463,Abhinav,62.62,99.71,99.5,71.61,4.32,GOOD
S9464,Rohan,88.37,79.54,60.54,87.91,1.39,GOOD
S9465,Kavin,83.2,91.29,47.35,41.11,4.32,GOOD
S9466,Nikhil,56.53,85.58,44.17,87.49,5.25,GOOD
S9467,Malar,60.01,70.18,92.03,24.75,1.74,AVERAGE
S9468,Hari,65.05,40.58,84.89,60.87,4.09,AVERAGE
S9469,Akshara,96.8,80.0,77.65,8.11,3.43,GOOD
S9470,Varun,66.32,46.04,69.81,56.31,2.12,AVERAGE
S9471,Deepak,50.99,97.69,67.44,63.87,3.21,GOOD
S9472,Sameer,57.08,54.96,69.64,64.44,3.11,AVERAGE
S9473,Neha,51.61,62.04,61.83,77.88,3.86,AVERAGE
S9474,Nithin,70.14,73.09,68.48,9.47,4.74,AVERAGE
S9475,Ravi,89.86,70.16,52.62,27.86,1.48,AVERAGE
S9476,Rohan,72.52,79.31,47.07,69.31,2.01,AVERAGE
S9477,Swathi,91.95,87.01,52.68,59.21,4.21,GOOD
S9478,Anjali,52.38,85.46,98.26,94.95,1.62,GOOD
S9479,Bharath,73.49,94.49,99.44,78.42,4.29,EXCELLENT
S9480,Anirudh,89.35,68.19,85.09,47.1,4.28,GOOD
S9481,Monisha,83.74,72.05,90.23,53.37,2.68,GOOD
S9482,Darshan,92.64,92.44,46.21,65.97,5.94,GOOD
S9483,Pradeep,63.69,56.94,47.38,1.02,3.37,AT RISK
S9484,Ashwin,75.04,54.76,45.56,36.42,5.81,AVERAGE
S9485,Sakshi,83.84,40.55,43.79,12.19,1.89,AT RISK
S9486,Rohan,58.42,84.31,84.84,23.94,5.68,AVERAGE
S9487,Shreya,90.79,81.26,43.38,82.95,3.88,GOOD
S9488,Srinivas,65.57,56.6,96.94,54.85,5.95,GOOD
S9489,Janani,54.67,47.79,79.24,86.05,3.99,AVERAGE
S9490,Priya,88.29,42.55,50.25,88.88,5.66,AVERAGE
S9491,Isha,85.25,69.27,89.05,80.59,2.75,GOOD
S9492,Riya,94.18,51.61,89.42,76.21,4.16,GOOD
S9493,Ramya,94.6,87.6,73.83,16.61,1.16,AVERAGE
S9494,Krishna,63.93,97.0,45.46,26.93,3.92,AVERAGE
S9495,Aarohi,82.07,86.61,64.05,70.41,2.87,GOOD
S9496,Anusha,99.96,91.1,72.91,30.1,5.12,GOOD
S9497,Dev,62.19,99.45,84.63,37.51,3.48,GOOD
S9498,Yash,73.64,84.45,57.91,93.64,3.62,GOOD
S9499,Nithin,95.51,74.04,92.39,70.59,5.92,EXCELLENT
S9500,Jatin,55.15,88.6,55.04,10.66,5.45,AVERAGE
S9501,Meera,96.41,73.83,99.89,72.12,5.66,EXCELLENT
S9502,Karthik,74.41,65.95,46.9,79.38,1.85,AVERAGE
S9503,Avinash,94.65,41.95,89.98,91.33,5.4,GOOD
S9504,Bhavya,81.07,78.58,47.93,68.51,3.14,AVERAGE
S9505,Deepika,83.57,93.85,85.56,9.57,5.26,GOOD
S9506,Riya,88.65,81.59,91.74,76.53,3.54,GOOD
S9507,Swathi,53.36,64.25,58.78,65.63,4.33,AVERAGE
S9508,Aadhya,81.39,77.01,46.08,45.61,2.25,AVERAGE
S9509,Rajesh,96.2,88.78,99.99,76.05,1.97,EXCELLENT
S9510,Dharani,97.81,85.85,98.26,52.51,3.79,GOOD
S9511,Aman,98.42,69.47,85.41,93.23,1.72,GOOD
S9512,Rajesh,82.29,61.7,63.19,93.16,4.12,GOOD
S9513,Abhinav,81.66,63.81,48.06,22.54,1.16,AVERAGE
S9514,Vedant,77.62,94.47,65.08,44.06,2.0,GOOD
S9515,Rohan,80.38,50.19,83.22,19.85,2.38,AVERAGE
S9516,Shreya,80.61,91.78,49.14,33.07,1.84,AVERAGE
S9517,Vidya,52.12,51.72,41.01,22.31,1.59,AT RISK
S9518,Surya,54.44,98.85,94.24,51.19,4.82,GOOD
S9519,Jatin,80.97,66.9,82.0,0.06,3.09,AVERAGE
S9520,Vignesh,65.71,84.01,81.63,79.14,2.27,GOOD
S9521,Vidya,65.07,83.76,96.83,15.89,2.52,AVERAGE
S9522,Jeeva,59.67,86.35,71.24,27.41,4.97,AVERAGE
S9523,Sahana,90.05,87.36,59.08,17.49,2.13,AVERAGE
S9524,Rahul,98.22,42.34,94.57,35.4,4.81,AVERAGE
S9525,Karthik,81.39,56.4,99.15,7.7,4.65,AVERAGE
S9526,Sneha,97.27,53.78,41.23,85.89,1.34,AVERAGE
S9527,Pavithra,94.19,81.92,59.84,41.49,5.53,GOOD
S9528,Surya,60.9,81.0,61.74,92.42,3.82,GOOD
S9529,Ganesh,57.68,57.82,46.67,4.7,5.19,AVERAGE
S9530,Hari,60.58,87.61,53.29,17.26,2.59,AVERAGE
S9531,Sneha,54.81,58.7,41.47,83.58,4.45,AVERAGE
S9532,Krishna,79.14,60.58,81.78,46.38,4.01,AVERAGE
S9533,Priya,64.13,63.93,46.41,5.94,2.35,AT RISK
S9534,Sanjay,95.65,84.68,93.26,4.67,5.26,GOOD
S9535,Pavithra,80.67,40.71,75.04,89.49,5.07,AVERAGE
S9536,Varun,67.98,94.39,61.37,26.17,4.35,AVERAGE
S9537,Muthu,99.23,81.52,88.53,41.09,5.34,GOOD
S9538,Aarohi,97.66,75.2,79.04,89.7,2.1,GOOD
S9539,Madhavan,88.93,54.24,85.18,66.76,4.55,GOOD
S9540,Shreya,89.58,87.13,92.67,77.04,2.44,GOOD
S9541,Gayathri,98.86,92.37,88.46,47.15,5.7,EXCELLENT
S9542,Sakshi,80.02,70.09,86.75,69.52,3.82,GOOD
S9543,Sakshi,94.0,57.55,83.79,58.43,5.25,GOOD
S9544,Aryan,53.24,62.83,62.65,17.03,1.9,AVERAGE
S9545,Nithin,77.7,64.98,79.11,57.27,2.59,AVERAGE
S9546,Hari,75.13,58.35,73.94,92.56,4.82,GOOD
S9547,Ravi,51.89,82.73,97.81,34.52,2.79,AVERAGE
S9548,Ananya,54.35,60.53,70.06,49.39,1.45,AVERAGE
S9549,Dhanush,51.09,89.27,53.31,41.61,4.29,AVERAGE
S9550,Reshma,64.7,67.82,67.46,68.86,1.55,AVERAGE
S9551,Aditya,52.68,77.74,64.88,62.7,3.78,AVERAGE
S9552,Shreya,71.16,96.88,68.11,47.71,5.18,GOOD
S9553,Pooja,90.64,66.76,74.86,4.73,3.92,AVERAGE
S9554,Varsha,80.69,50.22,96.88,26.45,3.5,AVERAGE
S9555,Ramya,83.69,73.0,56.86,31.45,2.14,AVERAGE
S9556,Sanjana,51.58,69.8,98.15,73.25,1.81,AVERAGE
S9557,Karthik,91.98,86.95,86.77,39.63,1.09,GOOD
S9558,Vijay,57.31,91.61,50.98,37.83,5.0,AVERAGE
S9559,Hari,65.13,82.76,56.83,44.59,1.15,AVERAGE
S9560,Yogesh,75.84,98.29,94.56,43.2,5.29,GOOD
S9561,Aarav,96.5,56.15,88.08,71.77,2.98,GOOD
S9562,Anusha,99.91,54.35,48.6,67.03,5.55,GOOD
S9563,Mohan,89.13,57.48,75.07,76.29,1.78,AVERAGE
S9564,Aryan,86.47,80.25,56.62,20.74,5.05,AVERAGE
S9565,Zoya,76.38,53.95,77.79,74.14,5.33,GOOD
S9566,Monisha,83.28,45.31,50.41,29.62,3.09,AVERAGE
S9567,Aryan,57.22,98.66,61.11,0.01,5.91,AVERAGE
S9568,Aditya,63.46,58.88,63.31,63.96,2.06,AVERAGE
S9569,Sanjana,99.23,53.34,72.26,1.18,1.56,AVERAGE
S9570,Varsha,98.98,61.52,54.36,9.8,5.86,AVERAGE
S9571,Bhavya,66.15,49.51,83.66,4.11,2.28,AVERAGE
S9572,Shankar,62.05,42.15,88.56,60.64,1.14,AVERAGE
S9573,Shankar,61.48,58.32,78.4,20.79,2.97,AVERAGE
S9574,Gayathri,74.24,60.27,94.18,80.92,5.96,GOOD
S9575,Dhanush,61.19,88.66,87.43,35.63,5.2,GOOD
S9576,Vignesh,82.42,66.14,42.64,33.52,1.48,AVERAGE
S9577,Gayathri,53.74,84.21,45.08,51.48,2.8,AVERAGE
S9578,Shankar,55.18,84.14,79.6,77.5,3.68,GOOD
S9579,Yash,63.85,87.34,83.31,69.64,4.98,GOOD
S9580,Dev,88.87,95.11,98.07,20.65,1.96,GOOD
S9581,Amrita,66.16,69.92,40.2,76.35,1.45,AVERAGE
S9582,Ishaan,73.54,46.24,54.22,50.68,4.67,AVERAGE
S9583,Akshara,82.83,42.32,89.91,98.74,1.11,AVERAGE
S9584,Dev,89.43,51.21,93.49,51.68,3.58,GOOD
S9585,Aman,65.36,89.75,67.87,28.62,4.53,AVERAGE
S9586,Mahesh,86.55,74.46,69.03,76.11,4.33,GOOD
S9587,Vijay,64.3,48.41,91.22,2.93,3.55,AVERAGE
S9588,Sneha,82.22,47.96,67.6,72.46,4.91,AVERAGE
S9589,Nithin,72.54,93.49,87.25,54.32,3.95,GOOD
S9590,Pranav,96.33,71.2,96.92,17.56,5.12,GOOD
S9591,Pooja,99.1,50.31,55.71,2.41,3.9,AVERAGE
S9592,Diya,88.71,93.8,56.46,4.66,3.16,AVERAGE
S9593,Rakesh,95.77,83.24,96.32,8.18,3.99,GOOD
S9594,Deepak,56.83,68.67,65.46,48.77,3.13,AVERAGE
S9595,Vijay,82.72,67.9,40.94,70.76,2.05,AVERAGE
S9596,Gayathri,59.92,80.36,70.15,13.38,3.36,AVERAGE
S9597,Swathi,63.85,60.3,77.01,15.9,5.74,AVERAGE
S9598,Kavya,76.14,99.99,54.68,81.4,3.94,GOOD
S9599,Ganesh,87.1,87.07,83.64,22.79,4.64,GOOD
S9600,Pradeep,86.07,78.46,53.98,82.79,4.29,GOOD
S9601,Sakshi,93.47,81.25,47.18,9.5,3.31,AVERAGE
S9602,Ishaan,77.96,99.77,54.96,83.69,3.04,GOOD
S9603,Janani,96.32,40.65,72.03,73.26,1.99,AVERAGE
S9604,Deepika,94.39,41.37,91.35,14.77,1.08,AVERAGE
S9605,Gayathri,92.45,87.1,71.76,33.79,5.32,GOOD
S9606,Krishna,61.48,52.56,90.94,33.31,2.39,AVERAGE
S9607,Mohan,76.57,81.11,43.85,13.38,3.96,AVERAGE
S9608,Jeeva,86.81,70.2,62.36,37.71,3.31,AVERAGE
S9609,Aadhya,98.81,59.12,66.11,67.78,1.55,AVERAGE
S9610,Diya,50.58,53.88,88.1,73.05,1.18,AVERAGE
S9611,Aryan,66.36,86.6,76.64,20.29,5.71,GOOD
S9612,Nikhil,67.12,50.26,87.1,72.18,2.81,AVERAGE
S9613,Varun,64.43,49.52,60.31,26.67,2.57,AVERAGE
S9614,Deepak,90.87,66.52,96.04,4.25,1.42,AVERAGE
S9615,Meera,52.25,47.16,88.82,19.46,1.01,AT RISK
S9616,Malar,67.97,78.49,94.93,34.22,4.62,GOOD
S9617,Varsha,85.58,99.52,55.77,3.59,5.43,GOOD
S9618,Aadhya,70.34,84.87,40.39,9.53,2.27,AVERAGE
S9619,Anjali,57.2,76.19,76.93,35.62,3.24,AVERAGE
S9620,Aarohi,80.54,63.68,69.55,92.46,4.1,GOOD
S9621,Srinivas,76.13,99.28,86.74,63.58,1.83,GOOD
S9622,Reshma,99.09,92.8,45.85,93.44,2.85,GOOD
S9623,Muthu,87.43,89.24,75.73,3.72,3.45,GOOD
S9624,Gaurav,99.31,53.8,51.93,86.81,4.22,GOOD
S9625,Ishaan,59.32,47.41,70.88,13.57,5.91,AVERAGE
S9626,Monisha,88.08,50.68,49.5,23.69,3.48,AVERAGE
S9627,Pavithra,77.58,55.52,94.74,10.03,2.29,AVERAGE
S9628,Karthik,85.63,44.9,51.0,41.12,4.27,AVERAGE
S9629,Aarav,73.38,93.31,74.5,20.25,1.57,AVERAGE
S9630,Rakesh,60.62,51.11,40.34,73.94,1.03,AVERAGE
S9631,Zoya,52.29,53.6,49.39,75.49,2.88,AVERAGE
S9632,Rakesh,91.91,93.29,69.96,29.05,1.35,GOOD
S9633,Varsha,90.74,97.49,42.46,79.98,3.39,GOOD
S9634,Pavithra,58.13,53.31,72.57,16.37,2.63,AVERAGE
S9635,Monisha,82.26,57.65,51.06,4.03,5.47,AVERAGE
S9636,Aarohi,86.89,88.01,83.59,16.5,1.89,GOOD
S9637,Ramya,77.88,98.22,92.1,24.58,4.47,GOOD
S9638,Madhavan,65.86,78.98,85.51,5.03,4.16,AVERAGE
S9639,Nikhil,94.05,66.56,43.8,10.98,5.98,AVERAGE
S9640,Vijay,82.12,80.47,69.78,30.27,3.84,AVERAGE
S9641,Pradeep,86.01,86.82,46.67,85.24,5.04,GOOD
S9642,Shankar,82.61,46.76,64.54,85.55,2.76,AVERAGE
S9643,Varun,86.06,66.12,90.37,99.36,1.36,GOOD
S9644,Aditya,57.25,91.44,42.47,9.8,3.02,AVERAGE
S9645,Zoya,96.13,82.33,55.1,0.18,4.36,AVERAGE
S9646,Ganesh,64.29,49.23,89.59,56.56,2.27,AVERAGE
S9647,Akash,91.83,85.31,64.36,60.32,1.69,GOOD
S9648,Pavithra,94.67,80.05,54.12,23.62,1.52,AVERAGE
S9649,Diya,82.56,55.88,96.96,79.7,3.64,GOOD
S9650,Sanjana,79.92,60.64,49.34,95.6,2.67,AVERAGE
S9651,Varun,55.45,58.86,87.32,33.17,4.82,AVERAGE
S9652,Lakshmi,71.81,99.59,50.68,94.58,4.19,GOOD
S9653,Akash,80.58,51.02,97.78,10.43,5.69,AVERAGE
S9654,Aadhya,54.09,89.76,87.16,47.56,5.9,GOOD
S9655,Kishore,55.57,71.84,56.59,19.72,1.0,AVERAGE
S9656,Naveen,99.67,92.83,99.02,58.44,2.18,GOOD
S9657,Rajesh,66.61,98.91,46.87,7.11,2.21,AVERAGE
S9658,Gaurav,67.49,97.66,91.58,50.44,5.4,GOOD
S9659,Surya,62.58,91.26,81.97,17.32,1.66,AVERAGE
S9660,Vasanth,82.3,64.81,50.43,41.75,3.09,AVERAGE
S9661,Arjun,73.65,56.28,72.78,68.81,1.27,AVERAGE
S9662,Aishwarya,89.52,59.17,40.72,33.38,3.39,AVERAGE
S9663,Varsha,75.62,79.19,74.39,54.04,1.19,AVERAGE
S9664,Lakshmi,50.77,60.51,74.93,97.15,4.62,AVERAGE
S9665,Akshara,74.13,66.09,64.51,87.53,3.59,GOOD
S9666,Reshma,52.76,44.78,89.46,99.7,5.99,AVERAGE
S9667,Sakshi,91.34,86.26,95.84,17.7,5.93,GOOD
S9668,Aarohi,55.68,46.69,72.03,49.41,4.92,AVERAGE
S9669,Rajesh,60.85,60.22,80.44,78.42,2.46,AVERAGE
S9670,Dharani,73.0,75.43,48.75,92.9,1.56,AVERAGE
S9671,Aman,59.76,71.87,99.89,24.09,1.78,AVERAGE
S9672,Ishaan,76.96,93.59,91.47,98.78,4.45,EXCELLENT
S9673,Aadhya,73.03,79.52,96.94,44.14,1.67,GOOD
S9674,Vidya,97.63,87.34,86.68,77.21,2.42,GOOD
S9675,Aarohi,54.42,58.21,59.37,51.84,1.46,AVERAGE
S9676,Muthu,78.84,47.94,53.3,29.76,1.26,AVERAGE
S9677,Sneha,86.02,84.6,70.66,10.89,2.95,AVERAGE
S9678,Vijay,56.38,49.21,44.96,16.19,3.07,AT RISK
S9679,Pavithra,81.82,90.05,73.11,64.74,1.96,GOOD
S9680,Sanjana,93.21,96.58,62.2,55.39,5.6,GOOD
S9681,Aryan,89.38,56.98,83.68,43.28,4.04,AVERAGE
S9682,Aadhya,96.76,85.66,77.54,62.61,2.46,GOOD
S9683,Aryan,86.03,66.24,54.79,50.74,5.17,AVERAGE
S9684,Ganesh,69.7,57.94,84.01,14.13,3.76,AVERAGE
S9685,Vedant,96.02,65.87,58.67,26.15,3.23,AVERAGE
S9686,Amrita,61.27,78.81,54.92,43.18,4.76,AVERAGE
S9687,Gaurav,79.19,99.28,65.11,39.78,2.83,GOOD
S9688,Swathi,88.28,58.0,49.47,90.25,5.01,GOOD
S9689,Kavin,93.61,82.36,59.51,94.19,1.02,GOOD
S9690,Meera,95.83,60.09,55.59,53.41,2.23,AVERAGE
S9691,Vasanth,54.25,55.08,41.3,26.57,3.65,AT RISK
S9692,Gayathri,86.3,77.91,58.05,79.89,5.18,GOOD
S9693,Mahesh,60.21,85.68,68.01,18.18,4.72,AVERAGE
S9694,Riya,88.96,83.04,89.78,49.22,5.67,GOOD
S9695,Reshma,85.03,96.56,50.83,99.42,2.3,GOOD
S9696,Jeeva,59.07,46.44,59.64,87.48,5.61,AVERAGE
S9697,Sneha,91.64,72.44,41.76,92.96,1.57,AVERAGE
S9698,Rakesh,73.09,57.45,44.51,9.79,2.0,AT RISK
S9699,Preethi,77.19,89.02,61.37,46.21,3.33,GOOD
S9700,Varun,98.57,43.72,70.0,76.91,2.05,AVERAGE
S9701,Deepika,82.83,50.55,84.9,15.6,1.16,AVERAGE
S9702,Gayathri,79.43,86.32,85.79,76.9,4.2,GOOD
S9703,Akshara,50.84,61.28,94.84,34.18,3.04,AVERAGE
S9704,Harini,59.96,80.91,94.47,88.72,5.61,GOOD
S9705,Bharath,51.33,99.91,46.09,41.76,5.92,AVERAGE
S9706,Vijay,66.67,67.59,46.72,25.03,5.63,AVERAGE
S9707,Akash,67.23,71.98,69.81,91.69,3.58,GOOD
S9708,Sanjay,76.52,98.52,75.37,71.28,2.54,GOOD
S9709,Sanjana,84.49,84.78,75.87,46.3,5.78,GOOD
S9710,Gaurav,58.97,51.81,69.18,96.1,2.87,AVERAGE
S9711,Harini,80.08,88.26,98.87,60.24,2.89,GOOD
S9712,Ramya,95.85,70.95,70.54,58.7,4.18,GOOD
S9713,Vidya,59.25,87.24,96.12,36.12,4.17,GOOD
S9714,Sneha,82.95,75.91,99.29,83.47,1.52,GOOD
S9715,Krishna,52.28,53.64,66.64,58.53,1.96,AVERAGE
S9716,Harini,76.56,88.87,48.03,62.16,1.0,AVERAGE
S9717,Sameer,87.08,40.12,59.56,93.62,1.49,AVERAGE
S9718,Anjali,51.7,93.28,61.51,26.99,2.71,AVERAGE
S9719,Kishore,66.68,89.12,93.3,79.09,5.74,GOOD
S9720,Janani,93.9,98.21,97.7,81.08,5.0,EXCELLENT
S9721,Harish,61.27,42.13,50.18,6.34,2.14,AT RISK
S9722,Madhavan,86.14,66.26,41.2,72.23,1.58,AVERAGE
S9723,Tanvi,80.61,50.15,89.84,83.04,5.99,GOOD
S9724,Varsha,58.18,62.44,73.52,53.64,4.6,AVERAGE
S9725,Bharath,87.09,61.59,85.07,11.12,3.62,AVERAGE
S9726,Sanjana,76.6,75.85,59.9,7.89,5.89,AVERAGE
S9727,Anusha,55.6,66.25,49.51,2.36,5.77,AVERAGE
S9728,Gayathri,97.47,97.93,55.88,36.61,1.58,GOOD
S9729,Kishore,74.6,56.67,42.91,62.12,4.18,AVERAGE
S9730,Vikram,87.25,65.13,63.15,57.01,4.45,AVERAGE
S9731,Arnav,60.89,82.04,45.95,50.98,5.32,AVERAGE
S9732,Neha,56.86,56.59,67.83,41.73,3.49,AVERAGE
S9733,Sakshi,87.07,83.43,87.95,68.09,4.4,GOOD
S9734,Monisha,83.69,82.52,42.86,88.32,2.77,GOOD
S9735,Vijay,63.71,82.73,93.8,82.65,3.01,GOOD
S9736,Rahul,87.31,80.5,47.39,71.5,3.82,GOOD
S9737,Avinash,75.25,89.05,79.36,29.23,2.07,AVERAGE
S9738,Janani,67.43,99.7,54.43,94.05,4.96,GOOD
S9739,Rahul,89.34,43.32,90.7,86.12,3.49,GOOD
S9740,Abhinav,80.84,69.83,40.62,94.78,5.26,GOOD
S9741,Karthik,75.36,88.78,65.28,61.91,4.93,GOOD
S9742,Reshma,88.66,40.0,97.71,33.3,3.81,AVERAGE
S9743,Arnav,77.24,72.71,46.77,45.22,4.44,AVERAGE
S9744,Pooja,96.93,79.59,85.64,32.74,5.24,GOOD
S9745,Sneha,90.9,51.5,83.6,35.09,2.69,AVERAGE
S9746,Amrita,67.91,64.05,59.15,42.56,4.64,AVERAGE
S9747,Chetan,73.25,87.37,43.63,93.5,5.62,GOOD
S9748,Vasanth,97.87,44.0,89.99,49.75,1.16,AVERAGE
S9749,Vikram,94.76,48.09,94.29,40.44,3.5,AVERAGE
S9750,Dhanush,59.56,89.08,47.67,63.94,1.72,AVERAGE
S9751,Chetan,63.72,88.55,90.87,28.63,2.93,AVERAGE
S9752,Priya,68.22,75.42,89.99,0.88,5.14,AVERAGE
S9753,Jeeva,93.99,64.97,74.62,72.99,2.0,GOOD
S9754,Kavin,96.37,46.34,87.01,33.25,1.18,AVERAGE
S9755,Dev,90.12,88.69,42.37,23.75,2.42,AVERAGE
S9756,Jeeva,63.79,54.5,69.77,53.5,4.9,AVERAGE
S9757,Sanjana,94.35,94.79,98.02,16.11,1.54,GOOD
S9758,Divya,51.64,86.55,86.51,27.8,3.93,AVERAGE
S9759,Aarohi,71.14,44.86,56.09,51.23,4.71,AVERAGE
S9760,Vidya,68.88,78.13,77.41,97.44,3.85,GOOD
S9761,Srinivas,76.76,95.24,52.75,24.39,5.67,GOOD
S9762,Malar,78.03,92.75,53.33,46.7,4.79,GOOD
S9763,Lakshmi,61.27,76.8,51.36,52.8,1.44,AVERAGE
S9764,Kavya,60.23,50.32,51.4,71.29,5.28,AVERAGE
S9765,Divya,90.18,80.81,69.96,52.2,3.74,GOOD
S9766,Dhanush,53.81,79.97,58.59,73.34,5.84,AVERAGE
S9767,Sakshi,74.66,75.32,86.68,86.42,5.93,GOOD
S9768,Arjun,59.58,55.94,93.65,28.28,1.82,AVERAGE
S9769,Rajesh,65.98,94.02,69.26,83.57,2.24,GOOD
S9770,Sneha,63.86,70.15,51.48,26.27,4.27,AVERAGE
S9771,Shivani,85.43,57.83,99.88,80.93,1.28,GOOD
S9772,Shreya,72.8,55.31,42.82,63.67,3.0,AVERAGE
S9773,Keerthi,64.97,56.86,72.98,56.85,5.94,AVERAGE
S9774,Sneha,91.57,67.67,53.18,46.39,3.63,AVERAGE
S9775,Bhavya,54.29,53.85,96.26,54.54,2.66,AVERAGE
S9776,Pradeep,88.32,71.04,59.5,23.46,1.93,AVERAGE
S9777,Jeeva,62.42,51.52,97.48,49.81,4.75,AVERAGE
S9778,Avinash,95.9,56.26,98.37,60.85,5.65,GOOD
S9779,Vijay,50.28,47.18,96.58,38.16,5.62,AVERAGE
S9780,Swathi,77.83,61.44,87.56,38.18,1.33,AVERAGE
S9781,Diya,81.11,64.36,84.47,34.74,1.38,AVERAGE
S9782,Aryan,78.87,64.22,97.17,81.79,5.95,GOOD
S9783,Mahesh,90.75,83.49,53.42,38.44,5.77,GOOD
S9784,Isha,55.61,69.0,88.59,58.03,2.1,AVERAGE
S9785,Sneha,70.78,81.58,46.81,97.22,1.99,AVERAGE
S9786,Harish,93.19,41.99,61.71,3.01,3.95,AVERAGE
S9787,Bharath,94.44,66.2,64.11,21.99,2.59,AVERAGE
S9788,Aditya,74.92,45.39,99.72,92.52,4.59,GOOD
S9789,Mohan,77.9,67.73,59.26,71.67,2.03,AVERAGE
S9790,Tanvi,88.2,76.91,73.28,37.65,5.03,GOOD
S9791,Rahul,88.98,87.8,78.01,8.98,2.41,AVERAGE
S9792,Zoya,94.4,73.01,80.67,51.39,1.7,GOOD
S9793,Deepika,92.19,62.77,47.21,78.39,2.71,AVERAGE
S9794,Rakesh,70.72,55.87,73.55,42.29,1.1,AVERAGE
S9795,Madhavan,82.49,97.45,78.08,84.4,4.22,EXCELLENT
S9796,Manish,74.16,51.9,94.2,29.05,1.34,AVERAGE
S9797,Bhavya,55.9,42.54,97.44,49.52,1.74,AVERAGE
S9798,Rajesh,91.08,47.55,54.1,9.02,4.97,AVERAGE
S9799,Malar,80.09,99.85,52.63,52.56,3.53,GOOD
S9800,Ganesh,52.9,94.37,81.02,86.11,3.96,GOOD
S9801,Muthu,83.84,59.22,69.37,15.22,2.41,AVERAGE
S9802,Malar,64.16,40.23,84.61,60.96,5.86,AVERAGE
S9803,Kishore,53.46,86.03,90.91,31.43,5.94,GOOD
S9804,Shreya,80.33,58.03,40.64,35.34,2.83,AVERAGE
S9805,Aadhya,86.61,41.33,92.72,0.86,4.94,AVERAGE
S9806,Vikram,75.86,67.4,55.93,53.3,5.01,AVERAGE
S9807,Jatin,50.28,65.45,98.16,98.53,5.57,GOOD
S9808,Malar,78.84,61.71,65.82,14.69,5.31,AVERAGE
S9809,Rohan,50.33,79.2,91.15,23.43,3.2,AVERAGE
S9810,Shankar,96.32,83.56,52.0,22.63,2.8,AVERAGE
S9811,Vikram,63.37,73.55,71.51,56.21,5.68,GOOD
S9812,Varun,93.55,40.84,43.8,18.99,3.04,AVERAGE
S9813,Shivani,50.61,41.34,84.09,95.17,3.6,AVERAGE
S9814,Sakshi,54.86,92.9,96.53,69.63,1.48,GOOD
S9815,Naveen,72.57,51.19,90.59,62.53,2.47,AVERAGE
S9816,Naveen,87.93,63.88,80.82,0.4,1.81,AVERAGE
S9817,Reshma,97.13,46.21,47.14,47.06,1.41,AVERAGE
S9818,Madhavan,76.05,53.76,99.04,80.94,2.85,GOOD
S9819,Chetan,67.77,69.12,60.64,50.7,3.58,AVERAGE
S9820,Sanjay,52.23,54.13,77.97,73.83,4.9,AVERAGE
S9821,Naveen,79.19,79.54,56.38,68.21,4.04,GOOD
S9822,Aishwarya,69.0,62.04,89.64,92.95,5.12,GOOD
S9823,Akash,95.46,87.31,62.71,36.66,2.16,GOOD
S9824,Janani,74.0,76.12,63.44,82.54,4.98,GOOD
S9825,Kishore,88.27,55.24,40.27,26.04,1.26,AVERAGE
S9826,Divya,92.41,88.5,74.52,55.75,2.39,GOOD
S9827,Bhavya,54.91,95.93,55.04,61.79,3.22,AVERAGE
S9828,Anjali,72.04,47.2,95.31,44.27,5.79,AVERAGE
S9829,Ishaan,94.69,80.18,86.99,10.24,1.45,AVERAGE
S9830,Vasanth,71.22,77.85,97.12,43.42,2.31,GOOD
S9831,Malar,78.26,80.18,63.38,19.7,1.76,AVERAGE
S9832,Vidya,93.66,41.87,79.7,48.73,3.13,AVERAGE
S9833,Swathi,61.63,41.69,67.11,2.06,2.64,AT RISK
S9834,Varsha,94.73,57.69,94.56,48.34,1.46,AVERAGE
S9835,Aadhya,69.85,44.81,59.46,37.73,3.41,AVERAGE
S9836,Karthik,79.65,61.96,59.71,1.35,3.43,AVERAGE
S9837,Aarav,66.4,92.35,61.96,62.28,4.15,GOOD
S9838,Dharani,76.36,61.27,69.87,31.3,5.2,AVERAGE
S9839,Sneha,52.46,63.57,93.26,58.24,5.87,AVERAGE
S9840,Karthik,53.26,56.05,52.45,88.59,1.52,AVERAGE
S9841,Keerthi,70.74,65.3,79.08,86.44,2.69,GOOD
S9842,Aishwarya,66.75,87.85,58.36,50.36,5.86,GOOD
S9843,Deepika,80.79,89.85,44.96,47.13,3.84,AVERAGE
S9844,Sneha,51.9,65.26,97.22,53.33,2.98,AVERAGE
S9845,Zoya,58.38,63.81,87.15,39.03,3.17,AVERAGE
S9846,Gaurav,60.48,51.7,97.12,29.51,5.21,AVERAGE
S9847,Divya,72.02,98.54,64.02,15.76,5.32,GOOD
S9848,Mohan,62.34,58.66,85.42,91.51,2.48,AVERAGE
S9849,Vikram,56.88,60.56,79.07,6.16,2.54,AVERAGE
S9850,Ishaan,79.88,65.79,77.14,34.51,4.5,AVERAGE
S9851,Naveen,87.19,44.83,42.42,16.64,1.34,AT RISK
S9852,Tanvi,84.26,59.71,44.3,6.05,5.23,AVERAGE
S9853,Deepika,63.81,95.84,51.72,17.28,1.03,AVERAGE
S9854,Vedant,92.72,44.47,84.98,45.6,3.31,AVERAGE
S9855,Ashwin,80.59,54.43,87.9,55.89,4.96,GOOD
S9856,Avinash,80.73,53.07,78.83,89.44,5.57,GOOD
S9857,Gaurav,60.64,54.1,51.52,68.38,4.13,AVERAGE
S9858,Karthik,62.11,97.28,86.66,80.2,3.65,GOOD
S9859,Aarohi,73.74,82.51,46.81,55.33,4.49,AVERAGE
S9860,Yogesh,61.89,95.19,93.64,20.13,5.21,GOOD
S9861,Keerthi,84.4,91.46,63.09,84.99,1.06,GOOD
S9862,Nithin,65.43,77.48,83.63,47.45,4.03,GOOD
S9863,Shankar,57.6,73.59,50.17,77.12,4.83,AVERAGE
S9864,Nithin,57.58,70.55,58.86,0.64,5.63,AVERAGE
S9865,Preethi,56.36,81.37,69.72,44.56,3.0,AVERAGE
S9866,Arjun,71.99,82.11,69.78,33.89,5.51,GOOD
S9867,Naveen,50.15,75.97,45.83,29.72,4.15,AVERAGE
S9868,Kishore,77.12,66.94,72.9,67.48,2.67,AVERAGE
S9869,Vignesh,64.92,80.52,44.51,82.45,5.92,GOOD
S9870,Aarav,77.62,49.4,95.42,86.4,1.29,AVERAGE
S9871,Vedant,96.77,73.09,65.31,80.07,5.35,GOOD
S9872,Nithin,93.45,71.16,66.34,81.17,3.64,GOOD
S9873,Pradeep,78.82,72.08,74.62,83.51,3.92,GOOD
S9874,Neha,70.9,70.65,86.9,69.36,5.16,GOOD
S9875,Gaurav,84.92,85.02,44.17,75.99,5.64,GOOD
S9876,Keerthi,96.16,85.45,82.18,22.12,5.48,GOOD
S9877,Kavya,74.48,59.77,94.63,95.72,3.33,GOOD
S9878,Meera,54.97,61.05,66.35,50.31,4.56,AVERAGE
S9879,Keerthi,88.3,40.99,40.8,26.28,4.76,AVERAGE
S9880,Riya,50.52,46.8,54.84,45.45,2.73,AT RISK
S9881,Aditya,88.23,55.74,96.46,82.33,2.52,GOOD
S9882,Jatin,54.25,85.94,47.08,69.25,5.11,AVERAGE
S9883,Krishna,55.33,87.87,40.82,15.26,3.68,AVERAGE
S9884,Bhavya,89.09,54.88,96.15,43.86,2.12,AVERAGE
S9885,Reshma,84.48,92.19,91.78,75.51,5.4,EXCELLENT
S9886,Dharani,78.1,62.54,67.62,69.4,3.47,AVERAGE
S9887,Shivani,91.03,87.88,40.32,18.96,5.36,AVERAGE
S9888,Vedant,92.57,68.01,75.03,74.29,1.82,GOOD
S9889,Arjun,72.88,82.76,89.01,67.48,5.45,GOOD
S9890,Shankar,99.81,61.38,57.16,24.44,3.02,AVERAGE
S9891,Riya,67.88,44.24,50.36,30.76,2.46,AT RISK
S9892,Ganesh,58.58,55.24,94.28,41.94,2.84,AVERAGE
S9893,Neha,92.3,81.83,86.08,67.37,4.01,GOOD
S9894,Sanjay,70.78,95.08,66.88,95.14,2.5,GOOD
S9895,Sameer,93.72,77.7,94.3,99.47,4.22,EXCELLENT
S9896,Karthik,53.06,86.14,76.49,68.92,3.52,GOOD
S9897,Varun,55.55,40.85,96.65,41.24,4.28,AVERAGE
S9898,Kavin,52.01,85.6,46.19,6.85,2.69,AVERAGE
S9899,Aarohi,80.1,90.13,66.18,59.3,2.3,GOOD
S9900,Ashwin,91.59,64.76,80.75,48.17,4.37,GOOD
S9901,Rajesh,70.13,69.63,64.47,67.07,3.65,AVERAGE
S9902,Vedant,54.53,43.14,60.99,96.45,1.71,AVERAGE
S9903,Anusha,68.67,50.48,81.73,16.68,4.26,AVERAGE
S9904,Yash,67.4,43.39,76.34,37.06,2.38,AVERAGE
S9905,Bharath,82.17,83.88,56.95,57.62,2.82,GOOD
S9906,Sanjana,82.61,87.99,66.64,35.07,5.28,GOOD
S9907,Charan,55.15,46.52,82.41,17.6,2.01,AVERAGE
S9908,Lakshmi,71.01,95.3,77.61,59.85,3.15,GOOD
S9909,Srinivas,82.13,90.37,67.18,3.94,1.43,AVERAGE
S9910,Gaurav,62.94,74.58,55.6,37.7,3.25,AVERAGE
S9911,Manish,70.35,98.7,46.88,97.27,5.61,GOOD
S9912,Ganesh,80.68,92.95,90.41,47.82,3.79,GOOD
S9913,Avinash,70.14,53.36,89.22,10.16,5.34,AVERAGE
S9914,Dharani,51.54,97.24,76.8,83.43,3.71,GOOD
S9915,Vijay,61.13,66.58,74.28,17.9,1.29,AVERAGE
S9916,Keerthi,88.8,49.29,48.18,25.08,3.52,AVERAGE
S9917,Aditya,62.43,52.01,66.8,96.24,2.16,AVERAGE
S9918,Hari,90.89,81.05,69.03,77.51,3.16,GOOD
S9919,Pradeep,73.35,99.25,67.68,32.19,2.19,GOOD
S9920,Kavin,73.65,66.72,54.53,64.73,1.57,AVERAGE
S9921,Priya,88.53,74.39,47.43,48.78,2.06,AVERAGE
S9922,Bharath,69.16,58.01,95.88,89.25,3.01,GOOD
S9923,Pranav,61.92,90.73,73.38,56.03,5.11,GOOD
S9924,Mohan,55.25,46.91,91.75,66.08,4.85,AVERAGE
S9925,Lakshmi,83.6,74.93,80.32,14.91,1.18,AVERAGE
S9926,Dhanush,73.5,75.17,89.22,24.99,4.88,GOOD
S9927,Yogesh,90.47,40.07,52.96,2.65,1.15,AT RISK
S9928,Charan,72.88,96.43,46.36,58.82,1.38,AVERAGE
S9929,Deepak,70.74,98.46,76.83,56.25,4.81,GOOD
S9930,Ravi,64.94,68.05,72.96,30.78,2.97,AVERAGE
S9931,Bhavya,59.97,83.54,45.79,23.21,2.61,AVERAGE
S9932,Vikram,91.52,90.92,76.68,45.3,2.88,GOOD
S9933,Chetan,54.76,47.0,50.91,10.38,3.62,AT RISK
S9934,Nandini,95.11,45.08,46.49,85.3,4.03,AVERAGE
S9935,Bharath,51.35,81.36,99.11,83.19,4.35,GOOD
S9936,Gayathri,76.11,73.57,73.34,59.61,1.48,AVERAGE
S9937,Gayathri,52.92,80.76,59.79,90.16,1.82,AVERAGE
S9938,Sanjana,88.98,74.32,45.88,61.35,3.17,AVERAGE
S9939,Gaurav,60.57,83.58,95.0,49.09,5.32,GOOD
S9940,Ananya,78.3,49.29,96.55,60.0,4.81,GOOD
S9941,Shankar,95.82,52.94,55.42,8.54,1.93,AVERAGE
S9942,Surya,82.46,54.22,66.1,21.75,2.44,AVERAGE
S9943,Jatin,58.92,64.99,78.73,55.83,2.89,AVERAGE
S9944,Aadhya,89.83,85.57,46.67,11.22,5.3,AVERAGE
S9945,Aishwarya,72.07,89.88,72.22,80.96,5.89,GOOD
S9946,Aman,50.66,64.08,53.12,17.02,1.38,AT RISK
S9947,Aditya,74.34,76.12,53.52,41.85,3.43,AVERAGE
S9948,Varsha,90.62,57.71,76.18,48.46,2.81,AVERAGE
S9949,Sanjay,71.5,68.55,58.6,15.79,2.61,AVERAGE
S9950,Arnav,87.92,96.45,73.02,24.22,3.5,GOOD
S9951,Bharath,85.28,56.16,55.74,48.44,4.59,AVERAGE
S9952,Nandini,72.85,87.28,69.26,10.68,3.95,AVERAGE
S9953,Swathi,66.16,42.53,95.93,18.72,3.12,AVERAGE
S9954,Sanjana,86.33,60.71,69.08,2.32,4.61,AVERAGE
S9955,Gaurav,68.45,79.53,70.08,50.64,3.06,AVERAGE
S9956,Aishwarya,58.5,86.56,69.57,82.23,4.26,GOOD
S9957,Pradeep,66.04,75.53,91.39,81.08,1.84,GOOD
S9958,Priya,93.84,92.15,80.9,35.49,2.7,GOOD
S9959,Anusha,64.17,89.25,41.84,68.74,3.84,AVERAGE
S9960,Rakesh,61.75,77.05,47.08,98.99,5.59,GOOD
S9961,Riya,56.67,60.89,74.67,42.34,1.1,AVERAGE
S9962,Sahana,52.76,61.82,85.61,91.38,4.63,GOOD
S9963,Anirudh,98.83,76.91,47.02,77.85,3.42,GOOD
S9964,Ravi,76.84,79.39,70.17,17.68,4.72,AVERAGE
S9965,Muthu,86.48,63.68,78.55,44.42,1.57,AVERAGE
S9966,Janani,88.65,63.85,64.05,93.08,3.96,GOOD
S9967,Harish,67.62,50.61,81.61,16.76,3.11,AVERAGE
S9968,Nikhil,89.95,40.02,60.56,5.76,2.56,AVERAGE
S9969,Ravi,98.07,67.69,77.38,26.73,1.16,AVERAGE
S9970,Zoya,87.09,89.85,85.94,0.49,3.63,GOOD
S9971,Karthik,85.59,85.99,97.35,12.71,2.71,GOOD
S9972,Lakshmi,71.61,99.64,78.33,42.63,5.61,GOOD
S9973,Malar,92.07,80.16,61.09,76.44,4.76,GOOD
S9974,Deepak,54.44,54.03,83.27,21.37,1.44,AVERAGE
S9975,Arnav,87.48,80.64,88.27,84.97,2.55,GOOD
S9976,Mahesh,68.1,89.71,64.88,98.79,2.3,GOOD
S9977,Karthik,78.3,78.46,61.75,46.42,4.42,AVERAGE
S9978,Mahesh,94.65,68.9,49.15,99.21,3.88,GOOD
S9979,Swathi,80.25,77.11,80.61,57.78,2.79,GOOD
S9980,Gayathri,51.28,41.55,66.69,6.02,2.11,AT RISK
S9981,Srinivas,86.13,55.91,47.97,11.06,3.2,AVERAGE
S9982,Ravi,96.45,49.46,73.69,51.29,2.25,AVERAGE
S9983,Ramya,82.1,64.8,99.39,92.18,1.95,GOOD
S9984,Dhanush,93.07,93.58,43.08,9.85,5.08,AVERAGE
S9985,Gayathri,91.26,51.28,70.93,57.17,5.84,GOOD
S9986,Kishore,93.06,44.26,96.15,81.1,4.77,GOOD
S9987,Arjun,67.21,86.62,97.55,98.31,1.31,GOOD
S9988,Aarav,73.71,92.07,60.5,90.8,5.69,GOOD
S9989,Jatin,92.4,71.88,50.3,10.6,3.27,AVERAGE
S9990,Aadhya,95.52,62.59,65.24,7.68,2.33,AVERAGE
S9991,Mohan,57.34,65.83,59.11,20.53,4.86,AVERAGE
S9992,Gayathri,59.08,79.54,68.96,27.99,1.02,AVERAGE
S9993,Sakshi,67.34,89.88,75.76,86.58,1.15,GOOD
S9994,Aarohi,88.51,51.37,86.09,64.52,4.79,GOOD
S9995,Sanjay,93.75,94.14,78.05,94.22,1.8,GOOD
S9996,Dhanush,79.01,79.44,93.52,41.88,3.36,GOOD
S9997,Ramya,55.66,84.3,84.14,41.01,3.62,AVERAGE
S9998,Ananya,65.19,45.21,71.12,27.96,5.97,AVERAGE
S9999,Malar,92.85,95.1,47.16,43.75,2.65,GOOD
S10000,Rakesh,67.38,71.69,88.23,79.09,2.52,GOOD
S10001,Aadhya,55.14,61.73,82.85,69.67,3.37,AVERAGE
S10002,Dharani,65.1,63.94,60.17,78.97,3.42,AVERAGE
S10003,Riya,90.34,57.58,53.92,83.07,3.74,AVERAGE
S10004,Malar,74.67,49.78,79.48,0.43,5.39,AVERAGE
S10005,Zoya,58.58,42.08,45.05,23.73,4.55,AT RISK
S10006,Monisha,65.63,55.86,87.24,65.43,5.31,AVERAGE
S10007,Rohan,97.68,69.8,53.61,44.62,2.93,AVERAGE
S10008,Aarav,71.6,80.01,75.61,11.75,4.86,AVERAGE
S10009,Ashwin,72.08,84.0,58.21,6.48,5.81,AVERAGE
S10010,Riya,57.65,75.74,68.63,94.34,1.39,AVERAGE
S10011,Nikhil,65.23,46.96,88.04,84.84,3.18,AVERAGE
S10012,Muthu,90.73,65.89,57.22,31.9,3.98,AVERAGE
S10013,Pranav,89.31,80.04,41.99,63.93,3.93,GOOD
S10014,Ravi,71.77,84.59,44.64,14.68,3.57,AVERAGE
S10015,Deepika,94.68,59.47,44.47,13.5,5.11,AVERAGE
S10016,Neha,69.01,95.71,67.54,33.36,2.05,AVERAGE
S10017,Madhavan,93.22,87.72,45.0,28.12,5.83,GOOD
S10018,Aryan,51.58,91.1,64.76,97.94,5.04,GOOD
S10019,Lakshmi,67.36,79.99,81.87,2.44,2.47,AVERAGE
S10020,Madhavan,92.75,64.83,92.79,54.73,1.16,GOOD
S10021,Vijay,95.07,96.05,53.29,85.41,4.6,GOOD
S10022,Malar,87.82,94.09,92.6,2.59,1.13,GOOD
S10023,Sneha,83.49,89.71,98.69,55.37,3.43,GOOD
S10024,Ramya,90.78,93.47,77.54,38.0,3.91,GOOD
S10025,Reshma,85.38,95.0,84.23,21.59,5.89,GOOD
S10026,Anusha,62.71,84.78,68.98,23.54,2.57,AVERAGE
S10027,Aryan,73.31,52.02,44.49,81.44,4.59,AVERAGE
S10028,Vikram,83.04,72.31,97.6,46.45,5.77,GOOD
S10029,Arnav,79.39,76.96,96.72,4.59,3.31,AVERAGE
S10030,Divya,94.25,86.4,59.37,40.88,1.6,GOOD
S10031,Keerthi,73.69,69.71,51.74,81.67,1.62,AVERAGE
S10032,Aishwarya,58.9,70.77,43.93,68.92,2.95,AVERAGE
S10033,Rahul,60.73,99.73,69.87,95.5,2.62,GOOD
S10034,Ravi,92.3,67.13,95.49,77.31,2.58,GOOD
S10035,Kavya,50.44,47.8,42.46,17.09,3.42,AT RISK
S10036,Zoya,93.46,82.58,76.69,6.68,3.69,GOOD
S10037,Mahesh,52.78,61.75,90.13,46.26,2.33,AVERAGE
S10038,Darshan,69.58,54.91,62.78,44.48,3.2,AVERAGE
S10039,Harish,90.01,77.71,76.72,54.77,4.26,GOOD
S10040,Kavin,70.38,97.26,66.63,67.17,3.78,GOOD
S10041,Amrita,91.12,58.77,43.92,25.43,4.78,AVERAGE
S10042,Tanvi,55.01,62.34,70.27,98.83,2.37,AVERAGE
S10043,Pranav,75.58,67.93,45.34,49.48,2.88,AVERAGE
S10044,Vidya,79.12,81.28,81.1,71.5,3.77,GOOD
S10045,Malar,94.54,63.76,58.61,40.84,5.54,AVERAGE
S10046,Surya,54.68,65.51,88.15,68.44,4.06,AVERAGE
S10047,Ramya,66.93,82.05,75.22,98.34,2.44,GOOD
S10048,Pranav,82.97,99.11,96.1,15.36,1.18,GOOD
S10049,Kavin,99.0,58.99,84.26,43.59,3.57,GOOD
S10050,Abhinav,92.41,75.12,83.49,69.7,5.75,GOOD
S10051,Varun,92.32,87.66,58.28,85.69,4.34,GOOD
S10052,Aditya,75.86,52.73,66.52,63.72,3.12,AVERAGE
S10053,Jeeva,78.21,89.1,84.73,23.13,1.38,AVERAGE
S10054,Yogesh,92.93,61.3,83.32,64.52,1.58,GOOD
S10055,Ganesh,93.48,46.66,81.54,62.27,4.72,GOOD
S10056,Preethi,90.11,41.49,40.48,4.36,2.58,AT RISK
S10057,Gaurav,90.93,41.99,41.04,60.69,2.46,AVERAGE
S10058,Gayathri,93.98,87.86,44.05,53.26,2.15,GOOD
S10059,Varun,55.69,80.5,41.9,28.95,5.49,AVERAGE
S10060,Dharani,64.63,87.61,86.37,23.89,2.53,AVERAGE
S10061,Malar,98.81,85.18,72.81,76.79,1.88,GOOD
S10062,Anirudh,77.24,62.86,70.29,6.49,2.84,AVERAGE
S10063,Krishna,58.82,95.98,45.14,28.45,4.55,AVERAGE
S10064,Zoya,75.15,92.68,86.48,70.11,3.07,GOOD
S10065,Bharath,82.29,60.9,45.57,20.92,4.83,AVERAGE
S10066,Ramya,91.41,86.38,53.31,11.76,4.41,AVERAGE
S10067,Sameer,90.61,89.18,89.13,98.29,2.78,EXCELLENT
S10068,Shreya,52.46,69.31,81.55,56.56,5.38,AVERAGE
S10069,Shreya,72.68,47.23,45.56,26.88,1.37,AT RISK
S10070,Arnav,51.03,60.04,44.43,15.4,4.68,AT RISK
S10071,Ananya,94.41,99.33,64.39,0.71,3.54,GOOD
S10072,Aarohi,58.7,82.96,76.2,74.98,2.6,GOOD
S10073,Charan,81.24,86.48,54.81,35.75,3.04,AVERAGE
S10074,Pranav,78.53,94.72,75.11,19.46,3.94,GOOD
S10075,Ravi,81.28,52.17,61.56,90.35,2.37,AVERAGE
S10076,Hari,78.17,98.1,75.32,69.63,4.03,GOOD
S10077,Avinash,85.78,71.09,83.53,81.04,3.65,GOOD
S10078,Arjun,81.31,84.68,90.59,65.57,4.84,GOOD
S10079,Nandini,54.52,59.09,51.75,91.67,1.9,AVERAGE
S10080,Surya,68.34,59.76,45.11,34.45,2.78,AVERAGE
S10081,Aditya,77.33,61.58,47.1,15.64,3.55,AVERAGE
S10082,Deepika,66.26,60.88,49.92,0.67,4.64,AVERAGE
S10083,Aarohi,88.02,43.75,59.46,3.38,2.68,AVERAGE
S10084,Pranav,65.89,58.57,41.72,85.39,2.53,AVERAGE
S10085,Darshan,91.43,78.84,89.95,61.49,5.47,GOOD
S10086,Ganesh,57.34,94.12,90.94,4.56,1.54,AVERAGE
S10087,Sanjay,88.47,42.5,82.79,10.67,4.64,AVERAGE
S10088,Avinash,59.17,41.0,61.39,69.65,5.02,AVERAGE
S10089,Mohan,76.4,75.54,82.4,38.49,2.31,AVERAGE
S10090,Srinivas,66.03,81.98,74.48,77.44,3.19,GOOD
S10091,Jatin,81.87,76.49,79.74,93.66,3.6,GOOD
S10092,Hari,60.64,98.38,45.27,75.6,4.85,GOOD
S10093,Darshan,89.77,53.73,92.48,18.16,5.37,AVERAGE
S10094,Diya,78.68,68.87,60.92,64.97,2.96,AVERAGE
S10095,Ishaan,97.86,94.95,56.15,59.53,2.74,GOOD
S10096,Aryan,85.59,77.05,63.45,84.79,2.76,GOOD
S10097,Jeeva,80.37,74.63,54.84,20.03,1.98,AVERAGE
S10098,Rohan,91.46,95.97,99.65,71.89,1.28,GOOD
S10099,Karthik,60.98,60.33,78.77,59.98,5.45,AVERAGE
S10100,Dhanush,81.64,49.43,93.78,47.76,2.56,AVERAGE
S10101,Aman,69.52,47.75,97.06,29.11,1.06,AVERAGE
S10102,Sakshi,87.19,89.31,74.87,2.6,1.73,AVERAGE
S10103,Ganesh,51.22,91.42,88.03,80.56,5.71,GOOD
S10104,Gaurav,71.39,54.03,94.32,10.74,1.31,AVERAGE
S10105,Aarav,82.59,67.42,49.0,37.74,4.46,AVERAGE
S10106,Sakshi,73.03,75.09,56.15,49.62,4.9,AVERAGE
S10107,Dharani,61.9,48.34,64.1,32.97,4.74,AVERAGE
S10108,Meera,73.22,90.93,77.37,66.25,2.67,GOOD
S10109,Ishaan,92.49,65.13,86.1,32.85,4.2,GOOD
S10110,Bhavya,60.34,91.81,60.7,51.63,2.41,AVERAGE
S10111,Kishore,68.36,85.6,90.56,9.52,3.08,AVERAGE
S10112,Ravi,99.52,57.7,79.26,43.45,5.16,GOOD
S10113,Mahesh,95.64,82.99,62.32,58.3,4.03,GOOD
S10114,Sneha,51.7,84.44,80.84,86.18,3.34,GOOD
S10115,Jeeva,76.52,58.68,91.12,18.16,4.43,AVERAGE
S10116,Nikhil,53.27,55.22,60.16,33.86,4.7,AVERAGE
S10117,Aarohi,96.2,89.41,63.22,25.93,5.65,GOOD
S10118,Nandini,72.08,80.68,81.51,15.27,4.84,AVERAGE
S10119,Hari,70.92,84.37,65.79,38.56,3.39,AVERAGE
S10120,Aishwarya,63.65,58.78,50.66,90.83,2.09,AVERAGE
S10121,Gayathri,78.44,83.33,91.25,37.29,3.35,GOOD
S10122,Gayathri,57.25,82.86,52.09,27.22,3.2,AVERAGE
S10123,Harish,89.95,60.0,54.78,95.8,4.0,GOOD
S10124,Aarav,74.56,56.23,92.07,71.55,4.13,GOOD
S10125,Jatin,78.32,65.88,78.52,36.97,2.08,AVERAGE
S10126,Reshma,92.04,84.35,65.9,74.93,5.03,GOOD
S10127,Pavithra,59.26,51.62,62.91,63.85,3.07,AVERAGE
S10128,Ananya,58.76,92.46,50.99,85.48,4.94,GOOD
S10129,Chetan,71.04,55.32,44.07,11.1,1.08,AT RISK
S10130,Vedant,89.31,90.38,94.57,53.99,4.85,GOOD
S10131,Charan,52.93,49.35,42.68,70.21,3.75,AVERAGE
S10132,Darshan,89.76,84.37,43.7,99.77,3.12,GOOD
S10133,Madhavan,75.04,73.68,85.13,60.17,1.71,AVERAGE
S10134,Dhanush,78.09,79.69,93.62,14.07,5.43,GOOD
S10135,Abhinav,78.22,98.45,82.58,97.15,1.27,GOOD
S10136,Anirudh,52.81,43.15,54.52,45.88,1.57,AT RISK
S10137,Varun,62.49,48.95,56.24,48.82,5.23,AVERAGE
S10138,Surya,87.76,44.75,97.68,25.31,4.44,AVERAGE
S10139,Vignesh,70.61,71.18,82.0,81.36,5.22,GOOD
S10140,Shreya,78.03,88.17,89.67,52.93,5.86,GOOD
S10141,Keerthi,97.24,43.29,66.78,97.39,2.7,AVERAGE
S10142,Amrita,52.31,86.76,86.59,51.9,5.05,GOOD
S10143,Reshma,72.48,65.98,98.85,18.06,1.19,AVERAGE
S10144,Pradeep,68.06,96.49,61.4,77.03,5.56,GOOD
S10145,Chetan,55.32,62.96,59.23,14.77,4.18,AVERAGE
S10146,Hari,97.54,99.08,42.58,28.33,5.52,GOOD
S10147,Nandini,98.07,73.39,84.22,93.95,3.82,GOOD
S10148,Rahul,65.57,99.4,54.44,97.64,4.16,GOOD
S10149,Rajesh,97.34,77.91,55.23,77.67,5.65,GOOD
S10150,Rajesh,51.76,60.78,77.92,20.69,2.51,AVERAGE
S10151,Dev,99.04,88.2,84.33,74.19,2.72,GOOD
S10152,Keerthi,91.8,69.22,64.45,59.41,5.26,GOOD
S10153,Pradeep,60.72,58.53,96.67,44.67,5.83,AVERAGE
S10154,Shivani,79.98,68.7,49.7,44.61,4.34,AVERAGE
S10155,Aman,89.91,92.31,71.64,45.31,3.15,GOOD
S10156,Preethi,65.96,83.94,77.04,32.24,1.56,AVERAGE
S10157,Sameer,67.69,50.43,77.04,53.8,4.04,AVERAGE
S10158,Vikram,81.45,90.32,79.41,3.65,5.12,GOOD
S10159,Aman,57.35,65.89,78.03,84.85,1.55,AVERAGE
S10160,Ganesh,55.91,44.97,87.5,89.7,2.45,AVERAGE
S10161,Dharani,62.49,48.83,88.84,39.08,1.51,AVERAGE
S10162,Charan,87.06,43.97,98.65,94.86,2.69,GOOD
S10163,Muthu,68.33,80.6,96.38,77.61,3.89,GOOD
S10164,Vasanth,75.37,55.45,71.2,84.79,1.65,AVERAGE
S10165,Rajesh,59.77,45.78,82.36,89.13,3.37,AVERAGE
S10166,Kishore,59.71,61.94,64.15,34.03,1.07,AVERAGE
S10167,Darshan,82.52,92.02,79.04,81.27,5.12,GOOD
S10168,Dharani,55.42,77.72,40.45,14.51,4.38,AVERAGE
S10169,Dharani,83.39,69.17,62.06,97.7,4.25,GOOD
S10170,Tanvi,70.04,83.99,94.87,59.53,5.24,GOOD
S10171,Mahesh,83.56,44.55,80.5,69.41,1.69,AVERAGE
S10172,Aman,69.09,92.97,41.04,30.64,5.84,AVERAGE
S10173,Shreya,92.3,50.66,71.36,3.19,1.23,AVERAGE
S10174,Priya,52.78,41.28,61.95,16.31,3.23,AT RISK
S10175,Shivani,94.66,61.74,88.53,14.21,1.01,AVERAGE
S10176,Aman,63.43,43.51,46.89,44.24,5.6,AVERAGE
S10177,Aishwarya,52.13,50.02,76.24,29.25,3.39,AVERAGE
S10178,Deepika,78.12,84.34,82.72,94.44,2.37,GOOD
S10179,Sahana,61.22,64.28,75.73,84.15,3.22,AVERAGE
S10180,Ramya,72.96,40.41,56.47,53.99,5.76,AVERAGE
S10181,Gaurav,90.12,78.63,87.59,85.24,2.15,GOOD
S10182,Reshma,89.58,82.43,87.62,58.51,2.73,GOOD
S10183,Sanjay,80.02,94.12,61.66,92.0,1.05,GOOD
S10184,Anusha,98.89,49.28,56.0,74.51,2.1,AVERAGE
S10185,Jeeva,73.19,91.43,79.83,73.52,5.42,GOOD
S10186,Abhinav,51.97,82.52,62.07,27.49,3.4,AVERAGE
S10187,Diya,90.97,73.82,60.72,79.45,1.49,GOOD
S10188,Pooja,61.06,55.71,67.03,77.24,5.16,AVERAGE
S10189,Dhanush,58.81,67.47,67.49,8.09,5.23,AVERAGE
S10190,Ashwin,53.5,51.9,89.78,5.79,5.89,AVERAGE
S10191,Anusha,66.39,83.06,97.17,88.13,1.31,GOOD
S10192,Ravi,66.31,82.22,82.81,97.89,3.2,GOOD
S10193,Rahul,65.14,51.49,45.29,60.46,5.43,AVERAGE
S10194,Dhanush,79.66,55.16,60.27,17.08,1.59,AVERAGE
S10195,Deepika,87.58,94.07,51.38,42.12,2.81,GOOD
S10196,Shivani,96.89,68.3,79.8,2.1,5.53,GOOD
S10197,Manish,54.7,73.07,75.89,82.17,1.46,AVERAGE
S10198,Aadhya,57.52,97.52,98.95,10.32,4.63,GOOD
S10199,Nikhil,79.49,52.42,66.86,33.52,5.75,AVERAGE
S10200,Riya,54.91,77.63,46.33,56.27,4.01,AVERAGE
S10201,Anjali,68.54,86.44,75.9,69.81,5.4,GOOD
S10202,Manish,81.23,59.17,62.02,90.71,5.0,GOOD
S10203,Surya,89.03,58.53,50.68,42.18,5.03,AVERAGE
S10204,Aishwarya,60.88,93.81,62.26,19.1,4.15,AVERAGE
S10205,Darshan,83.4,45.96,54.29,10.89,1.35,AT RISK
S10206,Nandini,82.29,49.44,51.83,65.85,3.0,AVERAGE
S10207,Bharath,92.98,64.66,69.02,12.88,5.17,AVERAGE
S10208,Nandini,65.69,87.9,88.6,65.82,2.02,GOOD
S10209,Harini,87.5,67.3,93.14,45.62,2.5,GOOD
S10210,Kishore,87.6,56.23,55.62,41.65,3.56,AVERAGE
S10211,Lakshmi,61.96,65.22,66.9,26.09,3.11,AVERAGE
S10212,Varsha,81.06,66.73,90.57,90.18,5.09,GOOD
S10213,Ramya,83.76,83.62,99.32,71.62,5.87,EXCELLENT
S10214,Sanjana,63.72,92.13,91.0,52.47,1.53,GOOD
S10215,Dhanush,72.59,59.28,69.64,42.38,1.09,AVERAGE
S10216,Janani,71.79,82.51,92.21,36.04,4.87,GOOD
S10217,Arjun,88.68,82.08,82.4,39.92,1.37,GOOD
S10218,Arjun,50.03,86.02,46.81,85.36,2.2,AVERAGE
S10219,Anusha,75.05,74.52,45.05,42.14,2.75,AVERAGE
S10220,Bhavya,59.22,40.88,96.18,0.44,2.49,AVERAGE
S10221,Ravi,82.34,79.35,95.47,92.32,4.24,GOOD
S10222,Rahul,84.02,76.74,67.5,59.29,2.38,GOOD
S10223,Keerthi,75.06,76.69,79.71,16.57,4.04,AVERAGE
S10224,Aman,77.1,56.88,58.29,12.66,4.48,AVERAGE
S10225,Dharani,65.75,45.87,82.08,37.66,1.11,AVERAGE
S10226,Jeeva,65.67,51.36,66.77,61.22,2.84,AVERAGE
S10227,Rohan,87.26,52.97,60.91,93.92,1.26,AVERAGE
S10228,Nithin,56.59,50.42,66.44,5.45,4.83,AVERAGE
S10229,Lakshmi,88.58,54.67,67.33,35.28,1.29,AVERAGE
S10230,Varun,82.75,44.12,96.57,25.72,5.31,AVERAGE
S10231,Karthik,94.22,56.16,93.1,42.12,5.24,GOOD
S10232,Vijay,63.01,99.87,51.67,79.21,3.58,GOOD
S10233,Ashwin,75.31,70.68,56.71,15.85,5.71,AVERAGE
S10234,Sakshi,51.95,60.67,57.96,93.5,2.83,AVERAGE
S10235,Tanvi,95.63,83.23,40.69,25.64,2.51,AVERAGE
S10236,Varun,83.77,68.17,71.83,75.27,1.57,AVERAGE
S10237,Rakesh,81.14,41.77,68.96,63.95,4.64,AVERAGE
S10238,Aishwarya,86.63,72.84,47.48,54.78,3.13,AVERAGE
S10239,Sneha,64.22,58.24,99.41,84.39,5.89,GOOD
S10240,Karthik,80.19,74.27,85.68,60.72,5.35,GOOD
S10241,Dhanush,90.05,50.39,50.99,78.25,3.56,AVERAGE
S10242,Aishwarya,54.51,68.95,82.32,58.92,3.26,AVERAGE
S10243,Varsha,97.94,51.62,60.44,72.05,2.18,AVERAGE
S10244,Madhavan,94.59,57.93,77.97,4.75,1.76,AVERAGE
S10245,Anirudh,98.15,81.23,68.23,64.51,2.21,GOOD
S10246,Surya,90.42,53.66,48.33,88.9,3.75,AVERAGE
S10247,Sanjana,64.72,65.03,67.61,65.03,1.71,AVERAGE
S10248,Shreya,79.08,44.39,97.7,81.81,5.42,GOOD
S10249,Arjun,56.01,81.23,84.89,99.1,5.84,GOOD
S10250,Anirudh,87.71,72.34,77.59,15.63,2.33,AVERAGE
S10251,Anjali,57.68,88.83,90.61,68.91,4.22,GOOD
S10252,Jatin,93.34,72.1,89.72,89.72,3.05,GOOD
S10253,Rajesh,62.03,99.65,93.29,2.87,3.62,GOOD
S10254,Ravi,58.02,54.47,46.53,17.37,4.85,AVERAGE
S10255,Manish,53.55,84.53,47.77,24.97,4.05,AVERAGE
S10256,Sakshi,85.57,65.94,87.93,88.03,4.33,GOOD
S10257,Dev,59.31,62.56,99.72,97.72,1.73,GOOD
S10258,Deepak,59.88,83.89,73.75,91.35,2.2,GOOD
S10259,Isha,58.48,97.33,97.86,47.4,5.32,GOOD
S10260,Nandini,65.29,85.33,79.77,66.77,5.85,GOOD
S10261,Jatin,97.06,59.81,45.12,10.4,3.78,AVERAGE
S10262,Bhavya,74.33,70.59,95.58,97.91,2.04,GOOD
S10263,Rakesh,63.04,53.03,90.35,94.4,3.56,AVERAGE
S10264,Anjali,58.52,77.21,72.15,59.63,3.37,AVERAGE
S10265,Lakshmi,50.95,64.16,84.63,14.31,4.32,AVERAGE
S10266,Swathi,68.25,53.69,61.09,94.74,2.64,AVERAGE
S10267,Jatin,55.5,41.27,76.95,89.58,5.4,AVERAGE
S10268,Hari,51.35,95.52,64.79,99.07,5.89,GOOD
S10269,Aishwarya,55.15,44.73,71.63,50.79,5.56,AVERAGE
S10270,Yogesh,65.93,59.76,78.19,34.82,5.94,AVERAGE
S10271,Akash,87.54,51.43,43.23,37.72,1.69,AVERAGE
S10272,Ramya,53.35,69.65,45.76,49.71,2.26,AVERAGE
S10273,Meera,83.93,51.7,44.94,91.23,4.83,AVERAGE
S10274,Akshara,81.03,84.17,75.7,12.87,3.33,AVERAGE
S10275,Ganesh,94.1,53.49,64.77,64.85,5.8,GOOD
S10276,Deepak,59.2,51.13,70.0,91.52,1.74,AVERAGE
S10277,Deepak,89.71,53.01,70.02,27.38,2.54,AVERAGE
S10278,Anusha,93.24,57.85,42.43,52.52,4.23,AVERAGE
S10279,Divya,98.82,78.51,87.76,79.45,3.05,GOOD
S10280,Tanvi,90.43,52.58,82.04,51.48,2.81,AVERAGE
S10281,Diya,56.19,81.81,81.27,52.75,3.76,AVERAGE
S10282,Aryan,97.36,65.81,42.06,76.66,5.02,GOOD
S10283,Aarav,90.75,51.82,79.1,16.47,3.16,AVERAGE
S10284,Aadhya,60.62,54.4,70.03,71.49,1.17,AVERAGE
S10285,Sakshi,58.26,71.64,85.63,91.39,4.91,GOOD
S10286,Rahul,96.82,62.72,45.81,10.19,4.61,AVERAGE
S10287,Abhinav,57.78,70.82,84.8,6.02,3.53,AVERAGE
S10288,Meera,88.86,88.75,97.7,8.75,4.02,GOOD
S10289,Jatin,70.26,42.75,91.06,73.54,2.84,AVERAGE
S10290,Vignesh,86.19,63.62,93.65,39.12,1.53,AVERAGE
S10291,Gayathri,54.59,64.93,44.55,46.45,4.99,AVERAGE
S10292,Harini,86.25,55.06,71.78,72.84,2.97,AVERAGE
S10293,Shivani,75.6,66.51,54.8,52.31,5.93,AVERAGE
S10294,Dev,95.02,74.0,72.7,60.01,5.89,GOOD
S10295,Dhanush,59.42,75.1,82.4,85.06,2.6,GOOD
S10296,Madhavan,55.47,80.19,84.81,45.13,1.97,AVERAGE
S10297,Krishna,59.81,44.61,99.5,87.48,4.8,AVERAGE
S10298,Rajesh,53.93,67.6,97.46,52.32,4.82,AVERAGE
S10299,Rohan,99.01,85.46,54.83,40.19,1.16,AVERAGE
S10300,Diya,56.14,67.3,94.94,26.11,3.69,AVERAGE
S10301,Rajesh,60.04,79.39,93.04,73.03,2.42,GOOD
S10302,Varun,90.48,75.43,83.41,62.19,1.25,GOOD
S10303,Nithin,62.34,67.88,55.46,80.82,3.15,AVERAGE
S10304,Riya,61.11,44.74,51.3,54.67,1.67,AT RISK
S10305,Aryan,83.62,77.99,66.14,86.68,2.42,GOOD
S10306,Ganesh,69.94,72.07,42.34,28.74,3.83,AVERAGE
S10307,Aryan,91.77,40.34,57.03,73.05,2.24,AVERAGE
S10308,Charan,81.91,52.41,44.4,39.33,2.82,AVERAGE
S10309,Pranav,64.41,43.68,71.47,11.39,4.55,AVERAGE
S10310,Muthu,79.9,74.21,76.99,52.83,5.03,GOOD
S10311,Reshma,93.32,40.91,46.68,23.13,3.3,AVERAGE
S10312,Pooja,68.22,90.55,92.44,6.17,3.95,GOOD
S10313,Sahana,86.82,96.85,45.81,36.32,2.65,AVERAGE
S10314,Arnav,70.79,98.53,63.77,97.75,5.43,GOOD
S10315,Arjun,77.15,53.6,70.06,89.41,1.41,AVERAGE
S10316,Gayathri,86.69,69.71,74.93,97.98,1.49,GOOD
S10317,Vignesh,53.03,93.47,59.15,2.86,1.19,AVERAGE
S10318,Riya,72.75,81.24,82.79,15.29,1.51,AVERAGE
S10319,Bhavya,54.76,57.92,60.48,23.51,4.14,AVERAGE
S10320,Karthik,86.25,90.04,55.16,73.67,5.99,GOOD
S10321,Ganesh,80.39,74.44,67.19,97.81,4.01,GOOD
S10322,Pradeep,66.35,83.8,46.81,40.64,2.27,AVERAGE
S10323,Shivani,53.81,98.16,97.97,58.36,5.09,GOOD
S10324,Pooja,96.29,99.85,73.01,8.84,2.77,GOOD
S10325,Riya,65.75,70.29,48.64,62.92,3.97,AVERAGE
S10326,Chetan,63.77,49.4,87.76,90.0,3.2,AVERAGE
S10327,Amrita,55.05,77.17,83.22,65.92,3.55,AVERAGE
S10328,Rahul,78.87,78.63,65.83,65.33,1.53,AVERAGE
S10329,Vignesh,63.28,74.33,99.02,48.75,5.65,GOOD
S10330,Arjun,92.14,65.32,70.04,45.0,2.53,AVERAGE
S10331,Pooja,84.14,74.89,52.77,36.98,4.0,AVERAGE
S10332,Aishwarya,50.2,72.04,87.48,82.02,1.04,AVERAGE
S10333,Pavithra,78.28,96.68,95.72,64.47,3.3,GOOD
S10334,Varsha,61.59,90.26,55.74,29.96,4.83,AVERAGE
S10335,Meera,50.77,63.62,40.4,51.79,4.06,AVERAGE
S10336,Nikhil,80.97,74.25,76.56,11.57,2.59,AVERAGE
S10337,Reshma,60.25,73.96,83.97,4.58,4.25,AVERAGE
S10338,Harini,94.98,70.64,55.65,13.63,4.98,AVERAGE
S10339,Jatin,78.67,43.48,97.82,86.76,1.79,AVERAGE
S10340,Ganesh,60.46,82.76,50.06,25.72,1.33,AVERAGE
S10341,Bhavya,98.96,83.88,88.07,96.31,3.31,EXCELLENT
S10342,Rakesh,77.32,69.05,92.58,33.83,3.19,AVERAGE
S10343,Keerthi,58.27,94.09,50.25,40.97,1.23,AVERAGE
S10344,Gayathri,75.86,99.04,70.08,81.2,4.4,GOOD
S10345,Abhinav,97.97,88.77,41.68,22.39,3.91,AVERAGE
S10346,Ramya,71.21,95.67,78.51,90.94,2.56,GOOD
S10347,Karthik,71.27,69.25,72.79,65.34,2.39,AVERAGE
S10348,Abhinav,73.06,94.85,86.7,6.21,2.44,AVERAGE
S10349,Charan,64.01,96.1,70.08,95.66,1.57,GOOD
S10350,Dharani,58.09,77.41,61.23,28.75,5.64,AVERAGE
S10351,Avinash,78.95,49.04,48.2,23.2,1.3,AT RISK
S10352,Abhinav,94.71,49.14,43.06,89.82,1.22,AVERAGE
S10353,Arnav,86.79,68.34,71.73,32.54,4.91,AVERAGE
S10354,Pooja,54.81,84.13,95.13,72.27,3.3,GOOD
S10355,Ashwin,70.04,70.08,85.96,3.42,5.06,AVERAGE
S10356,Hari,50.26,87.99,63.59,92.1,3.55,GOOD
S10357,Aman,65.4,86.19,99.02,40.92,5.49,GOOD
S10358,Monisha,83.47,52.22,51.04,17.86,2.75,AVERAGE
S10359,Reshma,64.51,47.97,99.86,98.12,3.93,GOOD
S10360,Janani,92.03,82.35,53.81,74.18,2.1,GOOD
S10361,Vasanth,73.87,59.22,50.09,79.35,3.24,AVERAGE
S10362,Varsha,83.46,95.88,91.5,50.08,1.66,GOOD
S10363,Aditya,94.19,92.11,68.13,68.85,3.49,GOOD
S10364,Meera,84.14,67.07,93.51,29.09,3.3,AVERAGE
S10365,Mahesh,94.87,74.83,84.88,51.81,1.13,GOOD
S10366,Manish,90.4,90.83,49.4,38.06,1.45,AVERAGE
S10367,Kavin,78.35,92.28,47.32,42.51,3.82,AVERAGE
S10368,Malar,64.86,73.42,66.81,0.43,4.58,AVERAGE
S10369,Gayathri,64.91,98.31,73.69,81.08,4.31,GOOD
S10370,Lakshmi,93.77,71.26,65.39,21.79,4.6,AVERAGE
S10371,Meera,52.69,42.47,52.72,47.36,3.39,AT RISK
S10372,Aarohi,97.07,73.76,53.05,65.89,2.7,GOOD
S10373,Karthik,66.35,86.62,70.59,3.44,4.44,AVERAGE
S10374,Karthik,86.94,99.1,40.86,34.24,2.35,AVERAGE
S10375,Riya,66.5,46.32,66.34,26.38,4.15,AVERAGE
S10376,Priya,97.67,66.43,41.99,13.29,1.46,AVERAGE
S10377,Ramya,51.82,75.2,92.39,81.34,3.69,GOOD
S10378,Malar,67.67,92.89,77.21,54.16,4.6,GOOD
S10379,Jeeva,93.37,82.95,49.61,45.63,2.58,AVERAGE
S10380,Aarav,63.7,53.87,86.11,13.25,5.59,AVERAGE
S10381,Sakshi,63.78,91.56,69.56,51.41,1.36,AVERAGE
S10382,Jeeva,94.94,79.85,70.64,26.74,2.33,AVERAGE
S10383,Harish,91.53,93.71,55.37,12.66,4.38,GOOD
S10384,Priya,55.29,90.06,63.63,52.68,5.13,GOOD
S10385,Jeeva,79.01,47.76,92.69,68.18,1.57,AVERAGE
S10386,Muthu,61.17,97.63,48.83,5.68,1.5,AVERAGE
S10387,Ramya,60.76,67.26,77.42,5.62,3.33,AVERAGE
S10388,Priya,80.77,98.95,53.01,73.86,2.73,GOOD
S10389,Nikhil,56.19,51.22,66.69,20.68,3.75,AVERAGE
S10390,Neha,73.49,87.6,71.98,15.36,5.21,GOOD
S10391,Charan,62.79,58.29,47.31,96.21,2.44,AVERAGE
S10392,Pranav,92.7,42.69,44.71,18.0,1.05,AT RISK
S10393,Pooja,77.72,99.64,69.04,68.46,4.35,GOOD
S10394,Chetan,60.76,58.21,64.56,81.5,3.81,AVERAGE
S10395,Sakshi,96.32,44.83,95.26,32.88,3.58,AVERAGE
S10396,Gaurav,91.14,91.63,81.88,46.31,4.92,GOOD
S10397,Srinivas,63.26,65.92,93.81,55.42,5.25,GOOD
S10398,Sahana,98.05,74.59,95.7,20.06,1.72,GOOD
S10399,Malar,63.39,99.09,41.14,29.6,5.16,AVERAGE
S10400,Sakshi,64.63,68.84,92.79,96.31,3.7,GOOD
S10401,Anusha,69.3,44.03,97.51,27.36,5.36,AVERAGE
S10402,Darshan,58.24,81.47,67.16,81.23,3.84,GOOD
S10403,Rakesh,84.35,82.64,78.16,53.51,5.47,GOOD
S10404,Mahesh,77.87,51.65,60.76,64.57,5.16,AVERAGE
S10405,Meera,94.72,72.72,45.92,45.73,2.63,AVERAGE
S10406,Reshma,62.04,62.15,55.76,58.83,4.22,AVERAGE
S10407,Naveen,58.51,43.0,44.83,54.01,3.84,AVERAGE
S10408,Ishaan,67.93,58.7,69.21,48.19,3.68,AVERAGE
S10409,Ashwin,57.31,94.57,79.22,80.28,1.55,GOOD
S10410,Rajesh,97.31,58.01,40.31,88.02,1.12,AVERAGE
S10411,Kavya,85.87,53.38,53.73,25.56,2.71,AVERAGE
S10412,Pavithra,89.81,96.45,44.43,13.59,3.49,AVERAGE
S10413,Amrita,87.4,62.94,97.94,81.12,3.76,GOOD
S10414,Shreya,62.14,96.43,88.19,21.19,3.59,GOOD
S10415,Priya,57.03,92.81,41.86,86.62,1.73,AVERAGE
S10416,Rahul,71.47,68.23,88.84,10.26,5.09,AVERAGE
S10417,Chetan,91.45,63.1,89.64,9.1,4.6,AVERAGE
S10418,Aman,66.53,48.26,88.31,18.16,5.32,AVERAGE
S10419,Meera,50.48,51.44,92.71,1.18,5.42,AVERAGE
S10420,Sakshi,83.0,53.95,68.11,74.76,5.16,GOOD
S10421,Muthu,60.0,68.22,54.36,39.71,4.32,AVERAGE
S10422,Rohan,77.14,62.33,92.23,94.53,3.2,GOOD
S10423,Harish,50.74,88.02,90.08,36.53,4.18,AVERAGE
S10424,Isha,75.44,57.8,56.48,70.3,2.24,AVERAGE
S10425,Zoya,69.68,65.47,74.84,68.31,5.61,GOOD
S10426,Rahul,94.02,47.36,73.42,32.47,4.16,AVERAGE
S10427,Shankar,86.09,56.27,69.25,89.26,3.99,GOOD
S10428,Rahul,51.8,86.98,76.52,39.79,3.9,AVERAGE
S10429,Vedant,89.48,82.43,45.04,55.14,4.42,GOOD
S10430,Akshara,89.56,64.13,67.28,39.82,4.43,AVERAGE
S10431,Dev,83.17,74.65,56.79,43.53,1.22,AVERAGE
S10432,Ramya,96.46,67.5,40.14,5.47,3.12,AVERAGE
S10433,Meera,90.16,93.71,71.15,31.02,5.88,GOOD
S10434,Priya,60.94,63.68,61.88,94.83,4.79,AVERAGE
S10435,Vikram,69.08,83.33,65.87,83.14,1.96,GOOD
S10436,Akash,67.5,53.11,46.68,88.02,3.14,AVERAGE
S10437,Shreya,75.25,66.05,70.34,71.28,3.31,AVERAGE
S10438,Meera,97.69,71.76,56.21,65.32,5.89,GOOD
S10439,Avinash,80.78,46.28,40.03,89.86,5.76,AVERAGE
S10440,Pranav,65.65,75.25,86.8,53.79,1.39,AVERAGE
S10441,Rakesh,97.08,74.48,77.67,91.6,2.33,GOOD
S10442,Deepika,85.01,49.53,71.67,41.52,1.37,AVERAGE
S10443,Tanvi,63.3,99.92,77.32,59.76,1.97,GOOD
S10444,Kishore,95.33,45.55,59.42,47.17,3.25,AVERAGE
S10445,Isha,67.21,93.72,47.38,1.9,4.0,AVERAGE
S10446,Yogesh,75.81,69.49,61.42,19.9,5.06,AVERAGE
S10447,Zoya,73.96,53.36,87.33,92.79,1.44,AVERAGE
S10448,Malar,96.18,46.77,76.5,59.81,2.41,AVERAGE
S10449,Aman,63.28,81.97,87.47,4.66,4.05,AVERAGE
S10450,Mahesh,66.67,85.27,94.14,96.72,3.3,GOOD
S10451,Manish,83.01,80.41,54.98,92.8,2.54,GOOD
S10452,Janani,94.33,65.19,94.87,71.2,1.89,GOOD
S10453,Nithin,55.74,50.35,79.76,28.31,4.54,AVERAGE
S10454,Ishaan,60.49,87.37,73.65,29.5,2.17,AVERAGE
S10455,Ishaan,97.4,92.27,70.19,86.53,4.42,EXCELLENT
S10456,Akash,88.86,63.51,68.12,6.06,5.58,AVERAGE
S10457,Yash,67.3,90.47,44.43,23.74,2.08,AVERAGE
S10458,Malar,67.88,78.14,43.28,16.64,4.61,AVERAGE
S10459,Pranav,73.48,71.62,59.86,71.63,5.0,GOOD
S10460,Chetan,83.69,76.64,52.21,38.18,4.17,AVERAGE
S10461,Krishna,78.05,46.47,45.2,91.59,2.63,AVERAGE
S10462,Pooja,88.81,47.52,41.47,80.29,2.2,AVERAGE
S10463,Shivani,52.71,83.6,98.7,98.47,4.94,GOOD
S10464,Aryan,90.95,98.2,52.73,29.9,2.63,GOOD
S10465,Meera,52.9,70.47,99.08,47.49,5.03,AVERAGE
S10466,Anirudh,94.05,43.24,72.67,65.98,5.2,AVERAGE
S10467,Gaurav,52.16,44.08,51.51,97.47,5.35,AVERAGE
S10468,Sahana,56.39,68.04,48.72,34.46,5.08,AVERAGE
S10469,Shankar,59.01,79.46,52.05,32.68,5.5,AVERAGE
S10470,Neha,61.15,49.29,61.83,62.68,5.65,AVERAGE
S10471,Kishore,70.09,41.98,52.3,66.53,3.47,AVERAGE
S10472,Madhavan,82.77,83.77,89.68,18.89,2.46,GOOD
S10473,Ganesh,94.63,48.77,62.02,45.45,1.95,AVERAGE
S10474,Deepika,76.23,66.29,71.62,37.74,2.96,AVERAGE
S10475,Aditya,76.62,84.05,70.07,42.11,2.27,AVERAGE
S10476,Meera,65.97,47.52,79.57,14.05,5.21,AVERAGE
S10477,Ashwin,90.03,66.57,99.84,64.81,5.21,GOOD
S10478,Kavya,55.52,46.69,66.61,18.75,3.21,AT RISK
S10479,Anirudh,65.06,60.85,59.36,2.54,5.04,AVERAGE
S10480,Vijay,54.85,94.75,98.44,49.6,4.2,GOOD
S10481,Diya,60.71,81.17,99.86,3.86,3.87,AVERAGE
S10482,Aadhya,79.33,41.39,86.86,66.61,5.05,AVERAGE
S10483,Divya,56.3,48.07,87.86,59.44,5.03,AVERAGE
S10484,Riya,55.03,57.63,64.44,56.67,5.0,AVERAGE
S10485,Malar,91.3,93.73,72.33,9.52,3.73,GOOD
S10486,Nandini,55.91,84.83,61.11,12.39,2.6,AVERAGE
S10487,Karthik,80.4,77.05,77.13,66.54,3.02,GOOD
S10488,Varun,67.6,49.16,89.54,3.22,4.41,AVERAGE
S10489,Aman,94.82,95.73,62.44,11.59,5.55,GOOD
S10490,Divya,85.38,88.49,72.11,76.38,4.61,GOOD
S10491,Abhinav,52.97,54.37,86.5,16.7,4.96,AVERAGE
S10492,Srinivas,94.77,64.26,52.53,49.57,2.46,AVERAGE
S10493,Rakesh,70.69,65.7,76.62,9.85,3.19,AVERAGE
S10494,Vijay,64.91,75.25,86.55,23.51,4.73,AVERAGE
S10495,Zoya,83.64,62.49,43.13,87.94,5.35,GOOD
S10496,Nikhil,85.9,52.6,55.22,75.32,3.56,AVERAGE
S10497,Ravi,65.16,80.02,41.52,18.85,1.09,AVERAGE
S10498,Shivani,67.58,80.65,40.38,21.46,5.43,AVERAGE
S10499,Arnav,57.82,66.54,68.66,47.38,1.49,AVERAGE
S10500,Surya,79.67,69.2,82.04,63.23,3.65,GOOD
S10501,Dev,97.85,43.04,62.98,58.23,3.4,AVERAGE
S10502,Harish,70.83,67.37,77.27,28.47,5.81,AVERAGE
S10503,Srinivas,99.81,88.02,51.49,94.67,1.62,GOOD
S10504,Aarohi,58.82,75.49,90.19,83.52,4.32,GOOD
S10505,Nandini,89.8,95.24,61.76,65.16,2.56,GOOD
S10506,Dev,96.41,82.99,82.43,90.8,3.17,GOOD
S10507,Sameer,84.4,86.66,47.8,29.4,3.08,AVERAGE
S10508,Pavithra,55.47,67.5,89.09,29.98,2.74,AVERAGE
S10509,Surya,66.33,50.41,71.08,30.9,5.4,AVERAGE
S10510,Dhanush,54.28,94.73,98.22,16.04,4.61,GOOD
S10511,Tanvi,80.09,79.55,64.32,13.99,5.49,AVERAGE
S10512,Sakshi,99.91,94.57,92.38,90.93,5.05,EXCELLENT
S10513,Pranav,68.74,77.05,64.73,85.77,3.08,GOOD
S10514,Anirudh,58.15,67.27,46.47,54.89,1.31,AVERAGE
S10515,Darshan,63.43,48.08,81.26,66.06,2.49,AVERAGE
S10516,Pooja,78.54,63.86,50.98,23.85,2.73,AVERAGE
S10517,Akshara,78.45,75.85,87.99,2.29,1.51,AVERAGE
S10518,Shivani,61.49,95.85,60.09,44.16,1.77,AVERAGE
S10519,Varsha,87.54,89.76,85.39,66.95,1.11,GOOD
S10520,Lakshmi,54.4,70.79,68.89,67.99,3.19,AVERAGE
S10521,Shreya,81.15,66.88,72.22,60.43,1.85,AVERAGE
S10522,Ravi,71.28,42.0,84.08,92.54,2.36,AVERAGE
S10523,Shreya,56.36,61.07,79.9,20.93,3.4,AVERAGE
S10524,Sameer,81.72,98.88,79.85,26.36,1.82,GOOD
S10525,Surya,83.65,84.46,79.54,7.96,1.33,AVERAGE
S10526,Pradeep,72.0,71.48,75.12,93.64,4.83,GOOD
S10527,Shreya,89.9,91.74,88.43,45.47,5.43,GOOD
S10528,Chetan,75.47,41.38,58.0,40.17,2.69,AVERAGE
S10529,Rahul,64.29,97.46,50.89,98.56,3.31,GOOD
S10530,Dharani,97.68,81.98,84.11,42.77,2.44,GOOD
S10531,Jatin,97.2,40.8,72.39,33.48,3.31,AVERAGE
S10532,Swathi,54.78,82.33,94.04,20.87,1.44,AVERAGE
S10533,Bharath,97.3,44.99,97.91,43.99,3.3,AVERAGE
S10534,Amrita,88.77,78.38,92.03,68.57,3.31,GOOD
S10535,Vedant,55.33,58.05,72.85,91.41,2.54,AVERAGE
S10536,Kavin,75.97,52.73,85.25,19.13,5.34,AVERAGE
S10537,Dhanush,51.75,77.68,60.06,69.23,3.1,AVERAGE
S10538,Tanvi,79.44,66.04,40.89,0.66,1.74,AVERAGE
S10539,Hari,96.66,43.87,86.83,80.09,4.75,GOOD
S10540,Aditya,68.41,89.34,86.89,28.01,1.73,AVERAGE
S10541,Aishwarya,75.43,55.97,40.48,3.92,1.43,AT RISK
S10542,Ishaan,61.38,77.09,91.82,39.42,2.84,AVERAGE
S10543,Nikhil,77.05,76.56,92.89,89.25,4.99,GOOD
S10544,Aishwarya,90.13,43.37,59.24,23.28,5.76,AVERAGE
S10545,Aarav,60.76,99.84,41.03,28.73,4.29,AVERAGE
S10546,Aadhya,77.67,66.86,92.56,16.78,5.48,AVERAGE
S10547,Rakesh,67.73,52.32,44.23,98.16,3.84,AVERAGE
S10548,Vasanth,87.39,66.2,53.93,43.27,1.95,AVERAGE
S10549,Aarav,85.1,76.18,72.55,94.78,3.83,GOOD
S10550,Monisha,84.94,40.18,88.99,9.19,4.68,AVERAGE
S10551,Aman,68.89,58.01,86.91,44.86,1.37,AVERAGE
S10552,Sameer,79.96,72.18,80.87,47.43,3.1,GOOD
S10553,Rahul,82.55,81.67,89.72,25.59,1.42,AVERAGE
S10554,Rohan,84.04,58.8,81.13,49.73,2.98,AVERAGE
S10555,Amrita,78.76,64.23,78.26,35.06,3.81,AVERAGE
S10556,Madhavan,93.34,53.27,50.06,24.66,4.59,AVERAGE
S10557,Jatin,62.44,57.58,66.4,36.53,2.78,AVERAGE
S10558,Malar,52.79,81.24,67.08,63.52,1.61,AVERAGE
S10559,Bharath,98.13,60.24,41.11,46.82,3.48,AVERAGE
S10560,Varun,53.04,56.78,64.33,40.93,1.65,AVERAGE
S10561,Keerthi,95.15,57.91,53.63,85.36,1.48,AVERAGE
S10562,Bharath,80.61,76.76,45.38,64.49,4.66,AVERAGE
S10563,Gayathri,95.94,73.65,72.78,63.7,4.04,GOOD
S10564,Surya,78.25,64.41,54.22,22.23,3.65,AVERAGE
S10565,Shivani,91.05,77.94,51.42,75.01,1.84,GOOD
S10566,Dhanush,86.06,78.57,87.21,3.69,5.6,GOOD
S10567,Vijay,76.26,40.79,88.61,21.36,5.3,AVERAGE
S10568,Nikhil,68.17,60.34,79.65,41.28,5.21,AVERAGE
S10569,Yogesh,50.14,54.66,51.38,88.92,1.33,AVERAGE
S10570,Vidya,62.55,89.75,77.96,2.8,1.36,AVERAGE
S10571,Ravi,97.59,56.53,82.8,44.49,3.36,GOOD
S10572,Chetan,63.77,59.04,54.0,11.98,2.44,AVERAGE
S10573,Krishna,87.59,72.27,47.98,23.0,2.68,AVERAGE
S10574,Janani,75.42,72.84,66.01,40.54,4.55,AVERAGE
S10575,Kishore,65.43,88.66,65.46,9.85,5.68,AVERAGE
S10576,Mohan,99.55,63.28,49.2,82.95,4.02,GOOD
S10577,Ashwin,52.35,56.87,51.5,8.29,1.14,AT RISK
S10578,Ashwin,79.1,76.49,69.98,58.53,1.2,AVERAGE
S10579,Ganesh,73.08,83.7,71.65,16.33,2.16,AVERAGE
S10580,Riya,53.83,99.56,72.27,10.65,1.05,AVERAGE
S10581,Sanjay,60.7,77.1,98.92,46.27,1.69,AVERAGE
S10582,Pavithra,84.71,69.44,42.38,34.54,1.27,AVERAGE
S10583,Aadhya,55.42,47.98,87.18,4.52,2.39,AVERAGE
S10584,Madhavan,90.05,99.22,61.11,6.49,1.23,AVERAGE
S10585,Jatin,81.25,81.1,85.17,29.92,5.56,GOOD
S10586,Varsha,55.04,49.9,84.13,78.28,3.62,AVERAGE
S10587,Vidya,64.34,67.58,77.19,85.14,5.31,GOOD
S10588,Shreya,56.86,73.62,77.87,6.64,4.39,AVERAGE
S10589,Krishna,89.88,53.01,79.82,17.17,3.3,AVERAGE
S10590,Gaurav,76.65,83.95,84.86,33.91,3.33,GOOD
S10591,Deepika,50.14,79.02,47.9,65.01,4.6,AVERAGE
S10592,Gayathri,77.15,54.02,61.65,28.52,2.6,AVERAGE
S10593,Deepika,74.14,99.39,90.52,22.19,3.66,GOOD
S10594,Rakesh,82.15,96.92,72.87,58.83,1.59,GOOD
S10595,Sakshi,51.74,55.93,48.22,68.14,4.92,AVERAGE
S10596,Dharani,51.77,66.51,97.7,48.75,2.64,AVERAGE
S10597,Rajesh,67.47,93.69,99.27,66.85,1.89,GOOD
S10598,Varun,84.43,64.38,70.76,0.41,4.7,AVERAGE
S10599,Madhavan,83.33,97.29,71.99,32.79,1.47,GOOD
S10600,Vedant,63.91,52.02,57.52,60.95,5.76,AVERAGE
S10601,Rahul,60.8,83.44,70.97,65.09,4.45,GOOD
S10602,Bhavya,84.16,75.97,98.13,19.44,4.7,GOOD
S10603,Diya,51.36,60.77,55.27,33.21,1.41,AT RISK
S10604,Rahul,77.84,83.07,58.28,22.64,3.82,AVERAGE
S10605,Aditya,71.2,41.45,93.85,89.85,1.15,AVERAGE
S10606,Krishna,61.95,53.85,63.06,29.61,2.64,AVERAGE
S10607,Rohan,76.01,55.68,98.35,88.2,4.62,GOOD
S10608,Sakshi,60.86,47.05,60.98,88.36,2.08,AVERAGE
S10609,Pavithra,78.22,42.04,40.28,52.57,4.49,AVERAGE
S10610,Yogesh,57.45,61.18,97.22,87.08,3.75,GOOD
S10611,Jeeva,70.28,53.1,54.22,7.67,5.55,AVERAGE
S10612,Aman,75.52,47.97,81.65,12.62,3.48,AVERAGE
S10613,Pooja,51.59,49.44,42.84,40.67,2.51,AT RISK
S10614,Jeeva,80.54,89.58,84.9,69.18,5.37,GOOD
S10615,Vikram,87.52,45.69,53.2,97.05,3.39,AVERAGE
S10616,Riya,97.8,83.49,88.02,46.69,2.44,GOOD
S10617,Rahul,60.16,43.24,98.0,0.74,3.08,AVERAGE
S10618,Pooja,60.43,42.44,42.71,18.15,3.21,AT RISK
S10619,Vignesh,65.24,66.53,62.08,43.8,2.11,AVERAGE
S10620,Deepak,94.54,62.91,82.95,69.0,4.99,GOOD
S10621,Sneha,70.34,72.74,99.79,58.65,5.1,GOOD
S10622,Diya,65.09,82.16,61.78,87.61,3.23,GOOD
S10623,Ganesh,87.06,58.59,99.7,26.56,1.08,AVERAGE
S10624,Ravi,51.9,51.66,93.95,54.0,1.51,AVERAGE
S10625,Shreya,77.44,89.33,83.16,14.43,3.55,GOOD
S10626,Neha,72.51,49.92,62.91,64.52,2.3,AVERAGE
S10627,Vasanth,81.24,87.91,72.21,76.24,2.65,GOOD
S10628,Bharath,86.55,75.23,83.22,51.34,3.65,GOOD
S10629,Priya,66.25,57.36,81.14,44.81,4.31,AVERAGE
S10630,Aarohi,81.82,58.86,57.3,18.59,1.94,AVERAGE
S10631,Aadhya,76.22,62.24,73.43,93.41,4.44,GOOD
S10632,Divya,56.7,75.46,90.1,60.62,1.55,AVERAGE
S10633,Gaurav,94.09,98.78,68.5,81.52,3.82,EXCELLENT
S10634,Jeeva,87.73,59.1,73.97,2.43,4.35,AVERAGE
S10635,Shreya,96.08,96.51,59.65,25.13,2.46,GOOD
S10636,Gayathri,86.02,52.31,49.61,48.24,5.18,AVERAGE
S10637,Tanvi,62.24,46.78,43.96,53.62,4.94,AVERAGE
S10638,Shankar,71.53,71.93,64.36,40.5,5.41,AVERAGE
S10639,Varun,69.34,98.59,77.91,33.73,2.71,GOOD
S10640,Mohan,51.79,69.09,85.6,45.04,5.67,AVERAGE
S10641,Janani,70.53,87.99,45.04,36.6,3.42,AVERAGE
S10642,Rakesh,67.28,68.35,59.11,4.0,2.56,AVERAGE
S10643,Jatin,50.2,91.0,88.47,69.27,4.12,GOOD
S10644,Sakshi,92.36,88.76,46.74,77.13,5.42,GOOD
S10645,Charan,57.19,81.17,99.6,31.12,5.45,GOOD
S10646,Naveen,75.05,76.92,77.96,96.59,2.21,GOOD
S10647,Hari,89.23,71.09,96.4,98.69,1.76,GOOD
S10648,Darshan,80.22,97.41,83.82,56.86,3.24,GOOD
S10649,Pranav,58.47,73.44,97.83,79.41,5.69,GOOD
S10650,Kavya,80.91,60.23,79.92,54.55,5.83,GOOD
S10651,Pooja,87.88,92.93,56.08,26.11,2.38,AVERAGE
S10652,Preethi,92.74,79.6,88.02,7.0,1.34,AVERAGE
S10653,Deepak,65.93,73.49,53.56,34.44,4.55,AVERAGE
S10654,Anusha,51.7,80.93,73.9,18.54,2.16,AVERAGE
S10655,Pranav,80.4,60.93,62.38,92.23,2.06,AVERAGE
S10656,Rajesh,61.29,65.25,87.95,97.12,4.68,GOOD
S10657,Monisha,89.04,51.74,85.57,53.17,2.01,AVERAGE
S10658,Monisha,83.99,91.3,91.83,56.32,4.92,GOOD
S10659,Shankar,88.66,79.94,54.82,93.05,5.63,GOOD
S10660,Deepika,98.38,89.46,99.85,74.75,1.77,EXCELLENT
S10661,Vikram,79.23,59.04,88.32,16.2,3.74,AVERAGE
S10662,Ananya,95.22,99.73,63.2,95.2,4.5,EXCELLENT
S10663,Kavya,82.09,61.43,47.66,57.14,3.68,AVERAGE
S10664,Aditya,59.09,61.22,60.97,2.07,5.55,AVERAGE
S10665,Ganesh,89.97,97.64,46.37,19.62,1.34,AVERAGE
S10666,Yash,84.68,79.3,76.92,79.68,5.97,GOOD
S10667,Kishore,98.9,96.01,46.78,12.78,3.8,GOOD
S10668,Deepak,62.17,77.39,65.83,85.13,2.07,AVERAGE
S10669,Manish,66.66,54.79,80.05,78.63,4.16,AVERAGE
S10670,Dharani,91.07,63.44,67.18,3.53,4.32,AVERAGE
S10671,Pradeep,53.14,91.53,92.9,33.1,1.03,AVERAGE
S10672,Sahana,81.66,69.37,54.46,50.69,5.18,AVERAGE
S10673,Aman,76.77,82.54,71.43,7.6,1.36,AVERAGE
S10674,Pooja,58.44,49.99,94.79,57.96,2.07,AVERAGE
S10675,Aadhya,58.26,63.99,61.19,98.03,3.98,AVERAGE
S10676,Pavithra,90.51,90.37,68.36,60.01,4.87,GOOD
S10677,Aryan,50.77,96.46,95.97,49.37,4.2,GOOD
S10678,Pradeep,87.34,59.46,69.96,86.68,4.1,GOOD
S10679,Bhavya,86.63,50.35,91.85,96.4,3.46,GOOD
S10680,Aadhya,82.48,41.41,96.43,90.12,3.57,GOOD
S10681,Reshma,70.48,47.64,55.37,3.7,3.15,AT RISK
S10682,Rahul,51.42,90.14,87.15,9.96,2.39,AVERAGE
S10683,Priya,90.09,67.34,79.23,61.55,2.81,GOOD
S10684,Aishwarya,56.29,57.5,99.2,22.67,5.39,AVERAGE
S10685,Jatin,64.04,86.54,75.13,52.11,2.91,AVERAGE
S10686,Harini,97.34,87.61,87.57,83.85,4.8,EXCELLENT
S10687,Priya,65.09,61.73,60.74,93.85,4.06,AVERAGE
S10688,Jatin,62.76,94.08,76.38,33.36,2.12,AVERAGE
S10689,Nikhil,98.67,67.79,86.71,84.87,1.77,GOOD
S10690,Aarav,54.3,55.67,98.01,50.4,1.61,AVERAGE
S10691,Keerthi,58.03,93.99,55.11,65.86,3.48,AVERAGE
S10692,Vikram,71.92,49.18,44.73,12.54,2.02,AT RISK
S10693,Ashwin,89.38,99.76,98.58,6.34,2.3,GOOD
S10694,Arnav,94.22,76.8,76.16,78.04,5.19,GOOD
S10695,Bharath,87.78,94.92,41.04,59.84,3.44,GOOD
S10696,Priya,98.81,50.73,71.2,82.39,2.66,GOOD
S10697,Ashwin,50.84,63.35,96.16,11.58,1.93,AVERAGE
S10698,Kishore,80.98,92.4,99.07,17.19,3.19,GOOD
S10699,Malar,55.82,90.23,59.54,6.3,2.32,AVERAGE
S10700,Abhinav,95.52,92.31,86.91,65.01,1.2,GOOD
S10701,Diya,96.77,56.83,67.52,61.56,5.34,GOOD
S10702,Naveen,65.15,77.06,63.88,42.56,3.84,AVERAGE
S10703,Kavin,91.39,63.38,85.49,13.53,5.15,AVERAGE
S10704,Aman,81.51,59.25,56.2,2.38,4.7,AVERAGE
S10705,Nithin,55.02,71.21,65.58,25.9,1.07,AVERAGE
S10706,Krishna,80.14,82.9,54.79,0.28,4.27,AVERAGE
S10707,Aryan,98.8,71.11,48.56,94.88,1.7,GOOD
S10708,Ravi,65.4,53.83,62.76,17.02,1.36,AT RISK
S10709,Amrita,50.06,88.45,97.55,26.55,1.15,AVERAGE
S10710,Aryan,98.84,98.67,65.13,79.86,5.22,EXCELLENT
S10711,Vasanth,70.7,61.77,80.99,99.5,3.85,GOOD
S10712,Sneha,71.55,90.96,57.1,62.05,4.86,GOOD
S10713,Rohan,85.63,91.83,91.92,25.33,4.19,GOOD
S10714,Ganesh,80.22,55.63,77.49,45.29,1.69,AVERAGE
S10715,Anirudh,65.1,82.32,97.03,5.97,4.04,AVERAGE
S10716,Zoya,55.0,96.31,59.56,10.9,1.56,AVERAGE
S10717,Aarohi,91.37,84.39,72.28,70.96,1.26,GOOD
S10718,Varun,74.17,41.8,51.46,82.95,2.7,AVERAGE
S10719,Jatin,83.62,76.27,48.15,27.01,1.5,AVERAGE
S10720,Nithin,93.03,86.71,75.12,73.84,4.53,GOOD
S10721,Shreya,50.89,77.09,88.21,64.04,4.03,AVERAGE
S10722,Aryan,92.97,41.72,51.99,50.97,4.41,AVERAGE
S10723,Sahana,87.59,47.21,82.17,28.93,5.54,AVERAGE
S10724,Karthik,97.34,88.1,80.29,98.52,2.82,EXCELLENT
S10725,Jatin,61.68,69.28,68.95,24.8,3.79,AVERAGE
S10726,Varsha,66.12,97.48,86.01,20.87,2.87,GOOD
S10727,Malar,83.07,64.9,75.63,10.99,1.7,AVERAGE
S10728,Ramya,96.29,89.3,96.79,65.9,5.21,EXCELLENT
S10729,Charan,99.63,42.13,85.82,90.12,3.86,GOOD
S10730,Shivani,70.84,90.46,93.2,13.42,4.12,GOOD
S10731,Arnav,76.96,91.54,61.68,10.44,2.29,AVERAGE
S10732,Vikram,58.53,61.72,88.66,90.44,5.14,GOOD
S10733,Kavya,84.7,58.57,99.52,66.06,3.55,GOOD
S10734,Nikhil,91.87,94.59,49.81,96.9,1.35,GOOD
S10735,Gaurav,89.93,86.66,70.67,71.03,2.6,GOOD
S10736,Diya,67.29,75.88,91.74,77.17,3.27,GOOD
S10737,Rakesh,98.16,66.18,63.8,46.17,2.67,AVERAGE
S10738,Shivani,56.02,94.73,70.49,23.83,1.57,AVERAGE
S10739,Anirudh,74.7,84.83,84.86,56.91,2.62,GOOD
S10740,Meera,77.73,65.01,89.48,35.82,1.01,AVERAGE
S10741,Rahul,76.83,69.8,51.97,46.97,2.06,AVERAGE
S10742,Srinivas,87.89,45.91,63.47,51.57,4.19,AVERAGE
S10743,Harish,80.48,88.64,63.67,2.66,3.7,AVERAGE
S10744,Srinivas,53.86,90.5,49.17,60.85,2.88,AVERAGE
S10745,Harini,58.99,61.34,45.47,35.85,5.8,AVERAGE
S10746,Harish,76.61,58.58,84.68,81.21,1.23,AVERAGE
S10747,Vijay,84.73,55.13,91.12,5.63,4.2,AVERAGE
S10748,Hari,75.71,50.41,97.12,55.62,4.11,AVERAGE
S10749,Sneha,67.78,96.87,97.38,36.0,3.6,GOOD
S10750,Kavya,52.56,85.54,99.68,9.33,2.32,AVERAGE
S10751,Varun,89.29,66.0,44.98,41.37,3.52,AVERAGE
S10752,Muthu,74.86,46.61,63.81,40.93,3.35,AVERAGE
S10753,Divya,76.94,48.37,44.93,75.33,1.73,AVERAGE
S10754,Vignesh,73.45,82.59,80.67,15.2,2.18,AVERAGE
S10755,Ganesh,63.27,52.18,98.34,83.04,3.19,AVERAGE
S10756,Lakshmi,63.82,60.87,42.2,4.79,2.86,AT RISK
S10757,Neha,53.18,97.42,71.58,51.57,1.65,AVERAGE
S10758,Sahana,85.38,74.87,72.0,64.9,2.19,GOOD
S10759,Nandini,63.59,88.5,49.8,1.43,3.96,AVERAGE
S10760,Vikram,64.93,46.23,90.01,6.91,4.52,AVERAGE
S10761,Avinash,99.68,59.82,63.68,27.35,4.76,AVERAGE
S10762,Surya,69.29,93.74,65.23,38.15,3.7,GOOD
S10763,Vikram,75.53,88.63,97.72,34.65,1.28,GOOD
S10764,Mahesh,69.32,83.41,54.84,97.13,2.16,GOOD
S10765,Yash,64.51,75.24,63.13,16.69,4.64,AVERAGE
S10766,Mohan,50.29,56.14,86.21,89.07,2.44,AVERAGE
S10767,Meera,92.74,75.13,68.8,94.46,4.35,GOOD
S10768,Hari,73.66,43.05,76.21,17.56,4.24,AVERAGE
S10769,Ramya,85.99,52.14,68.67,75.86,3.58,AVERAGE
S10770,Aryan,97.93,71.1,57.0,99.82,2.54,GOOD
S10771,Rajesh,50.14,40.12,49.76,24.79,1.4,AT RISK
S10772,Preethi,83.75,53.93,91.01,50.27,4.65,GOOD
S10773,Arjun,55.93,49.13,56.51,75.88,2.24,AVERAGE
S10774,Arjun,72.9,60.73,99.84,73.48,2.42,GOOD
S10775,Harini,92.34,91.5,40.6,83.32,1.61,GOOD
S10776,Rajesh,53.57,96.85,92.92,34.82,4.64,GOOD
S10777,Nikhil,99.48,49.9,96.84,12.07,5.8,GOOD
S10778,Aishwarya,79.04,53.86,43.52,67.64,3.41,AVERAGE
S10779,Gayathri,69.75,90.81,77.65,33.96,2.81,AVERAGE
S10780,Lakshmi,50.98,50.36,86.96,64.61,3.58,AVERAGE
S10781,Divya,79.34,84.48,76.92,47.34,2.96,GOOD
S10782,Gayathri,74.74,45.13,92.81,45.86,2.54,AVERAGE
S10783,Karthik,60.77,78.9,47.95,88.15,5.86,GOOD
S10784,Sakshi,74.52,55.94,96.93,64.05,5.68,GOOD
S10785,Rakesh,50.64,84.97,73.03,62.45,4.13,AVERAGE
S10786,Srinivas,99.97,71.16,60.66,97.09,1.1,GOOD
S10787,Isha,66.61,50.73,71.51,26.97,2.86,AVERAGE
S10788,Dharani,74.01,64.13,60.36,68.85,1.99,AVERAGE
S10789,Harini,89.24,70.86,67.33,35.55,3.92,AVERAGE
S10790,Diya,85.64,99.76,49.39,59.89,3.0,GOOD
S10791,Sameer,94.43,68.82,90.68,81.71,3.08,GOOD
S10792,Akash,97.07,49.07,63.38,92.28,5.61,GOOD
S10793,Divya,59.46,73.31,68.02,42.71,5.52,AVERAGE
S10794,Darshan,69.52,53.21,94.57,83.21,2.36,AVERAGE
S10795,Shreya,84.34,92.77,94.42,33.51,4.12,GOOD
S10796,Anjali,52.25,90.04,87.28,66.1,5.33,GOOD
S10797,Sahana,85.85,47.72,41.8,87.76,5.8,AVERAGE
S10798,Janani,50.24,75.3,94.38,68.54,4.72,GOOD
S10799,Muthu,95.7,81.79,51.32,70.57,1.5,GOOD
S10800,Janani,85.91,55.1,66.3,83.76,4.4,GOOD
S10801,Sanjay,78.27,77.58,94.18,25.24,3.46,GOOD
S10802,Anirudh,71.45,67.76,45.7,74.69,2.44,AVERAGE
S10803,Karthik,99.4,68.92,47.99,63.76,5.46,GOOD
S10804,Sanjana,86.83,73.08,74.56,54.59,4.19,GOOD
S10805,Deepak,90.36,74.21,68.06,97.51,5.57,GOOD
S10806,Sahana,91.27,82.59,63.38,41.25,1.34,AVERAGE
S10807,Reshma,51.09,67.15,88.58,23.49,4.92,AVERAGE
S10808,Avinash,52.73,83.36,93.68,83.93,3.93,GOOD
S10809,Janani,59.92,69.16,99.49,18.51,2.51,AVERAGE
S10810,Darshan,82.76,79.77,47.38,74.53,5.38,GOOD
S10811,Vignesh,81.2,55.79,80.57,92.82,4.99,GOOD
S10812,Meera,66.26,72.5,92.28,82.16,3.84,GOOD
S10813,Reshma,98.65,68.08,54.43,63.32,5.86,GOOD
S10814,Sneha,54.66,58.13,68.8,92.32,4.99,AVERAGE
S10815,Aryan,88.84,43.74,40.43,48.89,3.34,AVERAGE
S10816,Harish,74.04,70.61,48.08,7.57,1.27,AVERAGE
S10817,Ganesh,70.94,40.59,47.53,73.49,4.04,AVERAGE
S10818,Riya,51.28,63.39,82.45,71.68,3.17,AVERAGE
S10819,Dhanush,86.39,62.24,77.33,86.54,3.9,GOOD
S10820,Muthu,88.58,78.03,42.32,40.61,1.24,AVERAGE
S10821,Aryan,65.95,99.25,75.74,14.5,5.12,GOOD
S10822,Dhanush,75.85,91.48,44.09,10.27,5.03,AVERAGE
S10823,Rohan,80.32,98.51,52.13,34.54,4.77,GOOD
S10824,Abhinav,68.38,97.06,94.08,79.3,4.9,EXCELLENT
S10825,Neha,80.78,44.45,66.84,52.14,1.91,AVERAGE
S10826,Shankar,71.71,56.92,86.88,17.04,3.56,AVERAGE
S10827,Vasanth,93.9,57.82,58.86,24.18,4.79,AVERAGE
S10828,Reshma,85.93,44.26,46.65,34.84,4.12,AVERAGE
S10829,Lakshmi,55.52,90.8,93.29,48.03,3.59,GOOD
S10830,Akshara,89.98,93.72,49.83,83.94,2.78,GOOD
S10831,Pavithra,66.88,76.3,60.98,99.23,4.31,GOOD
S10832,Naveen,96.78,93.46,82.07,59.93,1.2,GOOD
S10833,Kishore,80.17,82.86,75.51,38.92,1.14,AVERAGE
S10834,Arnav,51.38,66.43,95.68,18.34,3.18,AVERAGE
S10835,Charan,86.72,48.99,99.26,51.1,3.74,GOOD
S10836,Vijay,56.54,97.51,48.8,61.31,2.62,AVERAGE
S10837,Surya,93.86,81.54,53.6,32.69,4.41,GOOD
S10838,Arjun,97.42,61.25,78.35,32.39,5.65,GOOD
S10839,Pooja,84.76,47.72,48.8,82.85,1.64,AVERAGE
S10840,Darshan,76.64,87.94,72.53,66.0,3.37,GOOD
S10841,Neha,80.1,88.12,62.37,45.03,5.71,GOOD
S10842,Bharath,71.44,72.58,93.29,55.77,5.78,GOOD
S10843,Chetan,54.18,100.0,95.09,50.47,3.45,GOOD
S10844,Jeeva,96.44,63.19,55.53,17.44,4.85,AVERAGE
S10845,Jatin,66.46,96.52,45.74,87.03,1.96,GOOD
S10846,Vignesh,65.64,77.82,99.46,9.1,5.02,AVERAGE
S10847,Reshma,59.57,84.19,48.99,21.3,5.88,AVERAGE
S10848,Charan,99.62,95.02,50.41,56.17,2.66,GOOD
S10849,Sakshi,97.13,89.87,55.13,46.11,2.17,GOOD
S10850,Dev,67.47,57.32,60.45,59.53,1.59,AVERAGE
S10851,Meera,63.0,92.03,48.87,91.97,3.24,GOOD
S10852,Rajesh,90.27,72.38,59.33,28.6,2.63,AVERAGE
S10853,Dhanush,71.13,42.69,41.32,15.07,3.49,AT RISK
S10854,Bharath,98.39,80.43,88.06,12.13,3.59,GOOD
S10855,Sameer,95.06,69.98,55.81,5.91,5.31,AVERAGE
S10856,Lakshmi,87.97,72.2,89.07,79.08,5.41,GOOD
S10857,Janani,54.5,64.69,78.82,45.75,3.19,AVERAGE
S10858,Nandini,85.11,43.85,68.83,25.58,4.79,AVERAGE
S10859,Karthik,99.36,50.81,98.34,67.41,3.79,GOOD
S10860,Srinivas,68.66,85.39,63.2,77.74,4.63,GOOD
S10861,Madhavan,94.08,54.05,50.7,93.71,4.5,GOOD
S10862,Ravi,70.41,77.66,74.65,39.94,5.14,GOOD
S10863,Anjali,98.57,72.51,48.41,68.94,1.82,AVERAGE
S10864,Charan,82.68,53.28,56.61,27.06,4.98,AVERAGE
S10865,Monisha,54.83,56.83,94.46,86.55,2.12,AVERAGE
S10866,Isha,73.95,63.01,93.53,90.87,4.44,GOOD
S10867,Ishaan,52.49,92.81,67.94,63.03,5.8,GOOD
S10868,Sameer,69.75,96.48,68.7,65.89,3.92,GOOD
S10869,Anirudh,95.77,63.21,74.01,65.96,5.43,GOOD
S10870,Aishwarya,61.61,42.77,45.05,59.16,5.05,AVERAGE
S10871,Bhavya,97.53,76.05,55.19,43.88,4.51,GOOD
S10872,Monisha,55.0,65.05,74.8,74.03,1.37,AVERAGE
S10873,Nandini,83.24,69.54,59.27,97.66,1.12,GOOD
S10874,Reshma,98.28,66.52,52.8,74.58,5.53,GOOD
S10875,Jeeva,82.71,79.27,78.84,30.96,4.49,GOOD
S10876,Darshan,94.95,58.27,73.99,50.04,3.74,AVERAGE
S10877,Anirudh,99.55,93.56,59.62,59.71,1.01,GOOD
S10878,Srinivas,82.09,65.27,96.24,8.22,1.62,AVERAGE
S10879,Deepika,89.11,60.5,86.66,49.2,4.45,GOOD
S10880,Nikhil,51.6,95.38,75.77,10.25,2.17,AVERAGE
S10881,Ramya,71.37,61.49,52.57,51.05,2.78,AVERAGE
S10882,Neha,64.41,44.98,78.89,8.7,5.15,AVERAGE
S10883,Akash,91.21,49.32,81.26,36.14,2.62,AVERAGE
S10884,Harish,83.88,82.86,74.88,95.45,3.59,GOOD
S10885,Vikram,80.72,73.74,78.28,0.75,1.35,AVERAGE
S10886,Anjali,96.58,72.08,49.73,27.43,3.48,AVERAGE
S10887,Darshan,54.44,44.92,60.1,37.17,4.58,AVERAGE
S10888,Varsha,97.69,49.84,93.44,59.0,2.14,GOOD
S10889,Swathi,55.04,63.77,48.23,96.54,3.9,AVERAGE
S10890,Varun,67.35,66.88,75.38,63.97,3.94,AVERAGE
S10891,Nithin,81.51,62.59,93.86,89.38,5.08,GOOD
S10892,Aditya,67.07,70.16,40.85,16.26,2.81,AVERAGE
S10893,Vikram,84.13,84.01,98.03,28.86,5.47,GOOD
S10894,Sakshi,88.77,78.14,93.0,88.71,3.35,GOOD
S10895,Monisha,91.43,76.68,82.9,0.52,1.16,AVERAGE
S10896,Nithin,58.97,73.47,82.55,45.38,1.39,AVERAGE
S10897,Bharath,59.1,52.06,92.06,45.29,5.55,AVERAGE
S10898,Bharath,52.62,76.28,50.26,94.63,1.39,AVERAGE
S10899,Harini,74.54,49.51,82.0,44.92,4.97,AVERAGE
S10900,Vijay,56.88,82.77,60.61,90.63,5.93,GOOD
S10901,Divya,65.93,67.14,92.54,58.53,5.18,GOOD
S10902,Karthik,92.02,74.89,72.0,30.0,3.03,AVERAGE
S10903,Kishore,97.43,91.77,85.95,14.83,2.16,GOOD
S10904,Zoya,91.1,62.39,50.02,49.02,1.8,AVERAGE
S10905,Gaurav,50.03,45.99,54.52,1.76,2.84,AT RISK
S10906,Reshma,78.4,93.48,90.29,33.52,3.45,GOOD
S10907,Darshan,58.33,61.9,63.71,52.31,3.37,AVERAGE
S10908,Anjali,68.79,64.39,71.67,55.83,4.09,AVERAGE
S10909,Divya,71.4,57.76,83.53,44.39,4.96,AVERAGE
S10910,Varsha,97.15,65.21,50.18,96.4,1.83,GOOD
S10911,Gaurav,81.69,71.26,58.15,14.82,2.66,AVERAGE
S10912,Rahul,63.38,90.6,59.54,99.75,4.71,GOOD
S10913,Ramya,82.14,83.21,95.0,69.14,5.46,GOOD
S10914,Srinivas,97.59,70.8,48.26,82.5,5.2,GOOD
S10915,Harish,52.96,85.83,62.28,63.43,5.84,GOOD
S10916,Amrita,90.8,90.87,97.56,21.49,4.99,GOOD
S10917,Nandini,60.84,43.49,90.09,75.07,5.86,AVERAGE
S10918,Dharani,57.66,75.53,80.23,84.82,5.68,GOOD
S10919,Janani,94.94,42.6,72.94,75.19,4.28,AVERAGE
S10920,Divya,50.09,58.49,90.32,87.39,4.53,AVERAGE
S10921,Bhavya,87.05,85.74,96.78,6.35,2.54,GOOD
S10922,Hari,54.36,87.48,95.44,96.2,5.49,GOOD
S10923,Bhavya,80.9,93.03,78.35,93.92,4.5,EXCELLENT
S10924,Akshara,81.04,69.89,83.67,89.7,5.48,GOOD
S10925,Sameer,93.14,45.05,86.52,63.74,2.06,AVERAGE
S10926,Vignesh,91.13,47.61,88.56,84.67,2.84,GOOD
S10927,Harish,84.26,54.66,83.98,60.49,1.42,AVERAGE
S10928,Dhanush,69.03,62.33,50.8,49.22,5.66,AVERAGE
S10929,Gaurav,58.32,71.59,85.57,93.1,5.05,GOOD
S10930,Meera,81.78,78.76,63.42,20.75,4.81,AVERAGE
S10931,Aarav,74.85,49.75,51.99,85.16,3.19,AVERAGE
S10932,Aadhya,53.9,51.34,46.15,44.05,1.05,AT RISK
S10933,Naveen,97.78,50.38,54.42,29.19,5.85,AVERAGE
S10934,Aadhya,65.72,85.3,70.46,50.62,2.92,AVERAGE
S10935,Krishna,50.11,58.13,54.81,63.73,2.24,AVERAGE
S10936,Vijay,95.08,50.0,79.95,18.27,5.27,AVERAGE
S10937,Abhinav,78.85,65.88,97.86,75.12,2.03,GOOD
S10938,Zoya,86.65,54.85,42.64,39.46,1.86,AVERAGE
S10939,Anjali,57.63,62.16,47.84,70.37,3.36,AVERAGE
S10940,Vignesh,70.23,89.44,54.84,15.71,3.29,AVERAGE
S10941,Anjali,82.25,60.03,88.26,5.6,5.43,AVERAGE
S10942,Nithin,62.55,50.49,56.28,16.16,5.98,AVERAGE
S10943,Aman,85.07,53.95,51.49,18.05,2.3,AVERAGE
S10944,Chetan,61.68,42.06,49.17,76.15,2.0,AVERAGE
S10945,Krishna,60.46,94.07,49.0,49.26,3.34,AVERAGE
S10946,Ganesh,50.58,81.82,83.19,76.4,3.21,GOOD
S10947,Reshma,64.1,67.8,82.49,74.7,5.11,GOOD
S10948,Shivani,62.34,73.65,58.67,24.53,1.48,AVERAGE
S10949,Vijay,88.22,55.25,66.97,91.09,1.8,AVERAGE
S10950,Pranav,78.49,64.22,77.69,76.91,2.02,AVERAGE
S10951,Pranav,58.89,59.19,98.5,8.54,1.41,AVERAGE
S10952,Akash,78.41,89.47,84.59,57.23,1.32,GOOD
S10953,Rohan,61.27,84.61,88.18,41.27,3.58,GOOD
S10954,Sneha,71.28,57.03,98.66,45.95,5.45,GOOD
S10955,Diya,94.41,85.73,62.87,36.71,5.11,GOOD
S10956,Mahesh,85.96,45.64,44.15,49.63,1.96,AVERAGE
S10957,Pavithra,82.56,52.15,84.81,35.56,1.72,AVERAGE
S10958,Keerthi,64.07,46.38,47.27,46.28,4.06,AVERAGE
S10959,Shivani,56.23,54.29,66.32,54.47,2.65,AVERAGE
S10960,Arjun,87.65,53.57,84.3,73.06,3.53,GOOD
S10961,Shivani,78.39,94.03,73.5,15.15,4.58,GOOD
S10962,Mahesh,81.14,59.64,62.03,13.35,5.49,AVERAGE
S10963,Divya,98.76,61.31,70.86,49.79,1.93,AVERAGE
S10964,Bharath,67.42,45.99,54.71,47.5,1.35,AVERAGE
S10965,Krishna,90.04,43.96,44.45,56.39,2.14,AVERAGE
S10966,Muthu,77.95,53.16,64.75,61.34,3.77,AVERAGE
S10967,Chetan,61.76,48.07,43.5,27.41,1.45,AT RISK
S10968,Harish,52.64,60.68,98.78,64.77,2.64,AVERAGE
S10969,Keerthi,80.8,51.16,66.86,49.57,2.53,AVERAGE
S10970,Dev,64.88,50.69,92.94,49.59,1.55,AVERAGE
S10971,Manish,84.77,78.85,97.11,59.39,5.9,GOOD
S10972,Yash,85.04,96.53,66.96,61.21,5.27,GOOD
S10973,Anirudh,72.77,40.75,65.22,61.69,3.96,AVERAGE
S10974,Varun,76.82,82.33,93.61,83.06,5.42,GOOD
S10975,Deepika,81.33,79.55,42.08,49.95,2.43,AVERAGE
S10976,Diya,73.43,75.1,69.23,94.1,5.22,GOOD
S10977,Shivani,93.87,81.54,56.12,94.64,4.39,GOOD
S10978,Ishaan,53.8,70.52,85.17,33.54,2.17,AVERAGE
S10979,Arjun,98.99,95.62,90.2,88.13,4.37,EXCELLENT
S10980,Riya,51.67,49.49,77.2,42.09,3.56,AVERAGE
S10981,Aarav,60.4,68.41,64.42,97.43,3.49,AVERAGE
S10982,Meera,85.42,79.18,73.3,92.74,5.65,GOOD
S10983,Ramya,54.25,94.52,74.45,43.95,2.95,AVERAGE
S10984,Isha,63.11,69.25,78.11,34.94,5.59,AVERAGE
S10985,Hari,57.7,98.62,95.33,68.6,5.14,GOOD
S10986,Sameer,86.18,79.39,54.95,36.76,3.11,AVERAGE
S10987,Mohan,78.95,81.95,52.09,66.04,4.88,GOOD
S10988,Charan,53.22,89.09,51.41,42.13,1.57,AVERAGE
S10989,Vikram,73.01,84.04,81.84,50.19,3.51,GOOD
S10990,Krishna,60.43,71.36,94.29,37.87,1.31,AVERAGE
S10991,Divya,98.38,86.36,59.61,79.67,1.98,GOOD
S10992,Shivani,55.4,42.14,65.24,60.14,2.79,AVERAGE
S10993,Chetan,79.9,95.97,98.09,68.32,1.46,GOOD
S10994,Vidya,74.09,89.39,48.72,82.09,5.46,GOOD
S10995,Sakshi,78.9,78.26,92.77,79.62,5.38,GOOD
S10996,Gayathri,97.82,44.13,97.56,50.95,1.02,AVERAGE
S10997,Mohan,67.06,57.7,87.97,25.42,1.5,AVERAGE
S10998,Vedant,87.44,55.22,60.18,36.34,5.7,AVERAGE
S10999,Zoya,72.37,55.42,79.21,55.2,1.01,AVERAGE
S11000,Manish,83.04,80.33,57.49,23.88,5.78,AVERAGE
S11001,Dhanush,68.28,92.57,47.25,78.08,3.86,GOOD
S11002,Srinivas,61.36,80.9,46.44,22.94,3.77,AVERAGE
S11003,Charan,54.18,63.33,40.56,33.52,1.18,AT RISK
S11004,Isha,55.09,98.15,98.7,63.27,2.81,GOOD
S11005,Mahesh,97.97,91.75,79.3,69.77,5.18,EXCELLENT
S11006,Anirudh,89.42,81.13,59.27,39.46,2.62,AVERAGE
S11007,Chetan,62.25,63.85,74.74,75.57,5.53,GOOD
S11008,Varsha,76.46,81.03,77.14,90.2,3.57,GOOD
S11009,Aditya,85.71,64.48,50.98,16.44,5.19,AVERAGE
S11010,Bharath,67.63,49.31,57.33,91.59,4.91,AVERAGE
S11011,Rahul,72.0,77.13,72.84,53.81,3.32,AVERAGE
S11012,Bharath,85.92,81.89,90.39,44.88,5.17,GOOD
S11013,Malar,61.37,60.96,47.78,79.58,5.31,AVERAGE
S11014,Ganesh,76.32,95.76,91.5,78.41,5.81,EXCELLENT
S11015,Bharath,60.5,91.26,76.54,68.25,1.38,GOOD
S11016,Rajesh,50.15,74.97,69.38,40.85,5.04,AVERAGE
S11017,Hari,84.51,43.61,48.64,26.73,4.33,AVERAGE
S11018,Pavithra,85.36,41.03,72.99,36.04,4.5,AVERAGE
S11019,Pooja,99.79,78.39,61.22,57.33,5.63,GOOD
S11020,Diya,59.05,88.83,51.34,56.4,1.2,AVERAGE
S11021,Gaurav,86.98,70.02,92.8,92.39,4.78,GOOD
S11022,Zoya,97.4,41.41,67.63,45.67,2.88,AVERAGE
S11023,Swathi,82.23,48.69,44.79,66.66,4.02,AVERAGE
S11024,Aman,98.16,52.67,58.13,66.0,2.18,AVERAGE
S11025,Diya,99.72,77.67,50.89,73.17,2.46,GOOD
S11026,Yogesh,90.08,69.16,96.35,99.15,4.08,GOOD
S11027,Jeeva,99.96,46.13,54.58,80.2,2.84,AVERAGE
S11028,Madhavan,81.29,70.1,70.38,3.97,2.49,AVERAGE
S11029,Dev,74.85,92.17,84.73,81.16,1.18,GOOD
S11030,Akshara,95.88,66.35,49.51,99.99,1.76,GOOD
S11031,Kavya,91.55,48.99,66.25,3.79,4.04,AVERAGE
S11032,Ramya,55.51,74.68,79.2,59.72,3.03,AVERAGE
S11033,Shreya,65.14,95.76,92.92,59.94,1.15,GOOD
S11034,Monisha,63.03,46.95,79.25,52.49,2.75,AVERAGE
S11035,Sameer,92.76,49.38,44.81,87.53,2.83,AVERAGE
S11036,Sanjay,61.66,74.01,59.29,81.43,2.15,AVERAGE
S11037,Yash,65.2,60.4,61.06,17.2,1.83,AVERAGE
S11038,Vidya,75.94,93.73,63.3,10.3,1.05,AVERAGE
S11039,Rahul,53.81,82.77,96.5,16.66,4.15,AVERAGE
S11040,Vikram,98.06,48.83,42.14,88.67,4.84,AVERAGE
S11041,Shivani,74.55,92.24,58.13,9.84,2.16,AVERAGE
S11042,Naveen,59.52,78.54,69.55,64.62,2.63,AVERAGE
S11043,Preethi,63.54,69.62,45.18,68.33,5.5,AVERAGE
S11044,Swathi,89.9,55.39,69.01,21.81,5.83,AVERAGE
S11045,Reshma,81.7,78.98,46.43,22.98,3.83,AVERAGE
S11046,Rohan,73.23,93.91,90.27,83.57,3.0,GOOD
S11047,Anjali,66.58,42.31,56.21,42.01,5.93,AVERAGE
S11048,Lakshmi,95.03,62.51,71.38,49.95,1.29,AVERAGE
S11049,Anirudh,88.63,96.14,77.1,39.72,2.48,GOOD
S11050,Lakshmi,85.91,62.97,58.34,18.32,3.63,AVERAGE
S11051,Yash,72.3,42.15,61.08,43.93,2.23,AVERAGE
S11052,Monisha,99.06,46.09,70.63,26.93,5.62,AVERAGE
S11053,Rahul,85.5,81.45,88.33,30.02,3.63,GOOD
S11054,Priya,71.18,82.01,67.16,20.17,5.45,AVERAGE
S11055,Lakshmi,98.03,46.9,69.45,62.65,2.65,AVERAGE
S11056,Kavin,94.79,53.15,75.75,28.69,1.83,AVERAGE
S11057,Vikram,87.0,73.83,65.51,16.57,5.58,AVERAGE
S11058,Sneha,88.35,81.19,83.56,80.84,3.39,GOOD
S11059,Aarohi,71.18,49.41,40.29,57.59,4.97,AVERAGE
S11060,Arnav,75.37,67.38,68.98,85.89,2.58,GOOD
S11061,Aarav,59.58,73.72,95.38,78.14,1.55,GOOD
S11062,Ramya,79.77,42.98,76.95,37.18,4.17,AVERAGE
S11063,Ramya,68.5,53.43,69.18,56.17,2.32,AVERAGE
S11064,Akshara,67.37,95.13,86.32,98.7,5.58,EXCELLENT
S11065,Aditya,97.41,92.8,63.58,35.8,2.47,GOOD
S11066,Monisha,58.24,59.35,68.03,23.95,2.43,AVERAGE
S11067,Srinivas,91.5,92.08,51.71,16.32,4.77,GOOD
S11068,Keerthi,64.07,77.95,47.45,93.99,2.89,AVERAGE
S11069,Zoya,51.43,98.9,41.53,24.96,1.71,AVERAGE
S11070,Gaurav,52.02,97.97,83.89,92.76,2.2,GOOD
S11071,Dev,71.46,77.02,68.09,59.18,4.32,GOOD
S11072,Nandini,72.72,68.07,96.36,59.01,1.62,AVERAGE
S11073,Sanjana,66.01,48.54,50.61,40.02,4.48,AVERAGE
S11074,Mahesh,83.44,71.82,54.64,39.59,5.74,AVERAGE
S11075,Dev,74.27,63.9,78.32,32.08,1.68,AVERAGE
S11076,Vedant,53.71,78.74,43.28,72.94,2.39,AVERAGE
S11077,Sahana,67.4,45.37,70.2,73.88,2.7,AVERAGE
S11078,Vidya,55.1,90.1,47.41,53.12,3.93,AVERAGE
S11079,Mahesh,53.15,98.03,49.68,44.89,4.24,AVERAGE
S11080,Aryan,60.42,52.56,70.73,63.56,5.82,AVERAGE
S11081,Harish,85.03,77.97,74.14,49.14,5.92,GOOD
S11082,Dhanush,84.8,88.12,52.72,82.42,2.6,GOOD
S11083,Bhavya,93.07,73.26,56.27,6.51,2.03,AVERAGE
S11084,Deepak,87.82,96.13,57.05,90.26,2.25,GOOD
S11085,Krishna,76.77,70.71,48.51,52.45,4.05,AVERAGE
S11086,Varun,65.63,56.23,97.94,50.92,2.34,AVERAGE
S11087,Nikhil,50.29,68.3,81.53,39.1,5.08,AVERAGE
S11088,Priya,82.36,69.27,46.65,53.23,3.31,AVERAGE
S11089,Harish,64.49,55.22,61.43,22.03,1.05,AVERAGE
S11090,Bhavya,62.51,87.22,50.36,49.73,4.93,AVERAGE
S11091,Gayathri,98.74,77.06,54.06,39.82,3.11,AVERAGE
S11092,Vikram,58.71,62.22,96.37,29.4,5.96,AVERAGE
S11093,Divya,51.62,65.3,48.21,21.22,4.81,AVERAGE
S11094,Nithin,97.47,62.3,92.79,86.02,3.8,GOOD
S11095,Preethi,65.3,66.87,90.51,85.02,1.61,AVERAGE
S11096,Yogesh,69.67,71.69,84.62,48.51,3.61,AVERAGE
S11097,Bhavya,54.05,59.86,69.8,23.15,4.07,AVERAGE
S11098,Anirudh,70.2,89.09,55.5,45.04,5.27,GOOD
S11099,Darshan,98.61,95.7,89.86,92.56,5.06,EXCELLENT
S11100,Nithin,84.7,71.37,90.04,77.94,5.68,GOOD
S11101,Divya,73.69,82.68,71.52,80.76,4.55,GOOD
S11102,Sanjana,65.37,95.83,42.86,70.27,3.4,AVERAGE
S11103,Priya,68.3,51.52,51.58,72.4,3.06,AVERAGE
S11104,Sameer,80.56,51.38,43.37,14.96,3.38,AVERAGE
S11105,Varun,62.72,44.36,50.79,34.68,2.51,AT RISK
S11106,Malar,57.6,66.53,70.51,83.2,1.7,AVERAGE
S11107,Aryan,84.81,59.87,91.25,17.73,2.28,AVERAGE
S11108,Swathi,93.47,73.63,79.19,7.52,4.46,AVERAGE
S11109,Pavithra,95.08,67.06,76.05,84.64,1.4,GOOD
S11110,Tanvi,92.07,51.41,84.88,78.08,2.96,GOOD
S11111,Jatin,76.53,63.47,78.39,15.81,1.88,AVERAGE
S11112,Akash,89.44,41.73,66.61,52.81,4.44,AVERAGE
S11113,Tanvi,96.32,72.24,88.92,4.17,2.67,AVERAGE
S11114,Hari,51.17,56.26,58.61,14.85,3.62,AT RISK
S11115,Tanvi,70.6,46.74,95.69,25.73,5.18,AVERAGE
S11116,Anusha,60.21,43.95,46.97,70.4,3.64,AVERAGE
S11117,Yash,99.84,82.87,78.26,30.49,2.49,GOOD
S11118,Shreya,96.48,54.84,70.03,81.05,3.98,GOOD
S11119,Akash,90.11,79.53,65.55,2.35,5.87,AVERAGE
S11120,Varun,64.79,88.93,65.78,0.43,3.84,AVERAGE
S11121,Chetan,97.61,70.0,42.53,29.98,2.72,AVERAGE
S11122,Jeeva,51.46,47.98,85.09,73.09,4.85,AVERAGE
S11123,Chetan,59.4,76.87,61.14,95.15,4.1,GOOD
S11124,Shankar,80.84,44.3,68.6,31.54,5.84,AVERAGE
S11125,Keerthi,89.65,89.03,90.86,55.69,1.79,GOOD
S11126,Rahul,94.18,85.69,74.63,4.13,5.94,GOOD
S11127,Avinash,65.03,64.13,91.09,0.13,4.49,AVERAGE
S11128,Dhanush,69.54,56.15,48.22,1.58,4.07,AVERAGE
S11129,Surya,72.74,82.57,56.91,9.73,4.8,AVERAGE
S11130,Karthik,51.35,74.03,53.68,87.43,1.75,AVERAGE
S11131,Sneha,93.2,48.71,93.18,64.14,2.28,AVERAGE
S11132,Darshan,66.9,85.55,86.89,89.83,1.59,GOOD
S11133,Anjali,59.96,60.04,90.05,83.49,3.46,AVERAGE
S11134,Aditya,70.46,93.63,74.12,76.51,3.56,GOOD
S11135,Mohan,85.53,89.77,53.24,35.37,5.51,GOOD
S11136,Neha,93.55,56.55,62.62,13.4,3.21,AVERAGE
S11137,Jatin,60.77,55.32,73.02,10.34,4.6,AVERAGE
S11138,Harish,58.63,63.87,41.14,2.5,3.02,AT RISK
S11139,Shreya,97.19,88.27,78.38,17.78,4.99,GOOD
S11140,Naveen,77.54,47.84,91.29,1.91,1.58,AVERAGE
S11141,Kavya,68.29,58.96,59.54,68.78,1.52,AVERAGE
S11142,Pranav,59.97,79.55,80.79,38.88,2.61,AVERAGE
S11143,Meera,99.76,42.01,69.01,52.82,5.98,AVERAGE
S11144,Divya,85.96,43.35,40.24,47.88,3.67,AVERAGE
S11145,Riya,60.89,85.73,57.04,28.34,4.26,AVERAGE
S11146,Vasanth,54.56,71.34,71.67,11.45,1.49,AVERAGE
S11147,Shreya,59.96,73.46,83.49,54.23,2.95,AVERAGE
S11148,Vikram,62.39,54.93,64.12,86.37,5.66,AVERAGE
S11149,Darshan,55.55,71.91,51.17,74.97,3.85,AVERAGE
S11150,Zoya,61.48,72.7,43.66,93.15,1.29,AVERAGE
S11151,Divya,55.84,64.83,82.88,35.6,5.25,AVERAGE
S11152,Nikhil,68.89,97.87,61.9,84.57,1.53,GOOD
S11153,Sameer,74.31,42.96,78.83,72.26,4.09,AVERAGE
S11154,Sakshi,72.76,64.9,53.31,94.3,1.76,AVERAGE
S11155,Avinash,91.46,91.45,85.28,28.78,5.36,GOOD
S11156,Arjun,62.7,52.38,60.66,80.36,5.87,AVERAGE
S11157,Meera,94.35,96.1,43.14,50.82,2.29,GOOD
S11158,Shivani,95.41,65.53,70.61,43.67,5.24,GOOD
S11159,Janani,97.99,49.4,83.89,46.58,5.53,GOOD
S11160,Rajesh,59.05,45.59,95.95,43.26,4.8,AVERAGE
S11161,Deepak,62.29,59.62,98.25,87.71,4.88,GOOD
S11162,Pranav,81.19,95.18,67.39,94.44,4.51,GOOD
S11163,Vijay,57.04,96.35,76.71,66.3,1.35,GOOD
S11164,Rahul,54.28,73.8,73.43,19.28,2.78,AVERAGE
S11165,Pranav,53.68,47.09,72.01,42.05,2.54,AVERAGE
S11166,Mohan,80.31,67.4,46.87,35.56,2.04,AVERAGE
S11167,Akash,90.23,65.07,80.25,67.1,3.3,GOOD
S11168,Ramya,62.94,53.86,97.92,7.03,2.3,AVERAGE
S11169,Varsha,96.68,44.56,47.61,65.41,3.63,AVERAGE
S11170,Amrita,89.6,62.89,58.71,46.68,3.4,AVERAGE
S11171,Pranav,53.87,62.31,44.62,26.1,1.04,AT RISK
S11172,Sneha,70.37,82.24,64.17,6.35,1.66,AVERAGE
S11173,Monisha,53.4,63.65,68.9,5.3,3.93,AVERAGE
S11174,Darshan,95.76,40.79,61.48,89.22,5.9,GOOD
S11175,Pranav,87.14,41.2,68.59,57.67,3.88,AVERAGE
S11176,Kishore,84.33,81.25,88.18,55.16,5.65,GOOD
S11177,Varsha,84.14,79.65,52.84,1.75,5.96,AVERAGE
S11178,Preethi,64.26,49.62,85.48,77.1,4.42,AVERAGE
S11179,Kavya,96.68,91.97,87.6,21.06,3.95,GOOD
S11180,Pavithra,96.14,79.76,74.87,38.34,3.9,GOOD
S11181,Pranav,86.97,49.24,58.92,64.66,2.01,AVERAGE
S11182,Aadhya,73.45,57.26,96.19,13.45,1.83,AVERAGE
S11183,Madhavan,52.36,98.42,61.83,79.67,2.49,GOOD
S11184,Preethi,51.42,64.46,43.0,83.53,2.65,AVERAGE
S11185,Meera,56.91,54.21,48.17,51.95,2.39,AVERAGE
S11186,Riya,79.79,71.45,93.5,36.54,1.96,AVERAGE
S11187,Nandini,89.9,52.33,49.0,25.19,4.77,AVERAGE
S11188,Arnav,97.42,87.5,66.84,72.4,2.86,GOOD
S11189,Gayathri,58.77,87.66,81.52,34.06,3.91,AVERAGE
S11190,Aarohi,63.78,88.05,74.42,80.95,2.99,GOOD
S11191,Varun,52.71,77.04,79.2,73.24,3.2,AVERAGE
S11192,Aadhya,99.45,81.64,60.93,35.29,3.13,GOOD
S11193,Ganesh,89.05,59.28,79.73,22.89,3.88,AVERAGE
S11194,Shankar,74.04,92.73,40.55,35.77,2.16,AVERAGE
S11195,Aishwarya,78.78,48.65,55.8,34.23,5.92,AVERAGE
S11196,Yash,78.11,55.27,47.42,95.67,4.01,AVERAGE
S11197,Pradeep,62.72,99.56,67.32,62.73,4.47,GOOD
S11198,Anusha,59.27,97.62,48.75,65.76,2.73,AVERAGE
S11199,Ravi,64.85,70.46,72.84,28.36,5.3,AVERAGE
S11200,Gaurav,62.36,69.95,50.84,36.43,2.84,AVERAGE
S11201,Vedant,77.88,47.01,64.86,46.62,5.17,AVERAGE
S11202,Pavithra,65.41,79.58,44.45,97.67,2.13,AVERAGE
S11203,Kavya,86.45,41.86,66.4,66.76,5.18,AVERAGE
S11204,Dharani,78.4,58.86,88.48,15.41,5.75,AVERAGE
S11205,Aarohi,76.61,65.1,59.01,99.09,2.01,AVERAGE
S11206,Reshma,97.56,93.64,82.38,26.93,1.17,GOOD
S11207,Zoya,66.12,98.11,65.56,62.17,5.12,GOOD
S11208,Kishore,81.76,98.44,54.05,87.52,3.92,GOOD
S11209,Pradeep,50.0,87.93,58.21,61.58,2.22,AVERAGE
S11210,Dhanush,86.85,57.4,58.15,92.59,3.68,GOOD
S11211,Riya,75.13,42.72,84.54,84.81,5.92,GOOD
S11212,Ramya,60.42,65.54,52.06,3.5,5.71,AVERAGE
S11213,Chetan,50.08,57.84,98.67,68.68,2.54,AVERAGE
S11214,Pradeep,85.35,79.31,81.25,72.09,4.44,GOOD
S11215,Karthik,83.14,62.26,64.07,37.18,3.55,AVERAGE
S11216,Vignesh,83.27,93.45,99.88,90.95,2.43,EXCELLENT
S11217,Shreya,71.87,62.44,52.97,80.09,1.72,AVERAGE
S11218,Ganesh,81.96,62.68,85.77,36.71,1.64,AVERAGE
S11219,Preethi,78.57,85.55,56.26,22.31,1.12,AVERAGE
S11220,Meera,61.94,75.4,72.61,21.26,4.19,AVERAGE
S11221,Deepak,75.94,55.32,43.27,22.05,2.35,AVERAGE
S11222,Priya,75.73,80.6,90.79,58.92,3.93,GOOD
S11223,Zoya,91.18,73.78,61.97,64.28,4.78,GOOD
S11224,Madhavan,71.67,46.24,75.07,14.89,1.02,AVERAGE
S11225,Madhavan,71.8,68.04,95.64,54.85,3.22,GOOD
S11226,Manish,99.22,95.12,41.81,25.03,2.36,AVERAGE
S11227,Varsha,94.72,52.71,98.08,91.04,4.07,GOOD
S11228,Amrita,62.11,64.88,71.51,85.63,1.72,AVERAGE
S11229,Arnav,95.51,56.56,86.84,11.56,3.85,AVERAGE
S11230,Aarohi,56.9,72.22,68.38,25.23,3.93,AVERAGE
S11231,Surya,92.67,98.51,88.95,94.45,4.2,EXCELLENT
S11232,Deepika,59.17,58.59,92.83,29.9,1.51,AVERAGE
S11233,Yash,71.28,89.97,62.9,81.58,5.9,GOOD
S11234,Pavithra,99.2,90.3,83.36,5.05,3.18,GOOD
S11235,Mahesh,54.85,55.56,99.92,38.78,3.29,AVERAGE
S11236,Vasanth,91.99,86.36,85.43,61.48,4.59,GOOD
S11237,Akash,74.74,99.29,97.41,39.95,5.62,GOOD
S11238,Pooja,55.55,97.24,84.2,79.07,4.42,GOOD
S11239,Shreya,97.62,76.34,59.79,97.99,4.33,GOOD
S11240,Harini,77.46,49.1,89.63,51.35,4.47,AVERAGE
S11241,Anjali,94.03,47.16,79.98,46.36,4.39,AVERAGE
S11242,Varun,93.46,56.01,41.98,70.45,3.7,AVERAGE
S11243,Keerthi,50.73,76.08,50.35,75.37,3.58,AVERAGE
S11244,Arjun,63.24,63.17,55.68,5.98,3.38,AVERAGE
S11245,Rahul,66.85,81.94,84.61,43.76,4.81,GOOD
S11246,Ishaan,76.74,87.27,87.83,49.97,3.34,GOOD
S11247,Varun,53.59,50.83,89.61,30.74,1.69,AVERAGE
S11248,Muthu,69.45,94.32,44.03,75.91,3.44,GOOD
S11249,Varun,90.73,43.63,44.33,88.7,4.18,AVERAGE
S11250,Vijay,58.66,55.9,57.97,84.53,3.82,AVERAGE
S11251,Aditya,85.06,88.89,80.87,63.38,4.09,GOOD
S11252,Aishwarya,73.02,51.02,90.53,79.42,2.91,AVERAGE
S11253,Rahul,53.54,53.21,92.16,23.26,1.87,AVERAGE
S11254,Aryan,58.87,98.54,52.45,2.57,4.6,AVERAGE
S11255,Dhanush,57.05,94.74,86.04,51.35,1.19,AVERAGE
S11256,Monisha,80.99,88.77,78.45,41.0,2.27,GOOD
S11257,Shivani,54.37,50.43,95.6,88.17,5.66,GOOD
S11258,Shreya,91.15,55.31,86.37,78.91,2.84,GOOD
S11259,Anusha,90.33,54.11,71.72,38.19,2.67,AVERAGE
S11260,Deepika,54.0,51.35,86.99,1.74,1.62,AT RISK
S11261,Kavya,94.41,98.23,58.5,27.49,2.25,GOOD
S11262,Varsha,97.96,49.96,87.17,36.04,2.7,AVERAGE
S11263,Deepak,52.17,84.8,86.87,67.58,2.4,AVERAGE
S11264,Bharath,97.52,43.06,91.31,90.33,2.25,GOOD
S11265,Dhanush,63.97,72.63,54.54,22.1,5.65,AVERAGE
S11266,Manish,83.24,44.25,90.94,78.59,3.8,GOOD
S11267,Sakshi,58.74,43.71,50.14,72.86,1.25,AVERAGE
S11268,Mohan,90.87,53.81,86.31,35.32,5.66,GOOD
S11269,Reshma,92.1,95.54,95.8,1.62,5.05,GOOD
S11270,Anusha,98.92,78.33,42.15,3.27,1.5,AVERAGE
S11271,Shreya,99.63,79.08,77.56,61.92,2.18,GOOD
S11272,Srinivas,53.79,57.86,79.58,84.71,1.96,AVERAGE
S11273,Akash,82.9,83.42,88.91,63.2,4.45,GOOD
S11274,Gaurav,63.65,80.89,46.17,77.37,4.01,AVERAGE
S11275,Abhinav,56.28,67.7,94.57,50.29,4.83,AVERAGE
S11276,Ramya,57.44,80.96,99.63,26.29,3.54,AVERAGE
S11277,Divya,96.82,92.03,80.33,3.98,2.51,GOOD
S11278,Meera,84.18,97.62,65.8,81.73,2.21,GOOD
S11279,Rajesh,52.52,99.8,78.1,47.42,4.32,GOOD
S11280,Janani,99.21,69.3,43.28,87.65,2.87,GOOD
S11281,Anjali,90.39,41.97,85.18,37.02,3.0,AVERAGE
S11282,Abhinav,65.46,53.75,44.2,27.6,2.05,AT RISK
S11283,Vedant,73.54,51.81,59.36,66.7,4.93,AVERAGE
S11284,Vedant,86.33,58.03,48.36,60.43,4.04,AVERAGE
S11285,Krishna,83.8,61.63,83.56,70.42,2.11,GOOD
S11286,Kishore,73.15,80.12,75.67,9.11,3.08,AVERAGE
S11287,Surya,75.62,71.54,81.95,8.34,4.53,AVERAGE
S11288,Ishaan,52.16,78.98,43.87,57.09,4.46,AVERAGE
S11289,Manish,75.03,98.31,62.22,54.83,3.25,GOOD
S11290,Lakshmi,67.01,42.94,64.37,9.29,4.27,AVERAGE
S11291,Preethi,64.25,40.86,76.14,43.02,4.11,AVERAGE
S11292,Aman,63.48,79.93,46.14,63.36,1.43,AVERAGE
S11293,Sanjana,82.45,72.78,78.83,54.2,3.92,GOOD
S11294,Malar,71.46,68.96,63.68,18.65,1.25,AVERAGE
S11295,Sameer,71.29,91.2,94.36,92.78,4.99,EXCELLENT
S11296,Vijay,57.96,49.53,66.99,3.44,5.14,AVERAGE
S11297,Sanjana,98.09,74.42,46.12,27.26,1.26,AVERAGE
S11298,Mahesh,61.2,95.92,46.2,6.75,2.65,AVERAGE
S11299,Jatin,70.31,66.75,55.26,28.34,4.91,AVERAGE
S11300,Akash,59.51,74.79,54.39,68.53,4.32,AVERAGE
S11301,Bharath,85.16,44.2,87.8,2.38,2.93,AVERAGE
S11302,Avinash,71.81,60.95,83.34,3.88,2.31,AVERAGE
S11303,Amrita,70.68,42.48,44.6,20.59,2.48,AT RISK
S11304,Darshan,93.75,74.34,91.09,2.77,1.61,AVERAGE
S11305,Sakshi,87.97,75.43,45.77,39.01,5.99,AVERAGE
S11306,Bharath,75.99,97.05,87.14,23.01,4.38,GOOD
S11307,Dhanush,73.43,78.3,46.7,32.22,3.75,AVERAGE
S11308,Arjun,98.0,40.18,62.58,83.72,5.92,GOOD
S11309,Akshara,97.82,89.99,85.06,43.22,2.85,GOOD
S11310,Mohan,85.24,59.78,55.22,1.5,5.35,AVERAGE
S11311,Aarav,88.01,82.86,46.8,54.68,5.46,GOOD
S11312,Priya,94.95,55.84,87.23,10.94,1.61,AVERAGE
S11313,Lakshmi,98.22,85.61,81.46,5.93,5.95,GOOD
S11314,Srinivas,54.11,95.65,93.48,32.73,4.75,GOOD
S11315,Vijay,99.87,44.76,78.49,27.21,2.72,AVERAGE
S11316,Keerthi,85.15,72.66,44.44,11.17,3.02,AVERAGE
S11317,Riya,79.64,72.42,78.32,29.84,1.35,AVERAGE
S11318,Aman,70.66,57.19,89.35,48.41,4.92,AVERAGE
S11319,Keerthi,66.82,60.5,45.02,25.11,2.52,AVERAGE
S11320,Anusha,90.21,80.57,48.14,3.23,2.71,AVERAGE
S11321,Gayathri,82.72,57.56,80.65,89.26,3.58,GOOD
S11322,Sameer,60.04,41.84,87.48,65.14,3.53,AVERAGE
S11323,Varsha,80.5,86.15,61.19,70.67,2.03,GOOD
S11324,Shreya,57.06,77.51,84.12,40.81,1.06,AVERAGE
S11325,Aryan,74.84,55.03,50.04,57.33,4.57,AVERAGE
S11326,Ravi,79.17,97.69,66.64,70.3,3.19,GOOD
S11327,Pranav,81.78,93.91,84.88,35.67,4.59,GOOD
S11328,Zoya,57.26,97.86,51.94,83.13,2.94,GOOD
S11329,Aishwarya,54.78,70.73,60.93,77.24,2.86,AVERAGE
S11330,Keerthi,62.94,54.11,77.74,28.71,5.53,AVERAGE
S11331,Kavin,80.35,50.43,60.76,33.28,2.34,AVERAGE
S11332,Shreya,96.58,96.91,92.45,18.39,2.91,GOOD
S11333,Nandini,88.96,93.45,97.4,50.26,2.77,GOOD
S11334,Kavya,87.29,84.46,78.54,81.13,1.98,GOOD
S11335,Kishore,66.51,70.63,86.94,56.4,2.01,AVERAGE
S11336,Harish,55.59,63.06,94.4,35.47,5.73,AVERAGE
S11337,Aryan,94.6,82.21,82.11,41.02,1.48,GOOD
S11338,Sahana,75.04,40.57,86.4,69.26,4.55,AVERAGE
S11339,Manish,55.03,71.46,44.81,51.43,1.57,AVERAGE
S11340,Aishwarya,76.75,80.72,89.43,55.27,1.79,GOOD
S11341,Janani,83.77,85.23,56.47,60.97,4.66,GOOD
S11342,Preethi,66.0,67.06,44.25,73.85,4.15,AVERAGE
S11343,Anjali,50.46,84.71,75.37,62.57,2.77,AVERAGE
S11344,Hari,81.08,45.75,53.61,68.43,2.22,AVERAGE
S11345,Preethi,52.0,54.0,44.79,66.61,3.09,AVERAGE
S11346,Vasanth,71.64,48.68,76.57,92.65,5.36,GOOD
S11347,Aditya,91.24,60.39,45.91,73.64,4.63,AVERAGE
S11348,Kishore,99.94,60.65,93.23,54.66,5.49,GOOD
S11349,Deepak,68.52,62.44,98.16,89.8,2.44,GOOD
S11350,Sanjana,51.01,67.95,84.29,90.04,3.33,AVERAGE
S11351,Aditya,74.65,66.18,57.26,35.15,4.34,AVERAGE
S11352,Harish,63.81,69.43,73.75,80.53,5.35,GOOD
S11353,Dev,94.64,85.16,41.88,98.25,4.05,GOOD
S11354,Yash,85.58,48.52,77.28,20.68,1.24,AVERAGE
S11355,Aarav,70.22,61.04,55.83,39.7,3.23,AVERAGE
S11356,Aadhya,88.1,40.01,67.3,41.55,5.3,AVERAGE
S11357,Shreya,67.06,41.69,50.73,61.06,4.94,AVERAGE
S11358,Anusha,76.09,76.39,99.19,96.27,5.78,EXCELLENT
S11359,Srinivas,96.14,92.56,52.45,30.56,4.74,GOOD
S11360,Rakesh,60.01,58.35,65.02,75.37,1.81,AVERAGE
S11361,Bharath,65.65,64.11,55.28,77.86,2.01,AVERAGE
S11362,Varun,94.28,52.59,72.5,69.62,2.73,AVERAGE
S11363,Neha,73.09,48.57,94.32,58.83,1.58,AVERAGE
S11364,Vijay,65.89,93.05,49.8,57.17,4.47,GOOD
S11365,Aarav,51.86,74.33,48.45,28.21,2.79,AVERAGE
S11366,Harish,70.95,82.29,44.44,13.73,1.98,AVERAGE
S11367,Dharani,75.03,92.91,75.36,33.41,2.18,GOOD
S11368,Meera,70.32,75.3,76.12,22.96,5.7,AVERAGE
S11369,Akash,63.87,50.82,89.28,65.26,4.85,AVERAGE
S11370,Aryan,68.46,82.8,90.16,85.31,2.61,GOOD
S11371,Ravi,82.12,84.87,46.12,15.87,4.91,AVERAGE
S11372,Lakshmi,94.56,64.84,94.63,65.95,5.6,GOOD
S11373,Aarohi,82.48,77.01,89.76,12.19,4.85,GOOD
S11374,Jeeva,82.31,69.07,78.83,38.01,2.95,AVERAGE
S11375,Swathi,90.84,59.98,60.82,17.32,1.89,AVERAGE
S11376,Riya,58.26,80.34,84.74,29.95,4.94,AVERAGE
S11377,Sanjana,65.05,54.85,77.24,85.86,1.28,AVERAGE
S11378,Krishna,52.53,59.65,61.18,41.97,2.44,AVERAGE
S11379,Vignesh,67.48,64.34,40.8,10.86,1.39,AT RISK
S11380,Kishore,99.94,76.88,75.55,19.89,2.23,AVERAGE
S11381,Yash,66.47,91.13,74.59,84.36,2.57,GOOD
S11382,Diya,92.99,76.89,49.27,41.02,2.82,AVERAGE
S11383,Ganesh,54.29,83.56,94.38,93.6,1.71,GOOD
S11384,Kishore,72.99,57.56,49.56,56.12,4.07,AVERAGE
S11385,Aryan,67.57,75.24,57.23,50.71,5.81,AVERAGE
S11386,Chetan,60.08,46.23,62.32,45.62,1.58,AVERAGE
S11387,Dharani,68.63,67.8,80.98,77.35,4.55,GOOD
S11388,Arnav,82.56,81.39,44.9,83.57,1.9,AVERAGE
S11389,Sahana,74.52,50.78,82.14,12.7,4.21,AVERAGE
S11390,Arjun,92.22,94.13,64.87,40.84,1.82,GOOD
S11391,Anusha,95.25,65.03,50.98,28.28,5.44,AVERAGE
S11392,Dharani,74.09,80.27,46.72,89.94,1.12,AVERAGE
S11393,Rakesh,99.09,68.19,64.74,73.47,2.09,GOOD
S11394,Isha,53.6,83.94,66.76,29.23,4.27,AVERAGE
S11395,Meera,63.82,75.06,48.24,40.84,4.37,AVERAGE
S11396,Kishore,70.84,47.35,68.95,41.92,3.29,AVERAGE
S11397,Madhavan,79.14,95.48,70.15,93.18,2.23,GOOD
S11398,Diya,77.3,79.6,98.86,47.37,4.11,GOOD
S11399,Tanvi,78.4,68.32,82.8,1.84,5.96,AVERAGE
S11400,Gayathri,94.81,80.6,40.73,73.01,4.2,GOOD
S11401,Ishaan,63.88,55.65,68.61,9.65,1.89,AVERAGE
S11402,Harini,90.84,86.14,41.3,63.07,5.58,GOOD
S11403,Deepak,77.9,64.67,70.67,51.35,4.57,AVERAGE
S11404,Preethi,74.52,88.3,60.28,76.27,4.0,GOOD
S11405,Deepak,64.97,56.44,94.21,55.01,1.89,AVERAGE
S11406,Kavya,65.2,87.42,69.6,17.52,2.48,AVERAGE
S11407,Riya,69.42,94.4,90.99,89.4,3.39,GOOD
S11408,Naveen,88.18,98.85,75.03,90.33,3.98,EXCELLENT
S11409,Deepak,73.84,86.6,63.79,42.07,2.76,AVERAGE
S11410,Aishwarya,57.69,82.24,53.78,60.94,4.24,AVERAGE
S11411,Aadhya,87.99,71.2,50.99,55.24,1.82,AVERAGE
S11412,Darshan,83.17,46.34,87.67,53.42,5.1,AVERAGE
S11413,Akash,97.46,73.59,92.98,9.02,1.86,AVERAGE
S11414,Manish,76.47,73.8,59.45,49.4,5.78,GOOD
S11415,Surya,82.72,43.88,69.68,22.51,4.62,AVERAGE
S11416,Bhavya,73.97,81.44,57.25,79.78,4.85,GOOD
S11417,Aman,84.04,48.94,67.32,84.88,2.64,AVERAGE
S11418,Kishore,71.81,75.8,92.17,1.87,2.56,AVERAGE
S11419,Aman,56.89,68.36,48.28,73.67,5.07,AVERAGE
S11420,Sanjana,99.33,92.5,57.49,11.48,5.17,GOOD
S11421,Riya,86.02,53.93,81.72,0.99,3.93,AVERAGE
S11422,Ravi,80.43,50.27,58.64,1.37,2.92,AVERAGE
S11423,Harish,74.07,73.07,44.87,46.6,3.8,AVERAGE
S11424,Avinash,85.57,67.61,62.46,81.41,4.52,GOOD
S11425,Yogesh,56.34,49.68,80.58,31.14,4.94,AVERAGE
S11426,Mahesh,66.31,76.82,99.04,92.46,3.25,GOOD
S11427,Shivani,56.23,94.35,93.53,42.11,4.97,GOOD
S11428,Krishna,56.3,84.42,73.71,18.87,4.21,AVERAGE
S11429,Pooja,51.07,52.57,86.64,45.91,5.22,AVERAGE
S11430,Vignesh,87.79,54.3,74.28,62.7,5.01,GOOD
S11431,Rakesh,61.37,73.45,69.63,50.57,3.06,AVERAGE
S11432,Harish,91.6,80.65,50.24,44.07,4.84,GOOD
S11433,Naveen,95.22,98.74,57.53,18.85,4.02,GOOD
S11434,Yash,58.43,46.29,67.13,69.93,4.32,AVERAGE
S11435,Abhinav,85.44,72.78,99.14,35.04,2.14,GOOD
S11436,Manish,73.02,99.24,76.51,97.06,4.87,EXCELLENT
S11437,Kavya,95.95,46.65,96.69,40.06,1.58,AVERAGE
S11438,Aman,74.22,98.35,55.52,22.16,1.97,AVERAGE
S11439,Aryan,68.94,67.73,44.14,85.96,2.75,AVERAGE
S11440,Sanjay,64.73,83.04,98.7,20.87,4.81,GOOD
S11441,Arjun,95.18,65.52,59.78,16.81,3.08,AVERAGE
S11442,Meera,61.31,90.46,72.12,71.85,4.09,GOOD
S11443,Vedant,91.39,94.51,44.27,29.81,5.59,GOOD
S11444,Reshma,59.71,50.0,91.62,41.73,4.56,AVERAGE
S11445,Ananya,82.17,84.83,40.04,45.11,5.16,AVERAGE
S11446,Rahul,72.55,41.24,94.36,78.35,1.67,AVERAGE
S11447,Arjun,55.23,56.61,49.92,57.43,1.3,AVERAGE
S11448,Priya,56.3,73.14,51.01,74.14,2.21,AVERAGE
S11449,Sameer,64.08,76.19,89.55,98.75,5.49,GOOD
S11450,Muthu,88.33,61.92,63.17,71.1,4.65,GOOD
S11451,Rakesh,86.45,56.23,55.36,27.89,2.9,AVERAGE
S11452,Varsha,60.26,50.3,75.79,76.69,5.55,AVERAGE
S11453,Ashwin,73.81,54.38,55.26,84.99,4.28,AVERAGE
S11454,Akash,54.85,47.81,57.19,43.08,5.0,AVERAGE
S11455,Aarav,85.8,55.67,42.73,65.95,1.44,AVERAGE
S11456,Mohan,89.67,89.28,72.36,49.04,5.16,GOOD
S11457,Dev,94.68,57.25,47.77,12.76,3.45,AVERAGE
S11458,Ananya,94.29,94.46,90.23,72.88,1.42,GOOD
S11459,Gaurav,66.89,54.71,85.06,44.36,1.19,AVERAGE
S11460,Anusha,62.73,69.52,57.13,34.64,3.83,AVERAGE
S11461,Nithin,94.83,50.05,72.03,46.77,3.93,AVERAGE
S11462,Aadhya,57.3,41.03,74.64,58.21,1.91,AVERAGE
S11463,Shivani,52.97,77.53,79.99,75.69,2.53,AVERAGE
S11464,Diya,65.71,60.27,65.14,90.87,2.97,AVERAGE
S11465,Pooja,88.02,60.7,79.15,68.43,1.05,AVERAGE
S11466,Lakshmi,84.71,64.47,50.16,99.43,5.85,GOOD
S11467,Pooja,99.35,86.67,68.26,15.75,5.15,GOOD
S11468,Mahesh,67.98,63.98,45.64,15.43,2.25,AVERAGE
S11469,Janani,63.79,45.18,96.46,79.04,5.22,AVERAGE
S11470,Vikram,68.91,56.73,64.08,63.35,4.05,AVERAGE
S11471,Anjali,89.11,74.57,77.05,86.21,1.89,GOOD
S11472,Jeeva,60.71,99.61,69.39,67.89,4.95,GOOD
S11473,Deepika,97.39,48.59,41.61,1.26,1.48,AT RISK
S11474,Nikhil,75.63,59.41,43.76,67.27,3.12,AVERAGE
S11475,Arjun,89.16,69.14,55.87,21.17,4.77,AVERAGE
S11476,Hari,91.36,96.68,80.5,44.69,5.49,GOOD
S11477,Rahul,73.94,46.51,78.49,69.15,2.44,AVERAGE
S11478,Anirudh,87.07,87.63,51.28,65.63,4.02,GOOD
S11479,Vedant,68.23,83.38,69.32,38.25,5.21,GOOD
S11480,Jatin,90.55,58.39,62.02,71.31,5.33,GOOD
S11481,Ashwin,91.2,86.43,74.11,94.42,1.02,GOOD
S11482,Anusha,78.31,74.49,60.08,23.08,1.47,AVERAGE
S11483,Kavya,60.91,50.28,93.77,11.94,1.95,AVERAGE
S11484,Arjun,98.51,57.14,68.35,13.5,1.06,AVERAGE
S11485,Keerthi,97.35,59.7,65.59,45.76,5.47,GOOD
S11486,Shankar,80.99,59.38,82.2,29.82,1.33,AVERAGE
S11487,Isha,99.19,84.78,86.84,46.75,5.58,GOOD
S11488,Darshan,75.14,79.62,66.25,8.43,2.53,AVERAGE
S11489,Rohan,68.77,89.19,46.54,24.69,1.37,AVERAGE
S11490,Ravi,73.03,70.65,45.11,34.72,2.89,AVERAGE
S11491,Bharath,52.3,61.03,59.61,93.38,4.64,AVERAGE
S11492,Aditya,77.46,44.07,83.95,29.7,1.67,AVERAGE
S11493,Shreya,83.31,87.66,79.22,4.82,5.77,GOOD
S11494,Pranav,55.48,44.49,57.26,31.1,1.88,AT RISK
S11495,Diya,62.78,58.09,40.26,93.69,5.49,AVERAGE
S11496,Tanvi,86.06,80.13,78.56,42.72,1.07,AVERAGE
S11497,Arjun,89.68,85.85,73.86,81.86,4.68,GOOD
S11498,Harini,99.29,44.11,86.35,26.73,3.43,AVERAGE
S11499,Pradeep,62.66,76.46,81.17,13.58,4.84,AVERAGE
S11500,Ananya,92.07,48.23,54.81,49.67,4.29,AVERAGE
S11501,Sakshi,58.61,85.43,83.97,70.18,1.98,GOOD
S11502,Bharath,56.54,83.79,69.18,84.52,1.25,AVERAGE
S11503,Akshara,86.46,84.88,74.49,24.1,3.02,GOOD
S11504,Neha,72.29,43.83,61.42,98.67,3.9,AVERAGE
S11505,Ishaan,89.7,73.57,87.44,48.92,5.25,GOOD
S11506,Abhinav,64.13,54.45,51.77,50.23,2.18,AVERAGE
S11507,Nithin,60.66,69.75,52.27,85.85,2.51,AVERAGE
S11508,Rakesh,77.44,99.36,54.25,40.73,2.7,GOOD
S11509,Madhavan,55.77,45.43,87.37,75.74,4.62,AVERAGE
S11510,Vijay,63.94,75.64,83.69,56.77,1.63,AVERAGE
S11511,Reshma,58.31,49.9,56.18,13.54,3.61,AT RISK
S11512,Gayathri,66.0,70.6,48.63,3.29,3.95,AVERAGE
S11513,Yash,88.27,71.25,41.69,93.42,3.61,GOOD
S11514,Mohan,56.04,67.37,81.03,86.65,3.72,AVERAGE
S11515,Priya,80.59,78.38,72.33,98.35,3.17,GOOD
S11516,Pradeep,79.24,98.45,82.14,67.42,5.93,EXCELLENT
S11517,Priya,76.91,88.31,82.5,64.57,3.25,GOOD
S11518,Sneha,74.21,97.51,90.69,20.85,5.18,GOOD
S11519,Dev,83.19,51.37,64.96,64.23,3.77,AVERAGE
S11520,Gayathri,92.59,99.59,89.64,48.84,4.06,EXCELLENT
S11521,Bharath,58.1,58.31,66.15,37.73,5.06,AVERAGE
S11522,Manish,90.71,42.05,82.47,68.25,5.91,GOOD
S11523,Vijay,53.07,66.17,73.07,8.5,1.71,AVERAGE
S11524,Pooja,74.11,54.77,95.29,50.39,3.91,AVERAGE
S11525,Bhavya,75.57,85.73,62.21,75.81,1.91,GOOD
S11526,Reshma,59.88,45.22,81.39,83.0,1.24,AVERAGE
S11527,Sahana,54.48,72.88,75.89,49.0,5.49,AVERAGE
S11528,Preethi,53.75,57.36,99.92,35.26,5.97,AVERAGE
S11529,Nandini,51.86,52.4,44.64,57.24,4.45,AVERAGE
S11530,Ishaan,78.68,92.54,75.89,12.82,3.03,AVERAGE
S11531,Aditya,57.77,70.93,53.95,9.15,4.78,AVERAGE
S11532,Kavin,90.44,59.53,93.05,81.91,5.94,GOOD
S11533,Lakshmi,94.95,84.77,87.67,12.65,5.57,GOOD
S11534,Sanjana,64.62,91.19,79.71,41.73,5.31,GOOD
S11535,Ravi,58.22,66.53,68.82,41.17,3.57,AVERAGE
S11536,Aryan,70.48,50.93,80.88,98.31,2.08,AVERAGE
S11537,Shivani,94.08,99.66,73.26,70.52,1.67,GOOD
S11538,Avinash,69.99,61.54,57.24,76.65,1.36,AVERAGE
S11539,Sanjay,55.42,52.33,89.17,66.99,2.71,AVERAGE
S11540,Sakshi,99.23,46.2,70.75,27.25,1.2,AVERAGE
S11541,Vidya,74.98,47.43,55.43,36.11,4.38,AVERAGE
S11542,Bharath,67.12,96.58,79.86,18.32,5.13,GOOD
S11543,Reshma,94.68,96.8,41.12,54.21,4.98,GOOD
S11544,Vikram,96.37,70.48,83.21,7.79,1.42,AVERAGE
S11545,Pradeep,74.84,81.53,68.22,90.39,2.0,GOOD
S11546,Ramya,65.34,89.96,78.06,19.64,5.84,GOOD
S11547,Ramya,74.13,73.45,49.43,21.35,5.99,AVERAGE
S11548,Pranav,60.96,80.02,83.1,48.46,5.86,GOOD
S11549,Neha,73.91,98.02,83.4,31.98,5.62,GOOD
S11550,Darshan,61.47,50.35,84.5,16.65,1.73,AVERAGE
S11551,Madhavan,81.11,48.33,68.03,98.57,4.95,GOOD
S11552,Shivani,87.99,85.18,78.43,27.96,2.06,GOOD
S11553,Vignesh,98.47,82.2,72.96,73.95,2.29,GOOD
S11554,Surya,92.13,51.16,53.98,72.61,3.46,AVERAGE
S11555,Janani,54.31,58.14,41.38,24.46,5.01,AVERAGE
S11556,Kishore,60.58,81.12,64.81,27.77,3.22,AVERAGE
S11557,Deepak,76.58,69.66,88.9,53.47,2.13,AVERAGE
S11558,Vedant,62.88,93.61,59.33,86.1,5.55,GOOD
S11559,Kavin,50.72,90.23,84.94,73.95,2.43,GOOD
S11560,Mahesh,87.74,69.23,78.38,30.31,4.86,GOOD
S11561,Vidya,67.89,80.01,61.2,4.32,4.83,AVERAGE
S11562,Lakshmi,53.31,78.61,40.03,60.74,1.45,AVERAGE
S11563,Keerthi,75.44,45.52,65.86,47.57,3.23,AVERAGE
S11564,Yogesh,98.86,65.54,63.57,34.39,1.66,AVERAGE
S11565,Darshan,83.93,66.39,48.32,64.62,4.62,AVERAGE
S11566,Deepak,57.94,93.84,89.12,95.17,4.71,GOOD
S11567,Naveen,75.71,93.12,97.33,90.35,2.51,GOOD
S11568,Vasanth,95.09,43.46,47.27,66.57,4.41,AVERAGE
S11569,Dev,52.71,90.71,53.86,95.93,3.08,GOOD
S11570,Monisha,81.89,76.7,77.95,39.56,3.8,GOOD
S11571,Arnav,86.06,40.97,97.05,10.11,4.43,AVERAGE
S11572,Deepak,85.2,62.9,96.04,45.23,5.2,GOOD
S11573,Monisha,57.51,93.29,95.88,66.04,3.47,GOOD
S11574,Yash,95.36,61.49,66.41,80.14,4.51,GOOD
S11575,Varun,66.11,80.59,99.15,93.8,2.39,GOOD
S11576,Ramya,52.59,73.94,61.88,51.72,3.33,AVERAGE
S11577,Keerthi,54.16,75.39,45.2,37.31,1.44,AVERAGE
S11578,Shreya,72.88,68.85,82.27,28.17,3.41,AVERAGE
S11579,Yash,52.0,68.94,73.37,60.68,2.86,AVERAGE
S11580,Kavin,88.98,94.16,87.97,69.28,5.61,EXCELLENT
S11581,Manish,93.29,64.83,77.27,63.24,2.31,GOOD
S11582,Anirudh,50.67,51.48,89.24,19.51,5.97,AVERAGE
S11583,Rakesh,90.5,65.18,60.63,44.62,2.05,AVERAGE
S11584,Tanvi,99.06,83.97,57.28,7.43,3.99,AVERAGE
S11585,Ravi,51.52,68.51,85.43,52.04,2.64,AVERAGE
S11586,Nikhil,86.25,83.93,69.86,21.42,5.5,GOOD
S11587,Charan,99.95,54.39,50.76,88.92,3.41,GOOD
S11588,Vasanth,89.86,74.97,62.5,80.82,2.32,GOOD
S11589,Mahesh,75.27,91.86,88.04,73.15,1.85,GOOD
S11590,Darshan,94.24,71.76,95.44,11.24,4.74,GOOD
S11591,Vijay,85.4,78.21,85.62,44.68,5.46,GOOD
S11592,Karthik,64.62,80.73,83.09,18.02,4.83,AVERAGE
S11593,Gayathri,61.22,84.38,88.7,4.38,3.59,AVERAGE
S11594,Aishwarya,75.63,61.02,52.03,40.25,5.6,AVERAGE
S11595,Harish,68.65,77.61,74.77,31.37,3.56,AVERAGE
S11596,Krishna,66.47,64.97,75.65,91.82,2.11,AVERAGE
S11597,Isha,58.9,63.46,96.76,92.61,2.17,GOOD
S11598,Preethi,92.26,68.51,40.92,93.48,4.21,GOOD
S11599,Ananya,85.25,64.47,98.23,1.43,5.07,AVERAGE
S11600,Kavin,66.57,41.55,83.56,51.89,4.49,AVERAGE
S11601,Varun,61.88,84.52,41.35,1.82,1.61,AVERAGE
S11602,Aman,56.41,75.06,71.13,60.45,3.31,AVERAGE
S11603,Zoya,55.63,48.25,44.19,50.84,1.32,AT RISK
S11604,Madhavan,81.27,55.68,76.2,43.04,5.6,AVERAGE
S11605,Jeeva,55.44,76.66,67.1,5.26,1.52,AVERAGE
S11606,Srinivas,98.01,71.08,86.35,10.49,5.56,GOOD
S11607,Manish,63.96,83.41,74.77,31.3,2.79,AVERAGE
S11608,Chetan,51.29,69.35,87.18,24.2,3.92,AVERAGE
S11609,Aadhya,92.77,90.68,62.13,17.88,4.52,GOOD
S11610,Mohan,68.38,44.65,91.41,85.13,5.17,GOOD
S11611,Anirudh,67.15,76.79,91.98,2.85,4.57,AVERAGE
S11612,Abhinav,55.93,62.29,79.33,21.79,3.52,AVERAGE
S11613,Gayathri,83.02,58.41,55.82,91.7,2.31,AVERAGE
S11614,Vijay,67.94,96.62,99.49,87.17,2.0,GOOD
S11615,Kavya,91.15,91.83,89.06,35.52,4.4,GOOD
S11616,Yogesh,81.53,51.02,91.1,80.44,3.0,GOOD
S11617,Deepika,94.0,43.45,40.69,15.22,4.61,AVERAGE
S11618,Vidya,81.13,92.04,89.57,64.04,4.9,GOOD
S11619,Karthik,88.96,50.16,53.07,88.32,2.25,AVERAGE
S11620,Naveen,84.83,95.7,70.5,47.2,1.12,GOOD
S11621,Priya,73.13,56.64,82.26,16.69,3.5,AVERAGE
S11622,Gayathri,84.43,64.7,64.62,57.88,2.62,AVERAGE
S11623,Ishaan,83.18,42.7,54.62,74.82,1.52,AVERAGE
S11624,Anusha,50.34,72.25,70.01,86.56,3.15,AVERAGE
S11625,Meera,84.93,51.32,57.99,37.91,2.95,AVERAGE
S11626,Karthik,63.11,65.86,76.92,28.41,2.13,AVERAGE
S11627,Anirudh,77.09,95.16,46.58,68.56,2.64,GOOD
S11628,Harini,55.57,55.15,64.5,24.99,1.23,AT RISK
S11629,Meera,51.15,78.1,75.5,24.28,5.81,AVERAGE
S11630,Ashwin,50.76,52.12,99.43,18.24,4.59,AVERAGE
S11631,Nikhil,57.91,76.59,69.73,36.75,1.91,AVERAGE
S11632,Tanvi,50.99,57.35,65.55,43.93,3.83,AVERAGE
S11633,Aditya,56.62,80.89,99.35,72.49,4.29,GOOD
S11634,Aman,77.96,86.24,95.52,10.77,3.65,GOOD
S11635,Shivani,70.01,92.84,80.38,42.6,4.03,GOOD
S11636,Abhinav,99.04,95.12,72.69,65.78,5.35,EXCELLENT
S11637,Pooja,90.43,54.48,56.25,54.5,5.45,AVERAGE
S11638,Mahesh,57.34,47.74,77.43,78.8,1.14,AVERAGE
S11639,Lakshmi,70.84,42.91,90.04,89.23,3.58,AVERAGE
S11640,Sanjay,71.55,83.22,98.9,21.27,3.29,GOOD
S11641,Amrita,68.11,51.21,50.26,90.86,1.21,AVERAGE
S11642,Muthu,74.78,88.01,56.44,88.54,5.54,GOOD
S11643,Anirudh,83.49,97.89,93.07,36.38,5.96,GOOD
S11644,Ramya,82.04,48.88,91.66,81.33,4.55,GOOD
S11645,Ravi,67.85,57.0,83.0,51.52,2.36,AVERAGE
S11646,Mohan,85.25,71.44,46.22,81.08,1.33,AVERAGE
S11647,Aditya,64.47,65.83,82.38,74.8,2.41,AVERAGE
S11648,Meera,91.77,65.56,68.14,96.24,4.03,GOOD
S11649,Avinash,98.22,53.03,62.28,22.11,2.43,AVERAGE
S11650,Swathi,64.74,93.35,55.04,73.61,4.72,GOOD
S11651,Avinash,89.23,80.9,59.08,1.39,5.91,AVERAGE
S11652,Surya,90.67,49.23,72.15,92.17,2.07,AVERAGE
S11653,Yash,74.54,40.27,49.72,19.89,5.97,AVERAGE
S11654,Ishaan,54.39,85.76,70.56,37.34,3.5,AVERAGE
S11655,Surya,89.31,40.95,42.89,84.31,3.09,AVERAGE
S11656,Mahesh,70.37,92.82,64.64,47.77,1.99,AVERAGE
S11657,Rahul,60.4,71.77,97.6,66.38,1.36,AVERAGE
S11658,Avinash,81.33,95.81,84.34,36.14,4.72,GOOD
S11659,Meera,71.85,86.31,44.12,55.54,4.36,AVERAGE
S11660,Vijay,54.38,93.66,81.27,84.55,4.83,GOOD
S11661,Mahesh,99.18,84.63,51.77,89.25,2.08,GOOD
S11662,Isha,62.23,74.6,68.45,45.63,4.74,AVERAGE
S11663,Kishore,75.55,50.38,57.65,72.01,4.14,AVERAGE
S11664,Karthik,83.36,83.66,96.05,46.72,2.99,GOOD
S11665,Harish,55.75,75.54,43.27,93.96,1.87,AVERAGE
S11666,Rakesh,86.97,67.28,92.86,72.76,4.32,GOOD
S11667,Chetan,82.41,73.52,82.08,43.13,5.55,GOOD
S11668,Pooja,74.69,53.94,61.77,49.81,5.01,AVERAGE
S11669,Mohan,76.42,64.27,92.78,18.31,5.93,AVERAGE
S11670,Karthik,97.74,47.45,64.38,94.1,1.76,AVERAGE
S11671,Malar,95.54,64.59,81.9,25.51,4.24,GOOD
S11672,Manish,55.6,68.02,87.27,18.14,2.78,AVERAGE
S11673,Harini,68.44,91.47,57.18,45.21,2.72,AVERAGE
S11674,Jeeva,75.84,71.63,44.34,72.62,2.68,AVERAGE
S11675,Charan,96.0,94.53,92.09,68.27,4.31,EXCELLENT
S11676,Isha,90.83,98.08,53.88,25.46,4.92,GOOD
S11677,Pradeep,69.32,42.94,95.91,26.5,3.76,AVERAGE
S11678,Gaurav,94.31,75.83,58.9,23.56,4.5,AVERAGE
S11679,Jatin,68.91,57.95,64.89,60.32,2.76,AVERAGE
S11680,Reshma,63.56,91.08,65.82,95.71,3.5,GOOD
S11681,Manish,80.49,69.64,68.07,88.94,1.81,GOOD
S11682,Harini,67.8,44.69,97.77,50.45,1.27,AVERAGE
S11683,Aditya,81.12,52.9,54.71,37.78,3.27,AVERAGE
S11684,Zoya,70.48,80.43,76.5,39.57,5.88,GOOD
S11685,Ravi,89.79,44.78,57.65,80.62,5.61,AVERAGE
S11686,Hari,97.72,62.74,47.86,65.06,5.49,GOOD
S11687,Vijay,63.52,92.3,57.33,4.13,2.82,AVERAGE
S11688,Rajesh,75.5,41.75,73.14,7.56,4.75,AVERAGE
S11689,Kavya,86.22,81.77,76.42,48.14,5.68,GOOD
S11690,Naveen,57.93,80.53,55.82,53.23,1.3,AVERAGE
S11691,Akshara,89.8,59.24,99.24,96.06,3.23,GOOD
S11692,Harini,79.15,46.76,61.76,14.11,2.86,AVERAGE
S11693,Jeeva,57.49,46.14,89.92,80.77,5.21,AVERAGE
S11694,Madhavan,93.41,98.15,42.1,89.55,3.89,GOOD
S11695,Kishore,71.34,80.61,81.71,37.76,5.99,GOOD
S11696,Aryan,58.83,62.56,58.21,16.18,1.28,AT RISK
S11697,Charan,59.77,90.01,72.21,24.63,2.56,AVERAGE
S11698,Mahesh,89.28,46.2,90.2,66.28,3.77,GOOD
S11699,Diya,96.79,47.62,83.49,6.98,2.1,AVERAGE
S11700,Sakshi,68.91,51.85,61.58,88.56,5.84,AVERAGE
S11701,Shivani,53.94,85.81,83.95,75.66,4.47,GOOD
S11702,Pranav,55.04,64.53,64.84,79.44,4.04,AVERAGE
S11703,Madhavan,82.72,78.55,43.81,74.03,1.68,AVERAGE
S11704,Swathi,68.54,53.95,79.94,12.87,4.96,AVERAGE
S11705,Bharath,71.31,86.64,96.21,73.09,5.85,GOOD
S11706,Anjali,66.85,88.1,45.02,59.92,5.01,AVERAGE
S11707,Bharath,73.28,64.8,81.26,5.1,3.83,AVERAGE
S11708,Malar,82.18,52.56,90.38,28.46,4.42,AVERAGE
S11709,Shankar,77.06,77.8,75.8,42.31,3.66,GOOD
S11710,Kavya,58.21,55.37,69.12,54.29,1.19,AVERAGE
S11711,Surya,74.56,48.9,54.23,18.05,5.36,AVERAGE
S11712,Anjali,73.03,76.95,51.63,52.72,2.17,AVERAGE
S11713,Vikram,77.29,70.77,63.78,95.76,2.57,GOOD
S11714,Lakshmi,55.53,87.01,78.48,35.46,5.58,GOOD
S11715,Pranav,57.68,57.54,58.88,15.15,4.74,AVERAGE
S11716,Bharath,76.51,53.52,69.3,46.87,3.75,AVERAGE
S11717,Nandini,63.77,78.43,76.0,45.06,2.27,AVERAGE
S11718,Karthik,81.45,82.06,52.6,91.72,5.12,GOOD
S11719,Pavithra,68.64,64.8,84.48,46.24,3.67,AVERAGE
S11720,Pranav,61.04,66.54,77.72,24.33,3.73,AVERAGE
S11721,Aishwarya,82.82,47.41,75.51,22.45,1.95,AVERAGE
S11722,Abhinav,69.7,68.17,68.69,3.46,3.2,AVERAGE
S11723,Aman,57.88,97.68,61.89,74.14,2.78,GOOD
S11724,Rajesh,90.44,46.82,72.93,26.78,2.47,AVERAGE
S11725,Avinash,71.59,74.08,85.94,78.79,3.37,GOOD
S11726,Muthu,95.75,41.1,82.36,55.03,5.2,AVERAGE
S11727,Shankar,59.67,59.52,84.26,71.16,2.58,AVERAGE
S11728,Sameer,93.82,85.67,52.57,20.32,2.23,AVERAGE
S11729,Sahana,90.8,74.03,86.78,15.5,5.41,GOOD
S11730,Priya,55.2,44.87,60.12,41.82,4.86,AVERAGE
S11731,Vidya,76.58,67.11,53.98,35.68,3.83,AVERAGE
S11732,Gaurav,82.68,44.74,47.29,50.61,4.4,AVERAGE
S11733,Priya,74.77,62.41,89.82,74.83,1.42,AVERAGE
S11734,Neha,69.51,86.14,77.39,90.88,4.69,GOOD
S11735,Monisha,97.19,55.49,90.48,59.43,5.46,GOOD
S11736,Aditya,85.04,67.2,73.68,22.59,3.37,AVERAGE
S11737,Pradeep,98.29,70.02,91.62,29.54,5.21,GOOD
S11738,Aarohi,92.31,91.2,73.39,90.57,3.85,EXCELLENT
S11739,Krishna,90.86,47.29,78.75,20.96,1.18,AVERAGE
S11740,Vikram,86.28,73.03,43.38,9.49,1.06,AVERAGE
S11741,Avinash,82.3,41.85,80.18,92.12,1.63,AVERAGE
S11742,Sanjay,94.34,45.6,75.86,2.67,5.82,AVERAGE
S11743,Gayathri,80.67,53.24,54.52,74.89,5.78,AVERAGE
S11744,Pradeep,53.76,83.18,46.76,14.56,1.21,AVERAGE
S11745,Abhinav,79.13,42.47,60.83,66.64,2.85,AVERAGE
S11746,Vikram,55.14,96.7,43.61,18.64,5.73,AVERAGE
S11747,Vikram,97.47,65.66,76.05,89.71,3.77,GOOD
S11748,Akshara,82.33,90.32,72.76,4.99,4.96,GOOD
S11749,Bharath,77.78,53.31,95.07,30.45,2.02,AVERAGE
S11750,Srinivas,59.89,60.27,71.05,78.3,1.51,AVERAGE
S11751,Ganesh,75.79,83.62,83.78,56.73,2.65,GOOD
S11752,Kavya,67.13,62.75,79.84,42.19,4.46,AVERAGE
S11753,Ishaan,83.77,70.45,81.98,43.55,5.65,GOOD
S11754,Kavin,80.22,88.56,58.82,50.23,4.9,GOOD
S11755,Jeeva,74.97,79.07,64.92,99.49,3.05,GOOD
S11756,Chetan,62.64,90.15,47.19,67.36,2.86,AVERAGE
S11757,Dhanush,76.29,45.19,79.03,48.71,5.35,AVERAGE
S11758,Vijay,73.08,76.48,58.15,32.18,3.59,AVERAGE
S11759,Pradeep,92.56,76.07,72.93,50.38,3.28,GOOD
S11760,Diya,94.72,76.43,95.29,92.26,2.43,GOOD
S11761,Dhanush,87.96,75.33,80.97,21.9,4.45,GOOD
S11762,Nithin,65.98,83.43,56.06,34.55,1.76,AVERAGE
S11763,Harini,51.9,90.64,70.88,6.5,2.94,AVERAGE
S11764,Shankar,96.27,53.78,76.13,62.92,4.76,GOOD
S11765,Monisha,99.6,46.27,91.01,76.7,4.38,GOOD
S11766,Vidya,56.35,44.44,87.63,63.2,1.67,AVERAGE
S11767,Deepika,84.28,49.51,58.91,81.18,2.79,AVERAGE
S11768,Jatin,71.26,79.36,95.18,77.07,2.97,GOOD
S11769,Gaurav,57.43,64.99,48.84,97.25,2.17,AVERAGE
S11770,Akash,99.91,60.97,56.57,45.24,2.0,AVERAGE
S11771,Malar,96.66,94.6,42.03,8.41,3.54,AVERAGE
S11772,Charan,99.13,94.01,58.68,53.54,2.68,GOOD
S11773,Amrita,57.19,72.33,64.84,77.1,4.03,AVERAGE
S11774,Dev,74.6,67.51,54.48,40.7,4.2,AVERAGE
S11775,Dev,94.79,56.23,40.76,44.92,5.78,AVERAGE
S11776,Pooja,83.76,67.59,40.63,73.74,3.95,AVERAGE
S11777,Riya,71.73,64.66,95.44,1.68,5.11,AVERAGE
S11778,Karthik,75.83,40.42,84.09,65.73,5.55,AVERAGE
S11779,Varsha,51.93,85.51,81.9,70.72,3.13,GOOD
S11780,Dhanush,80.58,66.31,87.14,97.07,1.87,GOOD
S11781,Vedant,92.99,53.37,81.65,72.99,2.4,GOOD
S11782,Rahul,50.14,79.98,43.69,13.09,4.42,AVERAGE
S11783,Neha,58.0,66.86,95.54,49.83,2.61,AVERAGE
S11784,Pradeep,75.9,58.82,65.73,40.59,1.65,AVERAGE
S11785,Anusha,78.05,53.85,67.21,40.09,1.7,AVERAGE
S11786,Aarav,67.17,43.55,93.19,78.51,2.67,AVERAGE
S11787,Rohan,51.4,70.18,52.27,58.11,1.72,AVERAGE
S11788,Arnav,87.18,62.53,58.77,73.09,5.59,GOOD
S11789,Rahul,62.15,42.42,91.3,74.58,1.03,AVERAGE
S11790,Zoya,82.23,88.74,71.18,68.83,2.16,GOOD
S11791,Pranav,77.96,88.5,65.21,75.78,5.64,GOOD
S11792,Keerthi,71.54,69.4,97.27,21.86,5.03,AVERAGE
S11793,Krishna,79.51,90.33,93.32,9.87,5.62,GOOD
S11794,Kavya,84.75,68.86,93.24,16.13,5.39,GOOD
S11795,Lakshmi,78.61,50.13,52.73,80.88,3.1,AVERAGE
S11796,Naveen,77.88,71.06,90.63,95.61,1.47,GOOD
S11797,Ganesh,71.8,58.75,79.4,93.68,5.16,GOOD
S11798,Ananya,71.5,67.14,81.49,1.28,2.87,AVERAGE
S11799,Aditya,74.55,98.24,42.87,99.51,1.58,GOOD
S11800,Sneha,72.6,61.33,73.34,88.65,4.87,GOOD
S11801,Ganesh,71.95,52.95,53.11,19.88,1.13,AT RISK
S11802,Ishaan,60.52,47.71,95.63,55.74,2.09,AVERAGE
S11803,Diya,86.24,93.04,73.7,98.46,4.28,EXCELLENT
S11804,Anjali,56.65,40.9,77.04,47.1,2.2,AVERAGE
S11805,Neha,95.44,94.45,54.6,95.34,1.33,GOOD
S11806,Kavin,81.24,43.71,65.28,54.38,4.41,AVERAGE
S11807,Avinash,52.45,85.16,71.76,34.44,2.52,AVERAGE
S11808,Aryan,82.95,57.62,88.72,16.05,5.58,AVERAGE
S11809,Varun,68.08,54.99,76.7,10.41,1.32,AVERAGE
S11810,Nikhil,96.49,50.8,46.78,70.67,2.75,AVERAGE
S11811,Jeeva,96.8,48.07,67.05,32.76,5.49,AVERAGE
S11812,Shreya,92.3,43.97,57.73,40.77,1.4,AVERAGE
S11813,Mohan,78.39,49.3,72.33,93.72,5.38,GOOD
S11814,Bhavya,95.96,75.31,68.19,19.98,5.18,GOOD
S11815,Chetan,82.49,74.18,41.34,37.33,1.66,AVERAGE
S11816,Madhavan,93.76,56.86,52.45,90.96,3.79,GOOD
S11817,Divya,58.0,80.79,79.6,94.06,1.6,GOOD
S11818,Shreya,95.21,86.18,72.66,80.28,5.64,EXCELLENT
S11819,Pavithra,83.08,98.81,43.2,38.31,5.93,GOOD
S11820,Sanjana,65.16,66.39,75.86,12.55,2.74,AVERAGE
S11821,Isha,99.89,62.48,70.2,78.94,5.8,GOOD
S11822,Arjun,84.34,98.39,49.01,83.9,2.37,GOOD
S11823,Malar,95.42,96.53,40.12,71.48,4.01,GOOD
S11824,Ganesh,50.28,95.62,60.12,33.74,2.21,AVERAGE
S11825,Manish,77.62,76.53,86.78,65.24,1.11,GOOD
S11826,Vikram,85.63,77.06,47.98,70.23,2.75,AVERAGE
S11827,Deepika,50.69,95.68,96.67,88.74,3.21,GOOD
S11828,Hari,88.13,68.79,72.55,13.92,1.97,AVERAGE
S11829,Jeeva,82.57,52.81,85.5,26.38,3.58,AVERAGE
S11830,Kavya,63.74,99.12,98.61,40.37,5.65,GOOD
S11831,Rohan,84.45,90.52,55.76,81.17,5.07,GOOD
S11832,Manish,56.55,43.36,74.97,89.37,3.06,AVERAGE
S11833,Abhinav,91.2,46.75,60.44,27.84,3.1,AVERAGE
S11834,Aryan,93.31,92.93,45.07,50.41,5.34,GOOD
S11835,Vidya,74.27,58.07,87.61,60.77,3.85,AVERAGE
S11836,Riya,75.37,81.78,40.73,16.55,3.09,AVERAGE
S11837,Avinash,70.1,47.07,92.13,79.24,2.38,AVERAGE
S11838,Aditya,67.27,50.23,87.67,47.09,5.69,AVERAGE
S11839,Mohan,93.64,84.84,78.3,89.47,3.44,GOOD
S11840,Darshan,65.24,98.76,75.47,54.83,2.63,GOOD
S11841,Neha,70.14,70.13,90.74,83.31,5.5,GOOD
S11842,Gayathri,65.0,42.57,43.34,4.91,4.4,AT RISK
S11843,Sameer,82.84,54.06,84.18,43.89,5.42,AVERAGE
S11844,Mahesh,90.71,52.76,50.83,41.91,2.5,AVERAGE
S11845,Monisha,58.22,96.12,41.22,19.39,5.89,AVERAGE
S11846,Aarohi,62.74,65.15,58.74,56.16,5.36,AVERAGE
S11847,Aarav,55.21,96.86,59.63,75.05,4.18,GOOD
S11848,Surya,58.01,91.58,51.56,49.33,5.88,AVERAGE
S11849,Varsha,70.34,67.05,82.65,83.2,3.2,GOOD
S11850,Ashwin,88.79,41.49,73.53,29.3,3.51,AVERAGE
S11851,Aishwarya,77.08,98.38,95.2,29.84,3.98,GOOD
S11852,Surya,52.66,40.6,85.7,16.68,4.9,AVERAGE
S11853,Vidya,81.25,91.37,89.57,78.41,4.51,GOOD
S11854,Kavya,89.77,64.79,94.15,14.8,5.59,GOOD
S11855,Pavithra,69.67,58.08,88.38,14.98,3.35,AVERAGE
S11856,Aishwarya,62.25,64.5,47.09,0.7,3.84,AVERAGE
S11857,Surya,88.2,61.41,51.13,38.83,3.08,AVERAGE
S11858,Avinash,51.2,81.35,64.11,43.69,4.95,AVERAGE
S11859,Yash,90.78,74.36,59.92,45.11,4.59,GOOD
S11860,Aarohi,90.21,55.41,93.13,76.62,5.77,GOOD
S11861,Mohan,94.4,71.65,71.45,41.47,5.84,GOOD
S11862,Aadhya,54.47,64.3,92.56,0.43,3.8,AVERAGE
S11863,Rakesh,55.39,95.24,63.23,60.94,1.19,AVERAGE
S11864,Pavithra,93.64,93.54,94.39,17.12,3.93,GOOD
S11865,Bharath,73.76,77.04,44.3,2.5,4.24,AVERAGE
S11866,Krishna,69.62,97.92,66.73,77.74,1.34,GOOD
S11867,Priya,78.66,62.51,94.07,24.58,1.9,AVERAGE
S11868,Nandini,52.93,45.28,66.98,75.53,5.34,AVERAGE
S11869,Kavin,82.19,42.86,83.96,64.17,3.16,AVERAGE
S11870,Isha,97.25,90.01,61.65,88.33,5.62,EXCELLENT
S11871,Ananya,83.79,63.01,89.75,35.82,2.61,AVERAGE
S11872,Shreya,73.23,91.62,77.88,65.01,5.9,GOOD
S11873,Pradeep,98.04,67.52,88.71,56.82,4.37,GOOD
S11874,Sakshi,84.43,40.67,72.19,78.28,4.74,AVERAGE
S11875,Diya,52.85,71.72,78.26,32.93,4.0,AVERAGE
S11876,Aditya,83.5,75.67,71.72,59.95,3.72,GOOD
S11877,Vasanth,52.98,67.09,74.04,54.09,4.63,AVERAGE
S11878,Mahesh,65.36,90.28,81.35,4.36,2.0,AVERAGE
S11879,Bhavya,80.78,78.64,47.25,3.4,3.44,AVERAGE
S11880,Aman,60.78,61.88,86.11,90.3,5.75,GOOD
S11881,Aryan,51.91,83.14,61.31,64.08,5.47,AVERAGE
S11882,Naveen,80.9,59.18,40.75,61.31,5.66,AVERAGE
S11883,Pavithra,64.29,90.31,78.62,74.31,5.01,GOOD
S11884,Bhavya,76.65,56.81,76.82,1.57,4.92,AVERAGE
S11885,Pavithra,63.06,80.0,83.55,23.21,5.63,AVERAGE
S11886,Aarav,84.32,64.91,99.9,65.01,4.82,GOOD
S11887,Kavin,94.79,46.07,67.69,71.84,1.45,AVERAGE
S11888,Karthik,54.33,77.78,98.4,62.96,3.88,GOOD
S11889,Yogesh,89.32,62.98,74.67,41.1,1.19,AVERAGE
S11890,Sakshi,57.8,78.06,61.47,58.89,1.89,AVERAGE
S11891,Jatin,66.47,72.39,80.67,69.99,4.39,GOOD
S11892,Harish,67.87,42.5,51.79,40.64,5.61,AVERAGE
S11893,Pradeep,60.32,52.3,97.98,56.4,1.07,AVERAGE
S11894,Pooja,53.76,82.03,66.46,7.9,4.78,AVERAGE
S11895,Mohan,88.42,68.06,40.64,16.96,3.29,AVERAGE
S11896,Kavin,89.68,67.99,79.32,77.26,5.11,GOOD
S11897,Swathi,99.84,40.14,47.22,38.0,4.17,AVERAGE
S11898,Charan,96.73,58.17,45.33,77.8,3.94,AVERAGE
S11899,Rakesh,71.73,80.17,41.41,67.43,3.13,AVERAGE
S11900,Akshara,56.67,93.22,92.98,36.26,2.74,GOOD
S11901,Aarav,50.54,74.44,42.02,77.09,3.51,AVERAGE
S11902,Abhinav,76.58,72.44,72.23,12.64,4.36,AVERAGE
S11903,Vignesh,93.03,68.22,69.37,16.06,2.89,AVERAGE
S11904,Sneha,63.4,80.71,94.66,40.92,3.44,GOOD
S11905,Kishore,59.95,87.89,94.67,65.58,3.98,GOOD
S11906,Sanjana,71.95,53.24,95.25,29.78,1.01,AVERAGE
S11907,Deepak,94.68,82.84,64.0,32.32,2.07,AVERAGE
S11908,Vidya,72.58,54.63,68.41,86.17,1.92,AVERAGE
S11909,Varsha,86.14,41.91,89.54,89.99,5.37,GOOD
S11910,Zoya,73.13,44.48,47.21,91.25,5.5,AVERAGE
S11911,Swathi,68.65,42.79,46.87,2.2,1.9,AT RISK
S11912,Deepak,72.05,56.81,95.3,79.84,4.49,GOOD
S11913,Deepak,88.42,47.63,41.77,76.18,3.08,AVERAGE
S11914,Aadhya,87.72,45.11,62.97,25.81,3.74,AVERAGE
S11915,Aishwarya,71.59,48.86,51.7,22.66,3.05,AVERAGE
S11916,Rahul,63.38,42.29,45.04,3.49,3.34,AT RISK
S11917,Dev,56.96,60.61,98.43,82.21,4.45,GOOD
S11918,Ashwin,50.07,89.37,49.96,60.75,2.45,AVERAGE
S11919,Akshara,55.66,73.23,65.92,1.58,1.11,AVERAGE
S11920,Aishwarya,58.23,43.9,55.37,22.53,3.51,AT RISK
S11921,Ganesh,84.5,62.5,69.47,83.08,1.49,AVERAGE
S11922,Anirudh,90.9,65.79,86.01,60.21,5.79,GOOD
S11923,Arnav,86.85,50.34,79.58,85.58,2.71,GOOD
S11924,Aditya,86.16,62.38,74.3,14.67,1.1,AVERAGE
S11925,Arjun,99.72,60.21,70.64,95.26,3.4,GOOD
S11926,Madhavan,98.13,69.63,47.91,20.74,2.61,AVERAGE
S11927,Kavin,63.44,81.84,64.15,30.35,4.43,AVERAGE
S11928,Kavya,57.26,68.73,94.32,92.61,4.53,GOOD
S11929,Akash,57.66,44.44,89.23,31.29,4.49,AVERAGE
S11930,Krishna,94.78,43.31,43.88,59.52,2.96,AVERAGE
S11931,Nithin,55.12,93.28,90.43,34.41,5.29,GOOD
S11932,Avinash,67.01,81.69,89.68,73.97,1.24,GOOD
S11933,Muthu,76.52,79.43,88.12,31.14,3.35,GOOD
S11934,Rohan,80.67,94.79,88.89,44.13,5.74,GOOD
S11935,Avinash,79.79,72.49,98.98,8.38,3.09,AVERAGE
S11936,Varsha,89.32,44.42,43.31,92.09,5.91,AVERAGE
S11937,Sneha,78.58,82.86,63.03,90.6,4.56,GOOD
S11938,Dharani,92.55,49.74,98.11,80.42,3.05,GOOD
S11939,Ananya,54.23,79.97,73.16,87.31,4.41,GOOD
S11940,Naveen,92.95,64.04,80.94,60.27,5.73,GOOD
S11941,Anirudh,79.5,41.69,61.71,8.55,5.25,AVERAGE
S11942,Aishwarya,61.15,43.33,52.71,7.06,1.98,AT RISK
S11943,Akshara,98.89,63.56,98.71,78.61,5.08,GOOD
S11944,Yash,96.99,75.67,61.7,51.71,2.14,GOOD
S11945,Vasanth,92.29,50.25,73.65,27.7,1.5,AVERAGE
S11946,Monisha,95.58,46.4,54.63,3.75,3.02,AVERAGE
S11947,Diya,69.11,62.57,98.02,98.4,3.96,GOOD
S11948,Shivani,61.39,88.25,55.5,9.67,2.56,AVERAGE
S11949,Ganesh,59.15,87.04,94.84,36.43,5.24,GOOD
S11950,Akash,93.69,81.05,57.51,68.02,2.63,GOOD
S11951,Aryan,91.33,65.52,96.82,62.31,1.6,GOOD
S11952,Surya,99.05,66.52,62.04,12.64,3.49,AVERAGE
S11953,Diya,92.41,53.56,92.32,62.05,4.17,GOOD
S11954,Ananya,81.62,48.23,75.99,33.64,2.38,AVERAGE
S11955,Riya,57.11,40.95,46.83,17.06,5.47,AT RISK
S11956,Srinivas,58.24,91.61,57.74,61.71,1.31,AVERAGE
S11957,Vignesh,73.68,69.77,85.65,90.04,3.98,GOOD
S11958,Bharath,88.39,40.18,80.05,75.15,5.21,GOOD
S11959,Gayathri,58.66,71.75,61.37,16.25,5.05,AVERAGE
S11960,Madhavan,95.78,55.5,51.72,17.41,4.26,AVERAGE
S11961,Aarohi,84.19,65.64,89.73,46.93,1.21,AVERAGE
S11962,Amrita,65.62,80.34,77.34,2.11,1.4,AVERAGE
S11963,Aarav,94.29,88.58,80.92,2.07,3.41,GOOD
S11964,Nikhil,79.93,82.03,68.74,25.19,5.73,GOOD
S11965,Mohan,86.66,93.78,61.02,10.67,1.39,AVERAGE
S11966,Varsha,69.27,54.08,62.93,54.67,5.26,AVERAGE
S11967,Nandini,69.68,79.68,41.87,4.34,5.07,AVERAGE
S11968,Abhinav,50.63,93.39,96.63,24.35,5.77,GOOD
S11969,Sahana,76.9,58.51,61.99,5.82,1.76,AVERAGE
S11970,Isha,88.04,87.97,68.98,53.05,1.52,GOOD
S11971,Shivani,98.44,96.41,61.43,35.26,2.9,GOOD
S11972,Malar,94.61,78.63,61.31,8.3,3.59,AVERAGE
S11973,Sahana,54.35,49.86,81.14,35.44,5.29,AVERAGE
S11974,Pavithra,99.03,55.65,80.22,0.06,5.6,AVERAGE
S11975,Avinash,57.47,80.8,88.61,82.55,2.6,GOOD
S11976,Anjali,52.06,91.97,44.31,36.37,5.12,AVERAGE
S11977,Pranav,87.45,41.43,92.44,66.59,5.19,GOOD
S11978,Anjali,95.29,59.58,97.4,70.88,3.06,GOOD
S11979,Kishore,97.49,54.01,99.35,55.49,3.29,GOOD
S11980,Shreya,91.25,65.32,47.73,58.88,5.41,AVERAGE
S11981,Krishna,60.25,86.11,69.2,42.86,5.38,GOOD
S11982,Shivani,57.7,70.17,96.34,40.74,5.81,GOOD
S11983,Charan,52.95,71.1,85.54,30.6,4.06,AVERAGE
S11984,Sahana,79.1,76.54,43.61,7.12,3.43,AVERAGE
S11985,Gaurav,74.36,70.94,92.22,34.95,5.13,GOOD
S11986,Preethi,55.46,81.3,90.31,46.25,1.4,AVERAGE
S11987,Lakshmi,73.24,46.42,86.81,13.37,5.36,AVERAGE
S11988,Rohan,78.37,41.37,64.71,90.8,2.08,AVERAGE
S11989,Ravi,86.15,89.61,77.94,0.84,3.35,AVERAGE
S11990,Mohan,70.71,68.73,82.96,22.38,4.43,AVERAGE
S11991,Ishaan,65.92,57.91,63.8,67.98,1.14,AVERAGE
S11992,Shivani,83.28,67.26,87.04,82.35,2.95,GOOD
S11993,Yogesh,84.21,79.01,56.4,47.37,2.46,AVERAGE
S11994,Krishna,63.52,47.3,51.02,58.86,1.34,AVERAGE
S11995,Keerthi,50.99,71.42,91.53,27.3,1.84,AVERAGE
S11996,Divya,97.28,46.64,60.36,95.43,1.8,AVERAGE
S11997,Aarohi,87.76,91.57,43.41,64.42,4.76,GOOD
S11998,Varun,60.06,73.74,89.96,13.15,3.02,AVERAGE
S11999,Ishaan,78.28,88.65,87.94,73.64,1.23,GOOD
S12000,Rajesh,79.75,83.26,88.14,12.78,2.11,AVERAGE
S12001,Deepak,56.3,88.92,60.45,40.34,4.62,AVERAGE
S12002,Anirudh,59.58,60.51,76.19,49.12,2.12,AVERAGE
S12003,Shreya,97.84,48.37,40.83,72.24,3.19,AVERAGE
S12004,Zoya,75.4,93.5,40.14,99.63,4.29,GOOD
S12005,Arnav,59.57,93.08,55.56,37.15,5.81,AVERAGE
S12006,Rohan,89.88,93.0,71.52,67.57,1.3,GOOD
S12007,Anjali,73.53,99.36,76.02,67.24,2.11,GOOD
S12008,Meera,81.92,75.77,48.0,18.42,2.11,AVERAGE
S12009,Reshma,64.88,70.75,92.06,64.28,5.42,GOOD
S12010,Srinivas,52.9,87.84,97.57,87.94,3.76,GOOD
S12011,Nandini,58.25,46.61,47.15,55.57,4.75,AVERAGE
S12012,Abhinav,98.65,86.98,89.43,47.98,3.3,GOOD
S12013,Chetan,81.18,88.73,76.85,64.75,3.36,GOOD
S12014,Sakshi,91.55,74.63,70.14,80.68,5.87,GOOD
S12015,Pooja,51.08,63.28,69.34,22.53,1.82,AVERAGE
S12016,Reshma,88.27,79.37,84.99,16.31,2.99,GOOD
S12017,Monisha,74.25,94.9,52.53,65.12,5.93,GOOD
S12018,Bhavya,83.27,49.48,76.54,3.46,2.3,AVERAGE
S12019,Vikram,67.91,58.67,55.68,82.53,1.55,AVERAGE
S12020,Riya,81.04,80.29,45.11,30.21,2.48,AVERAGE
S12021,Arjun,51.78,89.99,73.17,11.1,5.18,AVERAGE
S12022,Charan,52.28,79.12,56.12,76.47,5.98,AVERAGE
S12023,Swathi,89.94,75.45,84.56,22.29,4.12,GOOD
S12024,Amrita,56.22,45.14,79.02,40.14,5.95,AVERAGE
S12025,Rohan,50.7,66.02,53.46,41.39,1.89,AVERAGE
S12026,Kavin,95.62,93.41,91.69,82.02,4.15,EXCELLENT
S12027,Lakshmi,63.28,61.7,60.82,26.44,3.96,AVERAGE
S12028,Mohan,79.12,62.86,82.54,63.32,1.66,AVERAGE
S12029,Arnav,91.95,61.45,56.04,99.86,4.08,GOOD
S12030,Diya,87.3,61.76,51.8,59.94,3.68,AVERAGE
S12031,Darshan,52.33,64.29,91.62,14.1,4.78,AVERAGE
S12032,Anjali,78.05,86.4,95.12,28.33,5.15,GOOD
S12033,Deepak,77.09,67.3,61.12,53.51,2.12,AVERAGE
S12034,Sameer,67.5,76.43,58.9,32.23,1.55,AVERAGE
S12035,Dev,87.68,66.55,82.15,51.66,5.62,GOOD
S12036,Rakesh,98.2,92.43,53.64,54.32,4.7,GOOD
S12037,Avinash,57.36,50.72,91.85,73.55,2.81,AVERAGE
S12038,Zoya,57.26,47.37,40.51,62.29,3.68,AVERAGE
S12039,Vignesh,86.74,64.46,48.53,69.79,5.11,AVERAGE
S12040,Anirudh,72.72,98.46,47.24,21.83,1.81,AVERAGE
S12041,Rakesh,89.76,81.99,59.07,42.32,1.01,AVERAGE
S12042,Karthik,57.05,76.98,91.97,82.51,3.73,GOOD
S12043,Harish,51.99,63.42,78.4,75.22,1.47,AVERAGE
S12044,Dhanush,84.9,57.71,46.45,18.2,5.81,AVERAGE
S12045,Priya,99.74,97.39,44.74,6.4,2.02,AVERAGE
S12046,Riya,54.74,65.62,57.31,65.32,4.68,AVERAGE
S12047,Dharani,93.22,82.67,77.19,44.41,4.56,GOOD
S12048,Akash,69.26,88.63,75.63,41.05,1.83,AVERAGE
S12049,Karthik,50.84,79.45,46.85,2.5,1.13,AT RISK
S12050,Ramya,75.5,53.96,85.65,38.17,2.15,AVERAGE
S12051,Shivani,63.94,57.28,77.94,17.87,3.7,AVERAGE
S12052,Varsha,84.67,41.38,98.98,3.44,1.63,AVERAGE
S12053,Keerthi,64.39,98.16,73.16,39.89,5.7,GOOD
S12054,Ashwin,74.09,90.08,59.64,82.48,4.91,GOOD
S12055,Dev,60.03,64.24,47.16,89.14,2.12,AVERAGE
S12056,Ashwin,91.41,93.55,95.15,23.82,1.57,GOOD
S12057,Vidya,96.27,49.22,42.26,27.5,1.34,AVERAGE
S12058,Sahana,70.17,42.52,60.92,9.86,5.1,AVERAGE
S12059,Pavithra,72.44,48.12,71.84,90.93,5.41,AVERAGE
S12060,Jeeva,99.13,93.01,74.19,6.52,3.63,GOOD
S12061,Meera,57.11,49.63,74.94,93.73,3.82,AVERAGE
S12062,Sakshi,90.43,44.09,83.03,64.14,3.11,AVERAGE
S12063,Rajesh,78.36,51.13,47.7,78.65,4.99,AVERAGE
S12064,Pavithra,94.04,64.9,83.16,22.0,5.37,GOOD
S12065,Sneha,64.62,69.79,93.37,60.75,2.57,AVERAGE
S12066,Preethi,64.81,54.16,41.83,10.88,5.5,AVERAGE
S12067,Meera,66.29,88.34,42.15,65.87,2.21,AVERAGE
S12068,Pranav,50.83,97.59,99.48,60.04,2.1,GOOD
S12069,Preethi,58.49,57.45,58.72,82.39,5.26,AVERAGE
S12070,Naveen,99.73,95.87,67.3,64.49,3.6,GOOD
S12071,Madhavan,62.45,89.08,58.6,97.15,1.26,GOOD
S12072,Riya,51.0,93.16,73.39,49.03,1.51,AVERAGE
S12073,Kavya,63.93,43.58,82.69,55.19,2.44,AVERAGE
S12074,Dhanush,70.42,90.04,85.6,7.59,1.89,AVERAGE
S12075,Yash,77.39,75.16,61.32,10.82,5.98,AVERAGE
S12076,Sakshi,53.43,42.3,55.63,17.35,4.59,AT RISK
S12077,Nandini,89.52,85.22,72.8,11.84,3.19,AVERAGE
S12078,Kishore,91.28,54.5,63.06,13.73,5.03,AVERAGE
S12079,Aarav,60.66,87.82,77.33,26.05,2.47,AVERAGE
S12080,Ananya,89.92,77.56,76.69,27.84,1.15,AVERAGE
S12081,Yogesh,68.07,69.54,93.67,69.56,2.83,GOOD
S12082,Charan,71.16,41.4,40.23,48.64,2.79,AVERAGE
S12083,Tanvi,96.82,93.38,46.11,92.7,1.7,GOOD
S12084,Aadhya,94.6,48.85,87.2,34.29,4.15,AVERAGE
S12085,Vikram,68.76,89.78,75.01,6.34,2.93,AVERAGE
S12086,Rahul,74.41,81.29,43.75,84.42,2.49,AVERAGE
S12087,Vikram,64.33,44.17,96.55,84.27,4.02,AVERAGE
S12088,Aditya,75.77,72.53,79.02,36.33,4.61,AVERAGE
S12089,Varun,84.1,97.71,69.16,7.04,5.95,GOOD
S12090,Vignesh,54.63,95.37,86.78,88.09,5.43,GOOD
S12091,Kavya,95.99,48.78,75.76,93.35,1.08,AVERAGE
S12092,Akash,85.94,50.39,62.4,99.72,1.76,AVERAGE
S12093,Anusha,54.84,49.22,57.8,39.1,3.73,AVERAGE
S12094,Hari,93.45,85.37,67.21,12.71,3.32,AVERAGE
S12095,Anjali,87.18,49.65,68.51,37.78,5.36,AVERAGE
S12096,Mahesh,65.66,43.87,82.72,58.56,5.07,AVERAGE
S12097,Dharani,76.07,63.42,68.38,4.33,3.64,AVERAGE
S12098,Ashwin,93.01,98.01,41.1,27.42,5.75,GOOD
S12099,Riya,98.41,58.5,81.08,94.19,2.8,GOOD
S12100,Sahana,64.05,83.45,44.18,4.42,4.26,AVERAGE
S12101,Karthik,82.53,48.64,90.78,15.09,4.48,AVERAGE
S12102,Anusha,93.01,77.27,82.5,58.1,3.54,GOOD
S12103,Akshara,99.41,74.87,75.87,95.77,2.08,GOOD
S12104,Manish,53.54,94.25,67.25,94.03,1.77,GOOD
S12105,Mohan,75.18,82.99,50.33,25.75,1.81,AVERAGE
S12106,Zoya,93.68,47.25,79.3,61.38,2.94,AVERAGE
S12107,Deepak,50.16,64.29,46.57,96.5,4.36,AVERAGE
S12108,Divya,71.86,40.03,76.27,62.97,2.55,AVERAGE
S12109,Charan,79.21,54.46,51.0,22.16,5.3,AVERAGE
S12110,Karthik,76.32,98.28,75.81,69.36,3.98,GOOD
S12111,Reshma,86.64,67.34,49.07,51.12,3.27,AVERAGE
S12112,Reshma,53.28,92.05,45.67,49.38,2.61,AVERAGE
S12113,Keerthi,89.27,41.42,68.25,48.84,1.57,AVERAGE
S12114,Varun,64.16,92.8,82.59,11.25,3.75,AVERAGE
S12115,Manish,91.21,93.36,54.31,78.94,2.89,GOOD
S12116,Meera,70.97,79.21,69.86,34.7,5.81,GOOD
S12117,Dharani,52.15,46.98,87.93,18.48,4.71,AVERAGE
S12118,Kavya,98.2,92.56,72.97,44.09,1.68,GOOD
S12119,Avinash,89.03,93.99,75.83,64.3,3.78,GOOD
S12120,Ishaan,67.39,52.06,53.21,55.34,5.37,AVERAGE
S12121,Surya,63.5,96.41,47.47,81.91,5.7,GOOD
S12122,Ishaan,79.45,92.86,48.94,84.33,5.66,GOOD
S12123,Nandini,99.36,52.29,98.37,62.06,5.09,GOOD
S12124,Anjali,64.51,63.63,45.2,55.17,2.39,AVERAGE
S12125,Arjun,97.41,60.2,49.09,56.67,4.16,AVERAGE
S12126,Isha,66.52,69.89,52.34,39.31,4.55,AVERAGE
S12127,Deepak,85.2,93.34,87.28,46.93,5.17,GOOD
S12128,Surya,69.09,92.46,63.88,52.67,5.43,GOOD
S12129,Varsha,54.25,50.54,87.45,80.09,3.66,AVERAGE
S12130,Madhavan,96.81,73.07,65.14,74.59,2.62,GOOD
S12131,Harish,58.2,72.04,87.68,19.56,3.63,AVERAGE
S12132,Zoya,97.23,67.02,93.73,97.78,5.61,EXCELLENT
S12133,Charan,55.17,82.88,66.84,96.53,3.63,GOOD
S12134,Ravi,63.35,78.76,99.18,27.92,1.7,AVERAGE
S12135,Bhavya,96.05,56.51,95.97,99.89,3.17,GOOD
S12136,Kavin,82.93,60.89,40.92,52.51,4.81,AVERAGE
S12137,Dev,59.47,93.3,73.85,22.67,5.87,GOOD
S12138,Vedant,79.6,59.55,79.43,72.05,3.11,AVERAGE
S12139,Reshma,59.02,66.65,90.59,4.8,4.99,AVERAGE
S12140,Akshara,93.72,98.37,80.4,68.76,2.36,GOOD
S12141,Avinash,52.49,91.44,81.3,83.5,2.82,GOOD
S12142,Pavithra,76.49,81.94,57.38,35.05,2.49,AVERAGE
S12143,Aadhya,53.17,58.24,89.23,33.46,4.39,AVERAGE
S12144,Ganesh,84.75,77.72,43.8,27.24,5.59,AVERAGE
S12145,Shreya,96.79,78.52,79.44,40.75,5.09,GOOD
S12146,Meera,91.55,64.69,52.12,57.34,3.97,AVERAGE
S12147,Ravi,68.59,42.17,85.93,76.21,3.67,AVERAGE
S12148,Rajesh,61.85,61.99,87.41,88.66,5.25,GOOD
S12149,Lakshmi,56.05,70.49,50.49,54.86,5.69,AVERAGE
S12150,Aarav,93.68,97.01,87.61,47.5,4.9,EXCELLENT
S12151,Aryan,54.06,83.65,90.25,37.47,4.28,AVERAGE
S12152,Arjun,81.44,46.48,43.18,59.53,4.98,AVERAGE
S12153,Darshan,68.36,58.09,65.8,14.49,3.44,AVERAGE
S12154,Vikram,99.79,71.3,51.56,46.7,3.12,AVERAGE
S12155,Dharani,75.44,67.07,47.58,50.88,5.82,AVERAGE
S12156,Gaurav,77.44,40.31,88.21,62.93,3.76,AVERAGE
S12157,Ramya,95.89,96.11,57.59,6.85,3.88,GOOD
S12158,Jeeva,98.48,94.24,78.64,42.97,1.59,GOOD
S12159,Madhavan,79.18,95.42,40.22,76.18,3.57,GOOD
S12160,Rohan,89.81,65.71,44.77,78.4,2.89,AVERAGE
S12161,Harini,81.74,90.0,76.61,54.32,2.4,GOOD
S12162,Tanvi,71.37,82.51,62.22,87.19,5.82,GOOD
S12163,Neha,52.87,70.7,92.78,75.48,5.65,GOOD
S12164,Vikram,85.89,44.63,44.93,79.73,5.89,AVERAGE
S12165,Lakshmi,85.01,50.07,77.43,79.3,2.75,AVERAGE
S12166,Vidya,55.84,54.29,82.17,72.86,4.25,AVERAGE
S12167,Janani,61.5,93.75,76.67,85.62,2.54,GOOD
S12168,Kavin,86.61,79.92,80.84,9.69,3.22,AVERAGE
S12169,Janani,57.49,98.98,54.96,50.38,2.33,AVERAGE
S12170,Rakesh,84.55,73.99,86.03,82.54,3.92,GOOD
S12171,Vidya,85.9,45.08,73.28,10.93,2.44,AVERAGE
S12172,Diya,67.67,68.67,87.28,15.52,2.47,AVERAGE
S12173,Vedant,62.91,46.71,47.31,40.16,3.11,AVERAGE
S12174,Akshara,68.65,94.08,47.62,56.41,1.11,AVERAGE
S12175,Kavya,67.96,56.71,63.73,72.39,5.49,AVERAGE
S12176,Vignesh,80.35,51.84,63.39,56.08,2.11,AVERAGE
S12177,Sameer,87.19,70.7,47.71,21.66,4.15,AVERAGE
S12178,Vasanth,93.09,88.43,44.87,84.79,1.34,GOOD
S12179,Zoya,51.5,70.62,44.85,26.5,2.91,AVERAGE
S12180,Pranav,86.33,42.29,43.14,85.8,1.22,AVERAGE
S12181,Priya,65.71,84.58,41.99,49.51,5.99,AVERAGE
S12182,Zoya,91.93,42.04,88.47,4.05,5.34,AVERAGE
S12183,Muthu,53.79,76.26,96.1,47.96,5.26,GOOD
S12184,Jatin,77.56,77.02,65.54,65.41,2.03,AVERAGE
S12185,Vijay,77.43,52.51,51.2,88.0,3.84,AVERAGE
S12186,Vignesh,66.33,66.79,59.7,58.21,5.34,AVERAGE
S12187,Aarav,98.52,40.37,89.11,99.14,2.89,GOOD
S12188,Shivani,55.35,57.02,95.76,38.07,1.18,AVERAGE
S12189,Vedant,56.82,77.16,54.32,24.57,3.1,AVERAGE
S12190,Harish,82.21,57.05,41.84,44.34,5.46,AVERAGE
S12191,Anirudh,75.71,42.86,58.52,65.84,1.56,AVERAGE
S12192,Dharani,63.22,80.46,63.12,9.5,1.44,AVERAGE
S12193,Shivani,65.21,84.54,40.18,9.0,3.99,AVERAGE
S12194,Abhinav,57.85,91.78,80.89,62.43,2.13,GOOD
S12195,Pranav,93.39,92.53,47.47,38.38,2.94,GOOD
S12196,Deepika,78.48,69.78,44.91,78.32,3.0,AVERAGE
S12197,Vignesh,62.24,64.44,83.15,26.37,4.5,AVERAGE
S12198,Shreya,69.67,75.15,86.25,43.34,1.14,AVERAGE
S12199,Sakshi,95.33,87.56,51.04,51.5,4.3,GOOD
S12200,Darshan,94.34,68.52,86.11,94.24,3.45,GOOD
S12201,Swathi,53.46,99.71,57.85,0.73,3.56,AVERAGE
S12202,Pranav,82.71,78.25,58.49,21.7,4.54,AVERAGE
S12203,Akshara,57.65,58.49,47.35,9.2,4.21,AT RISK
S12204,Karthik,60.54,87.62,53.59,99.13,4.38,GOOD
S12205,Sanjana,93.21,49.05,42.33,13.22,2.5,AVERAGE
S12206,Riya,94.76,96.15,80.32,82.32,5.26,EXCELLENT
S12207,Shivani,54.13,60.42,91.08,52.01,4.08,AVERAGE
S12208,Swathi,93.7,81.1,42.9,78.24,3.3,GOOD
S12209,Tanvi,86.42,77.52,55.32,30.17,3.51,AVERAGE
S12210,Priya,88.79,45.75,60.77,47.55,2.23,AVERAGE
S12211,Varun,89.59,83.3,63.55,97.79,4.94,GOOD
S12212,Akshara,75.36,58.71,89.45,9.52,2.39,AVERAGE
S12213,Akash,97.35,62.87,42.57,62.07,3.9,AVERAGE
S12214,Sakshi,60.02,45.79,76.85,95.83,5.67,AVERAGE
S12215,Vikram,75.25,88.61,71.94,12.67,3.76,AVERAGE
S12216,Varun,65.93,91.62,90.31,84.0,1.19,GOOD
S12217,Priya,91.12,48.06,58.35,27.61,5.84,AVERAGE
S12218,Kavya,54.14,88.76,46.11,20.07,3.82,AVERAGE
S12219,Hari,71.68,93.88,47.83,16.65,1.91,AVERAGE
S12220,Yash,88.67,45.84,77.83,73.56,3.48,AVERAGE
S12221,Aditya,65.62,99.85,72.75,3.58,2.85,AVERAGE
S12222,Riya,62.02,40.27,75.54,42.05,3.1,AVERAGE
S12223,Janani,63.13,90.54,48.23,69.69,3.42,AVERAGE
S12224,Monisha,85.68,73.5,42.55,13.96,5.14,AVERAGE
S12225,Karthik,64.34,97.44,73.99,22.41,2.2,AVERAGE
S12226,Surya,70.13,60.29,44.86,15.25,4.3,AVERAGE
S12227,Bharath,77.28,61.65,95.78,2.61,4.6,AVERAGE
S12228,Rahul,97.04,90.42,88.2,45.65,5.9,EXCELLENT
S12229,Anjali,89.72,82.64,50.8,49.68,2.57,AVERAGE
S12230,Reshma,59.26,76.03,75.87,94.57,2.0,GOOD
S12231,Divya,94.15,78.66,47.92,72.81,5.67,GOOD
S12232,Bhavya,92.24,80.96,96.17,97.02,5.76,EXCELLENT
S12233,Rakesh,87.26,42.87,75.37,75.69,4.89,AVERAGE
S12234,Amrita,75.85,47.07,59.07,97.88,2.94,AVERAGE
S12235,Preethi,53.49,50.88,80.82,24.82,5.86,AVERAGE
S12236,Anusha,85.58,50.61,40.15,16.76,3.92,AVERAGE
S12237,Yash,75.92,90.57,57.27,39.13,2.09,AVERAGE
S12238,Anusha,65.49,63.67,54.05,49.18,5.13,AVERAGE
S12239,Akshara,50.5,69.37,60.77,82.47,3.41,AVERAGE
S12240,Anirudh,61.55,45.36,45.12,54.14,1.29,AT RISK
S12241,Rakesh,80.28,92.24,98.08,95.25,4.89,EXCELLENT
S12242,Jatin,55.62,40.62,68.07,28.85,5.08,AVERAGE
S12243,Krishna,82.77,45.0,91.38,57.89,5.28,AVERAGE
S12244,Tanvi,90.98,88.73,43.57,65.17,1.81,GOOD
S12245,Aishwarya,65.91,47.84,90.69,15.59,2.68,AVERAGE
S12246,Chetan,54.1,87.6,79.18,78.55,4.96,GOOD
S12247,Zoya,56.98,61.03,80.73,63.94,4.81,AVERAGE
S12248,Surya,67.9,86.57,88.38,19.19,5.43,GOOD
S12249,Aadhya,90.67,43.02,71.56,41.35,3.74,AVERAGE
S12250,Reshma,81.71,60.48,78.04,64.08,2.55,AVERAGE
S12251,Yash,93.39,68.88,93.99,73.34,3.05,GOOD
S12252,Meera,99.72,77.54,47.51,41.74,2.47,AVERAGE
S12253,Kavin,60.13,90.17,43.34,72.25,4.21,AVERAGE
S12254,Zoya,84.74,54.67,98.96,26.07,3.47,AVERAGE
S12255,Mahesh,73.33,79.53,92.89,30.5,3.84,GOOD
S12256,Amrita,74.67,49.11,70.84,1.18,4.36,AVERAGE
S12257,Akash,66.28,87.71,86.85,48.76,2.2,GOOD
S12258,Aishwarya,67.13,95.99,92.92,18.83,5.47,GOOD
S12259,Keerthi,83.81,42.84,68.01,60.21,1.23,AVERAGE
S12260,Gaurav,81.04,44.79,45.88,96.57,2.22,AVERAGE
S12261,Priya,65.93,87.25,68.84,99.97,1.62,GOOD
S12262,Jeeva,55.93,92.81,61.08,37.44,3.06,AVERAGE
S12263,Deepak,78.91,78.89,41.39,73.36,5.72,GOOD
S12264,Anusha,86.97,67.67,97.54,96.07,5.13,GOOD
S12265,Priya,77.93,86.14,82.95,52.34,3.47,GOOD
S12266,Bhavya,50.18,57.98,87.15,33.39,3.01,AVERAGE
S12267,Aman,64.12,99.51,75.81,15.58,1.2,AVERAGE
S12268,Ramya,88.93,90.88,56.15,17.61,3.45,AVERAGE
S12269,Arnav,87.13,93.23,75.08,85.41,2.27,GOOD
S12270,Pranav,50.52,91.29,80.82,25.9,1.0,AVERAGE
S12271,Charan,73.51,95.97,75.84,27.07,5.23,GOOD
S12272,Sneha,71.87,43.87,47.63,74.67,4.61,AVERAGE
S12273,Isha,82.61,94.52,88.81,83.68,5.7,EXCELLENT
S12274,Arjun,56.25,54.92,57.85,20.84,3.34,AVERAGE
S12275,Janani,81.07,61.55,63.8,68.86,3.48,AVERAGE
S12276,Sanjay,97.35,62.23,73.04,44.66,3.8,GOOD
S12277,Aditya,68.59,53.95,98.66,27.67,5.41,AVERAGE
S12278,Deepika,66.87,66.31,58.75,52.02,2.03,AVERAGE
S12279,Vedant,51.41,70.33,42.51,77.75,1.34,AVERAGE
S12280,Chetan,52.87,48.92,98.35,9.95,4.32,AVERAGE
S12281,Nikhil,96.58,61.57,97.45,7.11,3.55,AVERAGE
S12282,Aryan,98.78,60.89,51.9,91.17,3.96,GOOD
S12283,Muthu,50.28,80.48,89.74,96.34,5.44,GOOD
S12284,Anirudh,95.03,74.85,95.18,52.86,5.53,GOOD
S12285,Monisha,58.7,82.97,40.78,14.36,2.89,AVERAGE
S12286,Akash,78.07,87.04,85.28,7.86,4.44,GOOD
S12287,Naveen,83.91,80.02,50.79,15.6,3.46,AVERAGE
S12288,Isha,67.95,54.47,89.63,28.26,3.78,AVERAGE
S12289,Anjali,76.45,70.13,41.26,68.39,5.07,AVERAGE
S12290,Pradeep,81.38,67.99,81.47,11.02,2.4,AVERAGE
S12291,Divya,59.7,44.44,89.01,13.69,1.46,AVERAGE
S12292,Mahesh,99.71,93.67,42.14,71.3,4.41,GOOD
S12293,Vijay,60.19,45.49,85.42,25.74,2.53,AVERAGE
S12294,Pradeep,50.52,98.59,47.13,21.61,2.49,AVERAGE
S12295,Amrita,97.21,41.9,44.75,58.26,1.63,AVERAGE
S12296,Gayathri,71.46,83.78,95.24,7.88,5.76,GOOD
S12297,Rahul,69.93,57.25,95.38,62.91,5.17,GOOD
S12298,Karthik,63.78,94.28,84.47,1.92,4.65,AVERAGE
S12299,Deepika,51.29,89.44,93.41,23.3,3.72,AVERAGE
S12300,Darshan,63.23,41.5,41.0,45.05,1.15,AT RISK
S12301,Sahana,69.67,41.32,70.7,63.09,5.86,AVERAGE
S12302,Ashwin,76.02,76.19,92.3,20.38,1.98,AVERAGE
S12303,Rakesh,72.88,48.98,93.57,87.92,4.58,GOOD
S12304,Kavin,93.95,40.85,62.02,91.9,3.74,AVERAGE
S12305,Vikram,95.57,98.07,59.48,48.07,2.41,GOOD
S12306,Deepika,65.86,77.97,82.0,27.24,3.28,AVERAGE
S12307,Nandini,97.98,40.65,43.61,11.05,3.88,AVERAGE
S12308,Nandini,93.25,69.43,86.83,93.87,4.51,GOOD
S12309,Karthik,96.38,49.45,54.98,13.36,4.73,AVERAGE
S12310,Yogesh,85.32,88.31,71.29,29.87,1.17,AVERAGE
S12311,Diya,59.91,41.72,51.55,32.9,5.36,AVERAGE
S12312,Hari,59.76,62.25,84.06,26.84,4.6,AVERAGE
S12313,Shivani,95.43,54.28,97.39,0.21,4.91,AVERAGE
S12314,Muthu,75.35,98.85,72.45,20.71,2.74,GOOD
S12315,Muthu,94.52,44.69,97.04,74.85,4.47,GOOD
S12316,Bhavya,86.03,83.19,64.12,20.54,4.06,AVERAGE
S12317,Ashwin,60.63,68.68,57.18,76.41,2.69,AVERAGE
S12318,Monisha,69.24,88.99,90.32,41.59,1.84,GOOD
S12319,Kishore,98.39,52.85,42.28,8.1,3.91,AVERAGE
S12320,Kishore,50.98,91.32,56.87,82.7,4.85,GOOD
S12321,Pranav,85.73,97.02,81.43,63.52,2.72,GOOD
S12322,Srinivas,98.94,52.79,51.33,61.21,5.34,AVERAGE
S12323,Aadhya,55.21,54.56,93.43,15.02,5.34,AVERAGE
S12324,Kavya,63.6,97.82,68.93,62.34,4.81,GOOD
S12325,Srinivas,77.35,66.05,54.75,79.65,1.64,AVERAGE
S12326,Aryan,92.19,90.11,62.28,99.64,3.57,GOOD
S12327,Ashwin,75.33,90.55,57.02,67.08,5.91,GOOD
S12328,Aditya,52.98,58.65,82.06,43.22,2.3,AVERAGE
S12329,Diya,56.36,50.73,46.59,81.89,1.18,AVERAGE
S12330,Gayathri,68.8,61.99,91.22,5.04,3.59,AVERAGE
S12331,Harini,66.13,75.51,48.93,41.93,2.33,AVERAGE
S12332,Vasanth,60.98,69.83,56.95,73.22,4.7,AVERAGE
S12333,Ishaan,92.01,84.21,77.6,35.94,5.71,GOOD
S12334,Vikram,51.34,72.93,61.25,5.89,3.16,AVERAGE
S12335,Sanjana,91.47,88.33,70.6,11.09,4.99,GOOD
S12336,Mohan,96.08,46.24,74.15,16.72,4.58,AVERAGE
S12337,Bharath,81.51,66.35,55.54,83.13,4.36,GOOD
S12338,Harini,81.27,40.96,72.08,72.08,1.16,AVERAGE
S12339,Preethi,57.45,47.25,96.36,76.39,4.63,AVERAGE
S12340,Yogesh,78.42,59.89,40.15,90.93,4.89,AVERAGE
S12341,Zoya,68.76,94.09,75.77,30.26,1.37,AVERAGE
S12342,Vijay,61.45,62.81,59.21,74.31,5.54,AVERAGE
S12343,Ravi,79.17,56.41,91.72,36.46,3.31,AVERAGE
S12344,Ganesh,50.06,80.25,45.8,78.57,4.86,AVERAGE
S12345,Nandini,63.82,82.21,43.64,69.59,4.49,AVERAGE
S12346,Anirudh,82.8,68.88,64.29,98.98,5.0,GOOD
S12347,Tanvi,72.75,57.31,80.42,75.71,1.11,AVERAGE
S12348,Divya,57.28,58.11,40.39,0.59,4.22,AT RISK
S12349,Sneha,50.07,51.13,88.67,69.98,2.59,AVERAGE
S12350,Anjali,63.52,61.76,60.19,10.16,2.88,AVERAGE
S12351,Shankar,77.45,50.1,95.22,54.61,1.68,AVERAGE
S12352,Vijay,76.73,78.58,94.35,15.73,3.86,GOOD
S12353,Chetan,56.55,93.68,85.83,49.47,4.61,GOOD
S12354,Darshan,80.68,55.26,84.22,79.26,2.22,AVERAGE
S12355,Vignesh,99.95,54.53,76.05,28.91,1.78,AVERAGE
S12356,Karthik,79.24,93.89,87.67,15.27,5.76,GOOD
S12357,Madhavan,76.38,74.08,50.68,31.45,2.21,AVERAGE
S12358,Neha,81.13,83.79,89.03,17.37,2.64,GOOD
S12359,Naveen,93.98,93.35,73.91,18.36,5.41,GOOD
S12360,Preethi,97.3,79.9,86.92,69.72,3.09,GOOD
S12361,Ravi,52.05,84.55,69.63,70.43,2.66,AVERAGE
S12362,Srinivas,60.25,63.22,77.86,52.91,1.35,AVERAGE
S12363,Naveen,55.79,96.29,60.5,25.22,4.94,AVERAGE
S12364,Ravi,88.62,82.23,65.46,52.96,4.68,GOOD
S12365,Deepak,52.28,44.3,61.89,94.85,2.36,AVERAGE
S12366,Kishore,95.13,75.71,84.44,38.37,4.05,GOOD
S12367,Vijay,51.03,45.68,52.03,42.36,1.29,AT RISK
S12368,Ramya,80.13,71.33,95.83,49.43,2.16,GOOD
S12369,Priya,63.78,45.31,89.76,17.84,5.05,AVERAGE
S12370,Preethi,73.53,77.63,91.7,24.47,5.74,GOOD
S12371,Aadhya,72.09,67.38,94.84,69.09,4.86,GOOD
S12372,Madhavan,87.44,73.18,66.16,16.16,4.6,AVERAGE
S12373,Akshara,74.83,78.94,93.51,60.45,4.34,GOOD
S12374,Aishwarya,71.06,55.02,66.65,38.59,1.37,AVERAGE
S12375,Dev,86.51,59.17,46.1,30.63,3.78,AVERAGE
S12376,Yogesh,96.29,68.92,42.98,54.98,4.37,AVERAGE
S12377,Mahesh,89.7,73.98,43.82,22.57,4.82,AVERAGE
S12378,Arjun,86.84,95.42,51.28,30.97,4.56,GOOD
S12379,Sanjana,74.39,61.11,61.59,52.45,2.65,AVERAGE
S12380,Ishaan,95.01,75.5,98.76,65.73,3.9,GOOD
S12381,Tanvi,74.32,95.35,54.47,83.64,5.04,GOOD
S12382,Amrita,96.51,83.07,94.78,82.47,3.48,EXCELLENT
S12383,Arjun,90.15,59.7,88.63,49.77,3.06,GOOD
S12384,Harish,57.51,64.88,91.67,7.42,1.45,AVERAGE
S12385,Swathi,52.35,92.73,87.09,18.81,3.74,AVERAGE
S12386,Tanvi,87.04,66.26,98.39,0.05,4.54,AVERAGE
S12387,Ramya,84.29,55.12,47.19,18.56,2.77,AVERAGE
S12388,Chetan,80.1,71.38,68.74,3.07,4.76,AVERAGE
S12389,Kishore,98.81,51.16,60.57,71.47,5.97,GOOD
S12390,Aarav,77.27,74.92,57.05,54.62,2.04,AVERAGE
S12391,Kavya,67.39,99.49,66.81,3.57,4.11,AVERAGE
S12392,Deepak,78.25,98.16,68.86,61.76,2.68,GOOD
S12393,Aryan,51.42,76.83,99.16,81.42,2.21,GOOD
S12394,Vijay,78.96,93.18,55.88,2.85,3.79,AVERAGE
S12395,Shankar,95.12,88.91,94.7,12.7,2.92,GOOD
S12396,Charan,50.22,97.04,50.02,47.12,4.1,AVERAGE
S12397,Ramya,92.27,92.39,79.9,4.23,4.31,GOOD
S12398,Vikram,90.1,93.99,58.32,2.13,3.06,AVERAGE
S12399,Akash,55.31,53.77,97.62,58.24,1.07,AVERAGE
S12400,Meera,92.34,49.48,78.08,56.26,5.56,GOOD
S12401,Pradeep,88.18,42.64,43.85,80.67,5.81,AVERAGE
S12402,Aditya,74.55,79.56,95.41,7.79,2.37,AVERAGE
S12403,Ananya,62.26,96.01,57.63,89.72,5.31,GOOD
S12404,Preethi,64.41,99.63,95.64,1.86,5.56,GOOD
S12405,Akshara,80.61,91.14,40.81,30.14,2.1,AVERAGE
S12406,Vidya,62.32,89.86,53.12,4.87,3.42,AVERAGE
S12407,Madhavan,66.27,71.13,56.7,24.43,1.4,AVERAGE
S12408,Charan,96.54,67.12,81.28,81.52,3.22,GOOD
S12409,Swathi,86.47,78.42,87.88,12.51,2.53,AVERAGE
S12410,Amrita,86.8,41.36,77.81,20.19,1.82,AVERAGE
S12411,Pranav,97.8,87.66,43.72,61.14,3.78,GOOD
S12412,Nithin,50.29,79.45,66.02,2.17,1.64,AVERAGE
S12413,Shankar,62.22,50.2,69.64,60.24,2.77,AVERAGE
S12414,Rakesh,82.9,78.14,61.52,89.44,5.32,GOOD
S12415,Preethi,71.91,75.97,65.17,6.96,4.4,AVERAGE
S12416,Malar,55.64,87.28,68.96,0.59,5.03,AVERAGE
S12417,Akash,89.06,90.25,73.24,40.6,2.17,GOOD
S12418,Anjali,52.35,55.21,77.86,84.91,3.81,AVERAGE
S12419,Zoya,77.19,88.87,52.61,93.52,2.47,GOOD
S12420,Tanvi,78.12,50.93,94.1,80.12,3.26,GOOD
S12421,Malar,81.8,63.65,89.67,64.93,4.04,GOOD
S12422,Sahana,65.78,69.56,87.2,42.66,2.9,AVERAGE
S12423,Varun,51.18,88.3,88.35,78.9,3.65,GOOD
S12424,Lakshmi,94.45,94.06,71.53,75.67,3.94,GOOD
S12425,Darshan,96.46,41.03,97.18,18.36,1.64,AVERAGE
S12426,Yogesh,74.1,84.23,61.96,71.58,1.11,AVERAGE
S12427,Ganesh,51.03,92.65,65.2,79.26,1.45,AVERAGE
S12428,Aishwarya,79.04,97.26,88.98,90.09,5.41,EXCELLENT
S12429,Arjun,65.8,56.07,92.14,72.96,5.93,GOOD
S12430,Pooja,59.12,50.38,66.94,73.24,1.73,AVERAGE
S12431,Dev,58.45,69.94,90.88,90.16,2.76,GOOD
S12432,Sneha,58.96,94.06,77.99,19.43,2.67,AVERAGE
S12433,Pradeep,66.54,58.94,63.28,55.0,3.97,AVERAGE
S12434,Divya,64.03,70.3,94.33,89.35,2.54,GOOD
S12435,Gayathri,91.82,99.73,70.19,63.16,5.78,EXCELLENT
S12436,Aryan,74.77,67.36,90.95,93.13,1.91,GOOD
S12437,Ananya,71.38,77.7,88.75,5.04,3.4,AVERAGE
S12438,Anusha,57.29,99.74,45.8,21.4,2.1,AVERAGE
S12439,Arjun,93.79,62.04,92.27,22.13,3.01,AVERAGE
S12440,Kavin,52.74,56.38,49.75,7.85,2.0,AT RISK
S12441,Mahesh,61.98,56.96,88.83,62.27,1.44,AVERAGE
S12442,Manish,81.07,77.02,85.33,40.15,5.51,GOOD
S12443,Akshara,85.12,49.76,84.23,24.25,3.91,AVERAGE
S12444,Keerthi,90.06,49.87,95.25,72.77,4.36,GOOD
S12445,Akshara,70.51,55.61,76.03,67.62,3.02,AVERAGE
S12446,Dharani,67.34,72.46,60.32,3.92,1.79,AVERAGE
S12447,Sahana,64.43,90.65,75.59,43.95,5.85,GOOD
S12448,Gayathri,78.4,71.76,81.77,72.02,2.7,GOOD
S12449,Nithin,67.43,86.96,61.88,10.34,4.7,AVERAGE
S12450,Malar,66.4,97.45,55.26,79.5,5.52,GOOD
S12451,Sahana,50.84,84.4,69.38,61.61,3.8,AVERAGE
S12452,Mahesh,97.42,78.57,93.9,71.81,3.05,GOOD
S12453,Bharath,53.03,40.49,77.83,25.04,2.28,AT RISK
S12454,Gayathri,63.54,66.9,93.84,74.77,1.25,AVERAGE
S12455,Lakshmi,96.07,56.08,68.51,17.37,1.36,AVERAGE
S12456,Pranav,86.77,70.75,96.82,86.03,4.35,GOOD
S12457,Shankar,78.91,97.07,87.49,20.6,5.6,GOOD
S12458,Krishna,83.04,59.23,61.27,26.82,4.79,AVERAGE
S12459,Kavya,54.85,49.65,66.89,67.09,2.54,AVERAGE
S12460,Bhavya,90.43,89.55,99.87,33.35,1.57,GOOD
S12461,Jatin,62.51,99.43,97.22,30.9,2.02,GOOD
S12462,Vikram,97.81,86.8,64.61,6.25,5.29,GOOD
S12463,Sahana,61.57,48.3,90.01,82.01,2.25,AVERAGE
S12464,Ashwin,81.27,73.04,94.58,45.94,3.72,GOOD
S12465,Ganesh,77.27,64.31,55.1,39.31,5.97,AVERAGE
S12466,Mahesh,57.16,78.01,71.06,24.55,5.99,AVERAGE
S12467,Sanjana,68.15,80.12,85.43,55.52,2.08,AVERAGE
S12468,Madhavan,89.06,88.43,44.61,55.96,5.79,GOOD
S12469,Bhavya,60.63,54.41,88.34,0.24,2.54,AVERAGE
S12470,Sameer,98.14,97.88,52.66,8.56,5.16,GOOD
S12471,Vidya,64.77,52.88,68.74,61.29,2.18,AVERAGE
S12472,Shankar,81.34,47.45,62.51,28.4,1.2,AVERAGE
S12473,Zoya,80.94,89.73,84.41,98.38,5.02,EXCELLENT
S12474,Yogesh,73.54,67.79,53.99,24.86,3.28,AVERAGE
S12475,Charan,82.77,69.41,67.98,15.2,5.93,AVERAGE
S12476,Akshara,87.18,59.12,55.93,4.46,2.77,AVERAGE
S12477,Shivani,80.95,42.78,43.29,68.65,2.83,AVERAGE
S12478,Chetan,78.0,51.62,90.61,29.06,3.83,AVERAGE
S12479,Neha,80.33,85.7,53.47,27.4,4.98,AVERAGE
S12480,Gaurav,70.1,53.46,53.95,11.04,1.1,AT RISK
S12481,Janani,53.54,99.56,42.81,5.25,4.17,AVERAGE
S12482,Aarohi,57.98,87.17,70.16,23.04,2.21,AVERAGE
S12483,Aishwarya,80.34,90.92,56.14,39.66,2.12,AVERAGE
S12484,Ravi,96.36,92.4,73.93,66.21,1.44,GOOD
S12485,Monisha,51.29,83.13,83.41,10.12,1.04,AVERAGE
S12486,Keerthi,77.2,67.97,42.76,36.62,2.52,AVERAGE
S12487,Sanjana,62.6,95.02,52.03,99.24,4.23,GOOD
S12488,Nandini,78.09,65.59,63.45,68.11,3.14,AVERAGE
S12489,Ganesh,87.48,45.75,92.79,99.92,1.58,GOOD
S12490,Shreya,86.77,75.79,46.58,7.94,3.46,AVERAGE
S12491,Akshara,86.24,46.33,84.63,40.49,5.11,AVERAGE
S12492,Aarav,88.95,79.32,97.21,23.02,5.18,GOOD
S12493,Deepika,53.63,99.85,44.66,94.16,3.91,GOOD
S12494,Varsha,75.48,80.51,59.98,90.53,3.76,GOOD
S12495,Vidya,63.09,52.63,86.17,56.9,2.83,AVERAGE
S12496,Pranav,96.06,48.27,96.11,30.71,3.44,AVERAGE
S12497,Yogesh,89.14,61.38,54.8,54.49,4.86,AVERAGE
S12498,Aditya,55.38,48.75,78.51,87.11,3.16,AVERAGE
S12499,Yogesh,62.16,74.18,83.89,57.39,5.2,GOOD
S12500,Gaurav,72.76,86.99,64.24,76.53,4.07,GOOD
S12501,Abhinav,98.15,79.49,80.17,68.78,3.04,GOOD
S12502,Madhavan,55.48,77.03,72.95,9.75,5.61,AVERAGE
S12503,Neha,78.4,66.14,96.23,75.79,5.44,GOOD
S12504,Kavya,67.06,50.36,72.32,20.86,2.99,AVERAGE
S12505,Madhavan,82.32,78.27,71.0,87.05,4.71,GOOD
S12506,Manish,82.44,65.16,80.16,30.97,5.65,GOOD
S12507,Madhavan,62.03,58.33,49.14,56.43,3.94,AVERAGE
S12508,Dev,89.29,79.56,71.86,28.57,5.69,GOOD
S12509,Amrita,54.56,62.71,43.04,0.85,1.4,AT RISK
S12510,Lakshmi,90.91,50.1,77.62,78.01,5.69,GOOD
S12511,Yash,60.6,69.01,72.08,71.49,4.41,AVERAGE
S12512,Divya,79.48,57.35,90.36,92.36,1.79,GOOD
S12513,Avinash,67.37,84.01,87.86,57.25,1.6,GOOD
S12514,Kishore,80.49,42.82,65.95,18.81,4.65,AVERAGE
S12515,Sanjay,63.37,91.17,79.54,17.08,2.25,AVERAGE
S12516,Rahul,78.45,67.68,58.2,38.93,1.17,AVERAGE
S12517,Gaurav,50.41,40.96,63.27,33.07,2.01,AT RISK
S12518,Aadhya,68.72,48.0,44.68,40.8,1.53,AT RISK
S12519,Akash,91.32,96.73,46.04,22.5,1.85,AVERAGE
S12520,Ganesh,73.15,72.22,89.12,98.86,3.65,GOOD
S12521,Amrita,74.96,86.11,98.32,8.57,3.67,GOOD
S12522,Harish,81.08,92.97,69.35,73.92,3.24,GOOD
S12523,Shivani,71.71,59.22,47.68,56.76,4.73,AVERAGE
S12524,Meera,93.35,72.82,45.3,55.56,1.08,AVERAGE
S12525,Kishore,70.17,79.02,42.72,61.33,5.45,AVERAGE
S12526,Meera,97.13,90.5,92.73,90.4,5.95,EXCELLENT
S12527,Varsha,93.85,65.21,66.53,67.52,5.72,GOOD
S12528,Pradeep,71.05,97.11,92.82,27.09,2.33,GOOD
S12529,Rohan,68.29,76.43,61.77,26.92,5.39,AVERAGE
S12530,Ganesh,83.83,92.43,75.28,82.81,4.71,GOOD
S12531,Pranav,87.77,45.0,80.43,47.81,3.42,AVERAGE
S12532,Vasanth,59.29,67.8,43.0,70.49,5.94,AVERAGE
S12533,Mohan,62.05,50.75,80.9,37.59,2.14,AVERAGE
S12534,Preethi,57.31,94.71,87.98,73.82,3.92,GOOD
S12535,Zoya,88.03,54.1,41.32,42.41,2.07,AVERAGE
S12536,Aishwarya,85.72,82.78,43.53,49.32,2.28,AVERAGE
S12537,Mohan,59.45,43.77,71.33,92.84,5.16,AVERAGE
S12538,Preethi,76.84,52.05,98.28,49.49,4.18,AVERAGE
S12539,Kishore,88.21,59.19,98.39,22.48,4.57,GOOD
S12540,Pavithra,97.35,86.91,46.57,53.14,2.79,GOOD
S12541,Nithin,58.93,55.07,85.65,0.85,5.62,AVERAGE
S12542,Bhavya,65.22,89.01,87.6,27.89,3.28,GOOD
S12543,Reshma,67.42,87.32,92.62,60.42,2.64,GOOD
S12544,Rajesh,81.25,99.53,42.61,7.09,1.93,AVERAGE
S12545,Harish,56.82,80.63,98.35,45.54,2.32,AVERAGE
S12546,Darshan,59.67,78.25,89.3,59.89,4.94,GOOD
S12547,Srinivas,89.02,76.09,76.46,22.65,2.67,AVERAGE
S12548,Lakshmi,77.1,46.58,44.01,21.78,2.61,AT RISK
S12549,Divya,58.02,70.79,54.41,66.88,2.94,AVERAGE
S12550,Nandini,69.42,91.09,60.8,97.42,2.64,GOOD
S12551,Abhinav,56.72,41.25,91.44,30.73,3.61,AVERAGE
S12552,Harini,68.13,47.6,85.67,20.77,5.89,AVERAGE
S12553,Hari,70.01,76.03,96.44,98.4,5.74,GOOD
S12554,Charan,55.61,90.82,65.35,83.47,5.67,GOOD
S12555,Tanvi,52.99,58.44,95.01,93.6,4.02,GOOD
S12556,Nandini,94.08,92.29,93.74,4.61,5.92,GOOD
S12557,Jeeva,94.38,60.25,41.11,93.36,2.83,AVERAGE
S12558,Reshma,50.13,67.93,54.36,83.83,1.99,AVERAGE
S12559,Amrita,82.06,97.18,87.99,29.97,5.53,GOOD
S12560,Neha,54.68,65.06,79.91,62.42,5.09,AVERAGE
S12561,Gayathri,90.51,75.97,53.37,17.22,2.95,AVERAGE
S12562,Ravi,93.98,96.13,86.89,41.77,2.2,GOOD
S12563,Gayathri,80.83,55.86,58.99,60.24,2.85,AVERAGE
S12564,Deepika,80.66,45.52,76.13,11.03,3.16,AVERAGE
S12565,Rohan,68.57,97.48,96.08,96.65,5.17,EXCELLENT
S12566,Ashwin,62.47,73.59,54.38,92.92,2.95,AVERAGE
S12567,Ravi,74.96,97.95,43.32,86.74,3.41,GOOD
S12568,Sneha,56.69,92.0,79.61,12.86,1.92,AVERAGE
S12569,Harish,83.61,75.68,83.71,66.92,4.66,GOOD
S12570,Ananya,73.5,68.28,58.75,89.04,4.13,GOOD
S12571,Kavin,58.88,68.82,68.1,13.76,1.74,AVERAGE
S12572,Pavithra,79.42,49.96,70.07,64.73,2.41,AVERAGE
S12573,Reshma,89.77,67.21,88.96,20.42,2.55,AVERAGE
S12574,Anusha,79.44,89.3,81.58,68.98,4.07,GOOD
S12575,Pavithra,76.48,99.33,56.38,64.75,1.11,GOOD
S12576,Monisha,92.39,97.62,56.38,87.16,3.92,GOOD
S12577,Pavithra,50.54,97.73,59.5,48.57,2.28,AVERAGE
S12578,Gayathri,80.84,41.14,48.76,75.89,5.55,AVERAGE
S12579,Rohan,70.48,70.95,48.06,19.18,5.11,AVERAGE
S12580,Madhavan,59.68,52.01,89.04,64.26,3.8,AVERAGE
S12581,Pavithra,98.98,76.92,89.9,87.68,2.49,GOOD
S12582,Arnav,70.19,96.75,55.6,72.3,2.32,GOOD
S12583,Harini,66.76,92.6,91.02,87.86,1.29,GOOD
S12584,Manish,58.45,91.99,74.24,62.98,2.91,GOOD
S12585,Ashwin,99.89,61.94,82.73,55.14,1.74,GOOD
S12586,Deepak,92.8,70.07,92.83,91.5,4.14,GOOD
S12587,Arnav,53.5,56.92,58.5,32.34,5.31,AVERAGE
S12588,Sanjana,78.29,73.23,79.73,74.84,1.39,GOOD
S12589,Malar,57.37,58.2,58.51,69.3,5.47,AVERAGE
S12590,Arjun,85.79,88.52,94.17,81.43,3.02,GOOD
S12591,Anjali,74.2,67.87,57.98,49.76,1.14,AVERAGE
S12592,Charan,55.52,82.02,77.52,49.36,1.42,AVERAGE
S12593,Sneha,77.85,92.36,51.46,3.42,1.0,AVERAGE
S12594,Yash,95.53,57.98,62.19,93.14,3.96,GOOD
S12595,Shankar,67.06,77.33,61.08,38.73,2.35,AVERAGE
S12596,Sneha,52.54,90.75,85.02,55.2,3.34,GOOD
S12597,Bharath,97.26,97.04,57.2,19.82,4.65,GOOD
S12598,Vignesh,57.09,49.78,59.64,61.62,3.1,AVERAGE
S12599,Nikhil,73.75,80.89,40.56,34.61,1.98,AVERAGE
S12600,Sanjana,77.23,66.11,58.95,58.51,5.19,AVERAGE
S12601,Pranav,61.85,57.13,56.33,73.53,2.03,AVERAGE
S12602,Muthu,58.87,49.46,72.68,61.0,4.63,AVERAGE
S12603,Yash,55.66,75.12,64.11,3.06,4.44,AVERAGE
S12604,Ganesh,53.5,60.05,98.83,80.61,5.01,GOOD
S12605,Mahesh,75.41,80.08,72.77,56.09,3.23,GOOD
S12606,Kavin,92.1,56.86,44.36,23.84,5.64,AVERAGE
S12607,Vedant,56.34,40.04,88.57,32.37,1.61,AVERAGE
S12608,Zoya,85.03,86.03,43.2,81.1,3.68,GOOD
S12609,Shreya,70.63,49.68,90.23,93.63,4.53,GOOD
S12610,Manish,51.76,55.15,64.33,81.35,5.32,AVERAGE
S12611,Jeeva,76.8,54.12,43.7,88.63,4.24,AVERAGE
S12612,Reshma,62.6,60.53,98.64,48.99,4.31,AVERAGE
S12613,Hari,80.26,69.12,69.73,41.68,5.81,GOOD
S12614,Malar,67.47,88.75,91.29,81.88,3.06,GOOD
S12615,Preethi,83.32,79.01,65.23,39.46,3.67,AVERAGE
S12616,Nandini,95.93,48.76,67.7,70.59,4.37,GOOD
S12617,Akshara,62.23,51.02,61.74,61.3,2.34,AVERAGE
S12618,Manish,96.99,90.82,62.14,15.29,2.94,GOOD
S12619,Madhavan,60.22,54.99,87.61,30.87,4.44,AVERAGE
S12620,Pavithra,53.53,53.12,41.85,21.25,2.97,AT RISK
S12621,Sneha,59.64,40.21,69.39,12.55,5.54,AVERAGE
S12622,Malar,90.75,86.44,55.93,42.02,3.84,GOOD
S12623,Aman,83.88,84.31,73.4,19.84,4.47,GOOD
S12624,Aishwarya,98.54,60.86,52.91,7.15,1.81,AVERAGE
S12625,Dharani,85.49,40.44,60.93,20.7,5.85,AVERAGE
S12626,Shreya,70.63,87.13,72.0,61.89,5.97,GOOD
S12627,Janani,94.62,45.96,84.51,80.84,4.35,GOOD
S12628,Sanjay,97.91,67.63,96.76,46.29,2.05,GOOD
S12629,Srinivas,89.58,90.41,54.59,60.93,3.71,GOOD
S12630,Yash,77.83,54.66,68.97,65.05,1.49,AVERAGE
S12631,Muthu,91.29,62.78,60.92,65.14,1.28,AVERAGE
S12632,Harish,58.95,79.65,76.36,98.69,2.52,GOOD
S12633,Keerthi,95.02,80.39,61.99,60.9,2.11,GOOD
S12634,Pranav,99.98,67.76,45.82,54.62,5.79,GOOD
S12635,Diya,83.26,66.03,76.86,86.67,4.74,GOOD
S12636,Manish,59.79,65.17,42.13,62.09,4.57,AVERAGE
S12637,Mohan,57.22,69.16,42.58,45.81,4.81,AVERAGE
S12638,Krishna,97.97,60.8,93.05,74.24,2.8,GOOD
S12639,Pranav,93.57,55.38,92.22,22.42,5.97,GOOD
S12640,Shreya,87.43,58.96,73.76,67.25,3.9,GOOD
S12641,Harini,97.46,68.67,41.08,76.72,2.05,AVERAGE
S12642,Keerthi,75.17,62.93,60.59,63.86,4.37,AVERAGE
S12643,Rajesh,94.39,75.13,60.78,18.77,3.76,AVERAGE
S12644,Sakshi,58.14,77.87,83.25,51.5,4.05,AVERAGE
S12645,Jeeva,59.14,99.77,88.71,80.99,2.33,GOOD
S12646,Arnav,75.62,76.91,61.25,40.27,3.93,AVERAGE
S12647,Deepak,66.63,84.08,65.3,92.78,1.37,GOOD
S12648,Riya,71.63,45.88,53.48,4.82,5.08,AVERAGE
S12649,Nandini,89.91,85.63,83.68,66.51,4.02,GOOD
S12650,Sanjay,52.67,70.53,60.95,23.29,4.32,AVERAGE
S12651,Bhavya,86.04,91.99,82.33,64.87,3.88,GOOD
S12652,Sakshi,54.41,98.25,82.41,94.93,5.94,GOOD
S12653,Ganesh,92.38,53.82,49.37,57.5,1.41,AVERAGE
S12654,Jeeva,60.09,95.72,93.13,43.69,3.34,GOOD
S12655,Harish,86.75,80.3,89.47,85.87,4.36,GOOD
S12656,Meera,79.59,84.35,74.98,46.36,4.01,GOOD
S12657,Srinivas,69.28,68.34,45.18,56.42,4.61,AVERAGE
S12658,Sneha,63.38,61.29,50.04,30.71,5.9,AVERAGE
S12659,Muthu,52.87,88.0,45.53,54.93,3.42,AVERAGE
S12660,Nikhil,67.67,41.32,67.82,71.58,4.99,AVERAGE
S12661,Dharani,60.03,72.44,55.93,50.93,3.49,AVERAGE
S12662,Sahana,56.8,44.43,89.85,21.08,4.7,AVERAGE
S12663,Kavya,86.92,55.28,66.16,1.96,3.5,AVERAGE
S12664,Pradeep,60.63,83.51,67.13,21.8,3.26,AVERAGE
S12665,Manish,61.16,85.28,95.32,85.03,5.82,GOOD
S12666,Manish,67.02,93.34,74.67,95.92,4.43,GOOD
S12667,Bharath,73.13,82.93,63.24,56.24,4.41,GOOD
S12668,Anjali,75.69,80.48,99.01,82.91,3.6,GOOD
S12669,Tanvi,83.23,96.71,67.75,4.7,1.34,AVERAGE
S12670,Gaurav,79.43,72.24,74.78,85.36,2.79,GOOD
S12671,Ananya,74.08,79.23,62.92,28.72,1.25,AVERAGE
S12672,Shankar,69.7,92.08,80.15,17.55,4.7,GOOD
S12673,Reshma,63.29,85.82,86.55,27.71,4.98,GOOD
S12674,Sahana,85.5,86.2,77.72,49.8,1.16,GOOD
S12675,Sneha,65.88,72.21,54.91,58.76,3.49,AVERAGE
S12676,Sahana,92.48,71.67,96.54,0.7,5.51,GOOD
S12677,Sakshi,79.31,78.92,70.7,34.3,1.53,AVERAGE
S12678,Aman,81.7,82.03,89.56,70.45,2.79,GOOD
S12679,Dev,75.44,72.77,40.53,75.03,1.59,AVERAGE
S12680,Jatin,96.43,51.13,71.07,23.44,3.49,AVERAGE
S12681,Naveen,71.08,54.9,96.13,24.65,3.66,AVERAGE
S12682,Varsha,71.35,69.58,81.29,67.97,2.96,GOOD
S12683,Manish,94.65,52.24,46.85,60.96,5.19,AVERAGE
S12684,Zoya,80.25,65.41,82.6,49.72,3.05,AVERAGE
S12685,Jatin,72.46,48.83,40.9,54.65,1.55,AVERAGE
S12686,Aishwarya,63.11,48.77,62.12,49.95,4.98,AVERAGE
S12687,Vedant,62.25,90.59,54.2,40.72,2.06,AVERAGE
S12688,Bhavya,90.07,72.53,55.11,78.79,4.62,GOOD
S12689,Rohan,63.97,86.83,42.49,88.86,3.17,AVERAGE
S12690,Arjun,50.29,40.69,77.03,63.98,2.09,AVERAGE
S12691,Sahana,50.97,57.14,84.51,26.97,1.5,AVERAGE
S12692,Hari,98.92,41.06,57.51,97.44,5.13,GOOD
S12693,Vasanth,77.99,40.2,75.21,8.82,2.09,AVERAGE
S12694,Reshma,74.45,41.92,69.84,95.21,5.94,AVERAGE
S12695,Dhanush,95.89,71.29,99.59,55.6,3.61,GOOD
S12696,Hari,67.58,45.45,88.74,71.02,4.64,AVERAGE
S12697,Arjun,89.75,87.9,96.76,42.35,3.83,GOOD
S12698,Yogesh,86.09,70.97,89.46,35.71,5.99,GOOD
S12699,Monisha,73.85,54.72,79.46,22.33,2.2,AVERAGE
S12700,Ganesh,88.73,90.32,44.27,11.22,2.96,AVERAGE
S12701,Gayathri,98.29,70.58,91.47,31.28,5.41,GOOD
S12702,Rajesh,60.03,61.05,85.66,25.45,1.96,AVERAGE
S12703,Ravi,50.88,74.08,56.93,53.37,4.15,AVERAGE
S12704,Arjun,91.07,80.36,56.16,85.72,5.48,GOOD
S12705,Aarohi,70.18,73.53,71.46,8.36,5.96,AVERAGE
S12706,Yogesh,77.22,95.97,56.98,74.7,5.0,GOOD
S12707,Ishaan,61.12,61.24,98.24,26.76,1.35,AVERAGE
S12708,Priya,92.09,64.6,51.61,64.11,3.84,AVERAGE
S12709,Aditya,86.06,91.53,49.2,62.73,4.44,GOOD
S12710,Anjali,97.67,78.25,42.61,73.75,2.53,GOOD
S12711,Pradeep,73.76,97.98,73.16,1.52,4.39,GOOD
S12712,Rajesh,98.83,87.53,84.42,0.14,5.55,GOOD
S12713,Vijay,75.54,70.78,75.18,16.87,4.23,AVERAGE
S12714,Charan,81.07,78.08,52.5,98.04,3.47,GOOD
S12715,Sneha,83.71,64.37,95.41,34.17,4.79,GOOD
S12716,Rakesh,74.49,47.66,62.76,62.53,2.48,AVERAGE
S12717,Varun,78.14,64.43,48.45,30.8,4.34,AVERAGE
S12718,Varsha,61.17,56.89,51.46,48.78,3.53,AVERAGE
S12719,Ishaan,68.12,80.68,66.29,43.79,4.05,AVERAGE
S12720,Sakshi,85.1,80.15,72.66,18.81,3.45,AVERAGE
S12721,Yash,51.95,96.24,76.09,35.82,3.07,AVERAGE
S12722,Vignesh,85.02,44.77,44.39,19.06,1.26,AT RISK
S12723,Abhinav,65.19,68.05,92.05,27.97,4.11,AVERAGE
S12724,Karthik,63.59,63.92,60.19,41.73,5.89,AVERAGE
S12725,Aishwarya,84.67,71.65,55.56,79.55,2.77,GOOD
S12726,Harini,60.75,47.17,81.25,19.64,4.12,AVERAGE
S12727,Kavin,98.08,69.49,76.81,19.57,4.62,GOOD
S12728,Gayathri,99.53,79.42,99.57,24.74,4.02,GOOD
S12729,Dharani,72.91,58.83,64.62,78.93,5.5,AVERAGE
S12730,Vignesh,70.07,79.03,50.99,24.73,5.66,AVERAGE
S12731,Manish,53.95,55.94,98.37,81.95,5.36,GOOD
S12732,Naveen,88.91,62.16,68.92,32.27,3.1,AVERAGE
S12733,Pradeep,58.14,94.44,79.69,30.29,1.7,AVERAGE
S12734,Rohan,96.65,41.5,42.54,37.83,3.0,AVERAGE
S12735,Janani,99.53,56.37,60.15,44.81,3.61,AVERAGE
S12736,Aryan,56.12,96.14,99.23,41.98,1.21,GOOD
S12737,Aryan,84.15,48.82,97.86,39.44,5.19,AVERAGE
S12738,Dhanush,73.3,63.84,99.05,99.78,5.43,GOOD
S12739,Dev,77.06,67.25,89.44,69.31,4.16,GOOD
S12740,Yash,58.98,79.16,70.03,88.16,3.9,GOOD
S12741,Anirudh,86.18,76.71,74.32,89.36,2.94,GOOD
S12742,Varun,58.33,77.61,44.49,42.69,5.89,AVERAGE
S12743,Karthik,94.26,96.42,87.6,77.52,3.18,EXCELLENT
S12744,Vignesh,72.7,63.57,84.94,47.08,2.03,AVERAGE
S12745,Arnav,81.74,69.39,82.5,59.47,5.8,GOOD
S12746,Sakshi,96.09,97.84,62.95,73.45,5.18,EXCELLENT
S12747,Bhavya,86.9,47.69,55.95,58.18,2.64,AVERAGE
S12748,Aman,77.04,96.89,88.6,50.72,3.79,GOOD
S12749,Chetan,70.13,96.9,98.47,1.18,3.93,GOOD
S12750,Arnav,73.11,97.21,65.41,96.98,5.39,GOOD
S12751,Sakshi,67.08,44.02,43.33,3.8,3.74,AT RISK
S12752,Tanvi,97.31,74.65,94.04,12.03,3.09,GOOD
S12753,Yash,62.64,90.29,81.37,4.25,3.96,AVERAGE
S12754,Rahul,70.47,58.82,80.29,62.62,5.86,GOOD
S12755,Deepak,88.91,75.43,96.66,30.26,1.26,GOOD
S12756,Aarohi,68.22,55.39,80.23,89.38,4.24,GOOD
S12757,Janani,94.33,47.78,77.05,59.27,1.41,AVERAGE
S12758,Darshan,62.15,91.14,82.61,78.15,2.31,GOOD
S12759,Karthik,51.57,98.87,69.04,14.52,4.48,AVERAGE
S12760,Diya,81.44,44.18,57.22,41.06,4.55,AVERAGE
S12761,Krishna,75.41,47.28,55.11,62.44,5.17,AVERAGE
S12762,Dhanush,96.65,75.32,83.57,18.78,3.7,GOOD
S12763,Divya,71.16,45.18,54.56,38.2,5.01,AVERAGE
S12764,Sanjay,56.78,77.87,95.87,75.45,3.52,GOOD
S12765,Monisha,66.49,83.17,64.18,68.22,2.01,AVERAGE
S12766,Janani,69.66,64.88,78.01,90.19,3.23,GOOD
S12767,Vidya,79.16,85.37,42.57,55.82,1.86,AVERAGE
S12768,Mohan,63.73,46.82,66.94,20.69,3.73,AVERAGE
S12769,Sanjay,77.52,58.07,63.97,87.87,3.58,AVERAGE
S12770,Neha,95.4,88.46,85.28,96.2,2.31,EXCELLENT
S12771,Aditya,71.19,45.3,43.33,48.56,3.43,AVERAGE
S12772,Neha,82.58,57.11,64.14,8.45,4.02,AVERAGE
S12773,Isha,61.44,77.27,91.49,25.29,3.17,AVERAGE
S12774,Sakshi,90.07,54.84,80.11,75.22,2.12,AVERAGE
S12775,Bhavya,63.48,68.85,86.65,0.02,5.77,AVERAGE
S12776,Kishore,78.99,90.23,85.8,29.48,5.01,GOOD
S12777,Rajesh,65.01,56.18,79.72,36.9,2.06,AVERAGE
S12778,Yogesh,53.37,66.15,63.48,78.84,3.38,AVERAGE
S12779,Amrita,65.98,41.1,63.96,43.7,2.89,AVERAGE
S12780,Arnav,60.6,82.5,43.07,52.55,5.98,AVERAGE
S12781,Yogesh,94.63,61.3,51.7,67.16,4.61,GOOD
S12782,Rajesh,63.31,91.6,73.49,78.49,4.24,GOOD
S12783,Vijay,98.72,45.31,93.7,33.81,1.74,AVERAGE
S12784,Lakshmi,74.62,86.93,76.73,17.18,1.95,AVERAGE
S12785,Sneha,61.05,88.83,63.22,18.2,5.66,AVERAGE
S12786,Swathi,69.57,86.56,89.92,16.01,3.24,AVERAGE
S12787,Rajesh,59.17,84.06,66.93,11.44,1.07,AVERAGE
S12788,Srinivas,91.68,54.27,55.59,44.09,3.48,AVERAGE
S12789,Aarohi,56.0,65.0,44.8,18.31,4.09,AVERAGE
S12790,Harini,93.68,63.16,89.71,78.25,2.45,GOOD
S12791,Malar,52.3,54.46,76.96,0.01,3.13,AVERAGE
S12792,Kavya,64.98,69.5,74.85,95.35,2.38,GOOD
S12793,Arnav,56.99,81.85,83.24,1.32,3.21,AVERAGE
S12794,Avinash,84.26,68.72,76.3,32.53,5.92,GOOD
S12795,Rajesh,75.62,98.47,61.03,75.41,3.3,GOOD
S12796,Rakesh,96.97,82.53,77.05,87.21,5.03,EXCELLENT
S12797,Srinivas,68.31,66.56,48.4,8.72,1.64,AVERAGE
S12798,Yogesh,52.04,64.24,57.77,80.11,4.95,AVERAGE
S12799,Akshara,88.08,75.02,72.24,75.15,3.53,GOOD
S12800,Diya,78.98,65.91,44.15,45.99,2.83,AVERAGE
S12801,Preethi,91.37,53.32,89.31,62.69,3.88,GOOD
S12802,Tanvi,71.31,71.26,42.68,36.72,2.75,AVERAGE
S12803,Aarohi,86.91,80.36,62.34,31.18,5.05,GOOD
S12804,Hari,58.55,61.51,67.26,3.3,4.95,AVERAGE
S12805,Ashwin,99.98,57.0,80.84,0.68,2.15,AVERAGE
S12806,Monisha,58.68,53.04,49.29,52.62,3.16,AVERAGE
S12807,Muthu,91.49,61.77,89.28,1.16,1.69,AVERAGE
S12808,Pradeep,60.62,54.66,65.57,12.28,1.03,AT RISK
S12809,Rohan,89.13,85.79,55.07,9.65,2.48,AVERAGE
S12810,Isha,93.06,78.32,45.9,63.31,3.8,GOOD
S12811,Sahana,93.83,57.22,95.52,66.89,4.8,GOOD
S12812,Varun,73.79,99.51,64.2,75.43,5.75,GOOD
S12813,Anirudh,71.44,78.74,62.88,97.32,3.11,GOOD
S12814,Ashwin,91.69,48.55,50.81,97.99,1.02,AVERAGE
S12815,Anjali,78.97,89.76,70.38,20.76,4.25,GOOD
S12816,Vijay,81.06,85.22,59.19,35.17,2.03,AVERAGE
S12817,Kavya,61.8,70.0,49.96,56.15,3.88,AVERAGE
S12818,Mahesh,72.31,54.01,85.17,4.42,3.26,AVERAGE
S12819,Ashwin,68.47,88.65,93.9,19.24,2.39,AVERAGE
S12820,Janani,83.27,47.47,61.14,85.36,2.49,AVERAGE
S12821,Yogesh,59.82,65.08,57.19,40.82,2.71,AVERAGE
S12822,Vedant,70.29,89.04,62.4,48.46,1.87,AVERAGE
S12823,Arjun,92.44,88.09,95.49,73.65,4.53,EXCELLENT
S12824,Varun,77.32,77.79,75.02,80.87,2.97,GOOD
S12825,Srinivas,94.8,40.46,49.95,86.49,4.59,AVERAGE
S12826,Varun,61.63,59.99,77.95,89.49,3.91,AVERAGE
S12827,Jatin,72.0,91.19,64.08,29.45,2.14,AVERAGE
S12828,Anjali,75.02,83.28,41.04,64.9,2.61,AVERAGE
S12829,Isha,70.03,88.64,98.2,11.12,5.62,GOOD
S12830,Varun,84.22,43.78,46.89,96.89,3.11,AVERAGE
S12831,Vikram,57.44,96.45,64.81,26.76,1.57,AVERAGE
S12832,Aishwarya,75.97,53.74,79.46,39.04,4.22,AVERAGE
S12833,Muthu,56.94,59.94,75.16,93.07,2.71,AVERAGE
S12834,Sahana,81.46,90.43,40.25,63.02,3.33,GOOD
S12835,Malar,91.51,64.37,76.47,28.83,2.03,AVERAGE
S12836,Muthu,51.0,78.58,83.64,8.63,1.06,AVERAGE
S12837,Ravi,72.85,73.14,90.96,48.87,3.92,GOOD
S12838,Harish,74.64,91.96,51.04,59.07,3.17,GOOD
S12839,Kavya,86.01,49.37,42.21,66.84,3.03,AVERAGE
S12840,Swathi,53.74,45.87,96.66,16.47,5.62,AVERAGE
S12841,Rohan,70.3,77.94,80.83,70.59,2.31,GOOD
S12842,Hari,89.27,90.68,67.3,36.26,3.93,GOOD
S12843,Aarav,76.61,95.39,83.5,94.4,5.13,EXCELLENT
S12844,Ashwin,87.49,64.0,49.42,65.35,3.27,AVERAGE
S12845,Kishore,68.2,84.09,97.5,91.81,4.77,GOOD
S12846,Pradeep,96.0,63.45,79.25,3.01,3.8,AVERAGE
S12847,Keerthi,53.87,59.13,92.62,90.34,2.76,AVERAGE
S12848,Krishna,54.56,41.45,73.4,87.79,5.54,AVERAGE
S12849,Vedant,76.42,55.01,88.05,51.08,2.88,AVERAGE
S12850,Sakshi,73.54,50.21,59.66,97.64,3.29,AVERAGE
S12851,Chetan,81.92,56.12,47.98,74.92,4.24,AVERAGE
S12852,Shreya,61.45,57.32,61.23,99.51,3.97,AVERAGE
S12853,Pavithra,61.3,91.53,93.82,75.63,3.56,GOOD
S12854,Jeeva,87.46,52.2,81.89,91.52,4.45,GOOD
S12855,Pavithra,64.59,89.16,67.37,19.71,4.47,AVERAGE
S12856,Aishwarya,86.36,91.56,54.11,19.7,3.65,AVERAGE
S12857,Reshma,82.04,67.83,75.88,50.77,3.53,AVERAGE
S12858,Harish,54.17,83.47,75.57,72.93,1.82,AVERAGE
S12859,Aditya,85.56,59.12,71.86,26.5,4.55,AVERAGE
S12860,Arnav,93.98,41.07,84.27,41.69,5.96,AVERAGE
S12861,Gayathri,90.83,82.58,54.57,17.24,2.45,AVERAGE
S12862,Aishwarya,50.44,76.38,70.66,92.55,2.0,AVERAGE
S12863,Harish,76.99,67.68,58.5,74.44,5.7,GOOD
S12864,Ramya,95.67,93.92,52.34,3.84,3.05,AVERAGE
S12865,Keerthi,79.94,83.64,59.97,2.25,4.46,AVERAGE
S12866,Vikram,64.52,65.53,88.18,99.38,3.36,GOOD
S12867,Harish,59.73,43.2,46.83,39.61,3.81,AT RISK
S12868,Ananya,84.25,92.57,56.53,60.23,2.67,GOOD
S12869,Isha,88.56,99.08,71.98,94.78,4.85,EXCELLENT
S12870,Divya,95.63,78.07,64.06,95.58,3.52,GOOD
S12871,Varun,95.29,86.09,89.66,9.59,3.41,GOOD
S12872,Aarohi,66.96,70.36,86.75,63.54,3.8,GOOD
S12873,Gaurav,80.19,54.2,80.68,99.28,5.69,GOOD
S12874,Vedant,55.08,94.72,56.95,17.97,5.09,AVERAGE
S12875,Nikhil,54.72,81.3,41.27,66.28,1.3,AVERAGE
S12876,Anirudh,53.57,72.91,58.83,77.4,2.8,AVERAGE
S12877,Bharath,96.36,80.93,76.06,7.56,1.77,AVERAGE
S12878,Yogesh,57.62,70.71,46.09,38.7,5.56,AVERAGE
S12879,Preethi,74.12,43.5,89.41,20.53,2.23,AVERAGE
S12880,Divya,71.65,79.63,99.2,5.68,4.83,GOOD
S12881,Harini,66.24,40.31,84.25,9.93,4.07,AVERAGE
S12882,Anjali,76.89,53.22,64.88,34.18,4.84,AVERAGE
S12883,Vikram,50.14,49.36,87.83,57.92,4.35,AVERAGE
S12884,Muthu,69.01,60.41,56.36,95.36,2.44,AVERAGE
S12885,Avinash,73.97,94.5,97.25,93.57,3.49,EXCELLENT
S12886,Naveen,90.17,44.78,62.0,87.24,1.86,AVERAGE
S12887,Pavithra,85.05,61.44,81.39,77.14,2.16,GOOD
S12888,Sanjana,92.49,85.57,41.13,4.07,1.62,AVERAGE
S12889,Abhinav,68.81,91.79,77.84,40.56,5.38,GOOD
S12890,Sakshi,57.05,84.17,57.76,77.94,2.43,AVERAGE
S12891,Isha,70.05,97.91,46.13,96.75,1.66,GOOD
S12892,Chetan,98.15,81.76,66.01,46.22,2.2,GOOD
S12893,Akash,60.72,84.69,46.35,70.13,2.32,AVERAGE
S12894,Swathi,58.74,65.32,51.1,99.53,1.63,AVERAGE
S12895,Charan,97.22,58.12,93.71,62.3,4.49,GOOD
S12896,Swathi,97.5,67.71,43.81,77.88,4.33,GOOD
S12897,Nandini,57.46,86.08,77.5,96.63,3.95,GOOD
S12898,Malar,88.47,79.02,43.62,71.01,5.35,GOOD
S12899,Bharath,71.49,86.31,83.08,13.19,1.27,AVERAGE
S12900,Shankar,74.61,77.66,98.67,97.91,4.03,GOOD
S12901,Meera,74.93,83.99,65.77,80.4,3.94,GOOD
S12902,Gaurav,98.42,49.34,98.09,26.46,4.58,GOOD
S12903,Riya,59.23,59.42,78.49,98.73,2.63,AVERAGE
S12904,Shreya,88.65,73.67,75.73,7.96,3.13,AVERAGE
S12905,Riya,50.28,40.99,50.27,93.99,2.69,AVERAGE
S12906,Preethi,81.43,94.74,97.14,84.11,2.95,EXCELLENT
S12907,Aditya,82.63,54.37,91.69,27.5,4.2,AVERAGE
S12908,Srinivas,87.69,45.31,47.91,86.04,2.29,AVERAGE
S12909,Rahul,96.3,79.86,41.72,6.04,5.34,AVERAGE
S12910,Dhanush,87.69,51.62,61.54,95.22,5.97,GOOD
S12911,Aishwarya,86.61,73.72,49.57,60.48,3.13,AVERAGE
S12912,Nithin,62.69,54.94,60.17,52.11,5.95,AVERAGE
S12913,Tanvi,99.64,49.96,97.51,99.1,3.41,GOOD
S12914,Amrita,73.42,84.1,91.71,2.64,1.1,AVERAGE
S12915,Aman,70.87,63.3,66.41,51.24,5.51,AVERAGE
S12916,Priya,75.09,74.47,56.55,73.52,2.68,AVERAGE
S12917,Charan,69.7,52.97,74.67,11.23,1.3,AVERAGE
S12918,Krishna,79.68,73.14,96.25,1.5,1.92,AVERAGE
S12919,Keerthi,67.48,65.27,87.44,61.52,4.62,GOOD
S12920,Ravi,62.0,43.07,92.07,33.8,2.17,AVERAGE
S12921,Aadhya,96.4,83.6,85.67,48.18,4.67,GOOD
S12922,Aman,96.39,73.14,70.22,62.23,5.16,GOOD
S12923,Bhavya,74.81,95.64,48.49,38.62,5.55,GOOD
S12924,Darshan,98.11,88.48,89.12,21.46,5.53,GOOD
S12925,Sanjay,70.79,74.27,79.06,23.86,1.9,AVERAGE
S12926,Bhavya,69.37,42.58,86.36,18.74,3.79,AVERAGE
S12927,Krishna,95.85,85.12,84.04,71.6,5.42,EXCELLENT
S12928,Yogesh,81.65,72.94,54.77,13.43,2.21,AVERAGE
S12929,Harini,88.13,90.1,57.14,97.22,6.0,EXCELLENT
S12930,Divya,70.64,74.66,91.38,0.48,4.68,AVERAGE
S12931,Harish,70.35,40.12,64.44,30.36,5.67,AVERAGE
S12932,Aman,54.17,88.89,50.66,80.27,2.55,AVERAGE
S12933,Malar,98.34,87.96,78.56,9.01,2.01,GOOD
S12934,Ashwin,61.4,45.96,57.9,58.8,5.75,AVERAGE
S12935,Karthik,74.71,81.03,78.56,29.06,2.41,AVERAGE
S12936,Meera,55.73,71.57,75.4,96.54,5.52,GOOD
S12937,Anjali,82.35,75.4,79.79,21.9,1.85,AVERAGE
S12938,Yash,69.54,93.36,99.61,7.1,2.79,GOOD
S12939,Muthu,88.38,54.97,56.64,61.37,4.14,AVERAGE
S12940,Kavya,76.42,40.79,98.54,37.6,5.56,AVERAGE
S12941,Neha,56.47,52.51,85.81,90.39,3.31,AVERAGE
S12942,Neha,50.54,94.91,91.32,91.5,4.0,GOOD
S12943,Aditya,60.62,52.69,88.15,79.51,2.63,AVERAGE
S12944,Kavin,86.22,80.47,41.38,12.86,1.98,AVERAGE
S12945,Swathi,91.43,87.38,70.22,65.81,4.7,GOOD
S12946,Sakshi,67.07,88.79,46.35,9.22,4.67,AVERAGE
S12947,Gayathri,76.8,40.63,80.41,2.52,5.32,AVERAGE
S12948,Deepak,62.0,40.56,43.58,19.72,1.75,AT RISK
S12949,Yogesh,94.02,99.34,41.99,49.45,1.29,GOOD
S12950,Ganesh,98.26,71.65,94.4,45.11,4.13,GOOD
S12951,Divya,87.65,43.82,95.02,77.6,3.44,GOOD
S12952,Dharani,54.44,41.61,77.43,52.34,4.13,AVERAGE
S12953,Madhavan,71.86,88.65,67.6,26.42,2.19,AVERAGE
S12954,Nandini,99.53,94.3,89.71,13.97,5.13,GOOD
S12955,Meera,61.47,71.47,97.85,56.97,3.22,GOOD
S12956,Preethi,83.52,62.3,43.26,67.48,4.39,AVERAGE
S12957,Chetan,96.93,82.14,46.21,21.29,1.97,AVERAGE
S12958,Aadhya,88.66,41.34,94.31,63.18,1.25,AVERAGE
S12959,Charan,80.44,93.93,45.96,86.02,2.79,GOOD
S12960,Shankar,75.34,55.37,82.85,24.22,3.13,AVERAGE
S12961,Shreya,96.44,51.45,73.21,81.94,3.15,GOOD
S12962,Ashwin,69.74,58.65,71.3,95.04,2.2,AVERAGE
S12963,Swathi,95.06,43.82,45.86,93.65,3.34,AVERAGE
S12964,Ishaan,71.55,63.37,83.72,14.12,3.53,AVERAGE
S12965,Pradeep,87.83,82.88,76.12,4.89,2.43,AVERAGE
S12966,Zoya,95.79,69.89,95.73,72.66,2.66,GOOD
S12967,Manish,77.53,80.08,68.86,38.2,3.8,AVERAGE
S12968,Anjali,65.49,52.83,94.74,17.77,1.22,AVERAGE
S12969,Charan,52.55,63.87,51.03,44.71,1.21,AVERAGE
S12970,Dharani,90.46,71.17,52.23,54.27,3.16,AVERAGE
S12971,Nandini,81.1,74.35,96.94,16.18,1.31,AVERAGE
S12972,Vignesh,63.15,51.18,45.96,3.79,4.73,AT RISK
S12973,Aditya,93.87,88.46,54.19,78.18,3.93,GOOD
S12974,Pooja,96.02,45.41,48.48,45.61,1.13,AVERAGE
S12975,Naveen,94.36,45.9,82.58,24.44,2.65,AVERAGE
S12976,Swathi,80.08,54.98,86.81,95.52,1.44,GOOD
S12977,Vidya,98.83,79.26,94.09,75.91,5.53,EXCELLENT
S12978,Vidya,93.74,44.63,48.81,40.27,2.55,AVERAGE
S12979,Sameer,55.21,40.46,59.3,27.29,2.91,AT RISK
S12980,Aishwarya,99.06,68.33,59.03,72.92,4.94,GOOD
S12981,Arjun,77.44,60.8,98.41,72.44,2.08,GOOD
S12982,Sameer,96.0,49.4,74.97,88.4,2.04,GOOD
S12983,Ganesh,88.02,79.36,60.25,1.31,5.04,AVERAGE
S12984,Ganesh,82.38,78.49,57.92,62.96,3.67,GOOD
S12985,Yogesh,66.33,47.31,59.14,28.17,2.28,AVERAGE
S12986,Rohan,51.35,53.79,82.73,97.46,1.79,AVERAGE
S12987,Shankar,63.84,61.9,72.96,2.48,4.96,AVERAGE
S12988,Anusha,84.29,99.4,77.42,48.74,2.02,GOOD
S12989,Vignesh,93.16,86.12,68.23,71.08,3.46,GOOD
S12990,Ananya,50.12,60.23,41.58,75.13,1.95,AVERAGE
S12991,Naveen,60.4,97.93,81.23,63.31,2.88,GOOD
S12992,Mahesh,83.65,67.3,83.45,47.21,1.42,AVERAGE
S12993,Vijay,64.18,62.82,50.81,90.94,1.05,AVERAGE
S12994,Varsha,57.09,96.66,78.96,57.68,3.88,GOOD
S12995,Pavithra,54.1,84.17,92.65,52.12,3.85,GOOD
S12996,Akshara,81.89,72.87,76.17,85.71,1.95,GOOD
S12997,Ravi,79.74,76.04,80.11,44.32,1.99,AVERAGE
S12998,Mohan,92.93,98.37,82.04,60.79,4.87,EXCELLENT
S12999,Pavithra,65.74,49.17,59.46,32.9,3.23,AVERAGE
