Student_ID,Student_Name,Attendance,Internal_marks,Assignments_Avg,Previous_preformance,Study_Hours_per_Day,Performance,,,
S1000,Omar,97.36,59.61,73.69,73.4,2.06,AVERAGE,,,
S1001,Maria,97.71,74,74.23,88,5.42,GOOD,,,
S1002,Ahmed,99.52,63.85,85.85,4.7,2.48,AVERAGE,,,
S1003,Omar,90.38,44.44,68.1,4.2,5.1,AVERAGE,,,
S1004,John,59.41,61.77,67.66,64.3,2.66,AVERAGE,,,
S1005,Liam,60.6,64.48,87.85,54.8,5.06,AVERAGE,,,
S1006,Ahmed,67.01,93.74,89,15.5,4.42,AVERAGE,,,
S1007,Ahmed,65.91,59.47,50.72,54.8,3.34,AVERAGE,,,
S1008,Omar,97.83,62.75,57.19,97.4,3.62,GOOD,,,
S1009,Sara,89.45,86.97,60.65,63.1,1.88,AVERAGE,,,
S1010,John,86.2,85.54,67.58,44.9,1.58,AVERAGE,,,
S1011,Omar,59.3,87.9,64.57,82.8,4.58,GOOD,,,
S1012,John,95.48,97.23,83.43,21.3,5.24,GOOD,,,
S1013,John,91.39,87.73,91.41,41.4,4.6,GOOD,,,
S1014,Liam,58.18,64.46,59.6,52.8,5.56,AVERAGE,,,
S1015,Ahmed,93.56,89.29,78.15,50.5,5.46,GOOD,,,
S1016,Maria,63.61,70.52,68.39,92.1,4.9,GOOD,,,
S1017,Liam,54.04,56.66,75.29,29.3,5.5,AVERAGE,,,
S1018,Liam,82.84,58.18,81.04,5.7,1.84,AT RISK,,,
S1019,John,82.69,53.43,94.68,91.6,4.66,GOOD,,,
S1020,Emma,54.75,48.7,59.61,21.7,4.76,AT RISK,,,
S1021,Ahmed,65.94,51.07,54.35,37.9,1.76,AT RISK,,,
S1022,Sara,99.64,43.79,81.36,53.1,5.54,AVERAGE,,,
S1023,Liam,83.92,93.31,69.71,97.6,1.04,GOOD,,,
S1024,Maria,86.5,95.86,58.15,53.5,3.18,AVERAGE,,,
S1025,Emma,60.65,75.21,55.85,44.8,1.1,AVERAGE,,,
S1026,Emma,53.94,90.43,77.95,58.4,3.62,AVERAGE,,,
S1027,Sara,63.85,51.01,65.02,97.1,3.06,AVERAGE,,,
S1028,Liam,62.44,94.1,99.87,81.8,4.12,GOOD,,,
S1029,Maria,61.73,70.38,70.3,16.9,4.84,AVERAGE,,,
S1030,Ahmed,59.64,44.03,60.61,80.3,4.84,AVERAGE,,,
S1031,Ali,78.74,48.48,81.44,84.1,4.62,AVERAGE,,,
S1032,Maria,66.41,58.54,62.21,69.1,1.5,AVERAGE,,,
S1033,Sara,91.02,42.61,74.7,65.7,3.08,AVERAGE,,,
S1034,Emma,59.2,58.56,74.13,44.1,5.08,AVERAGE,,,
S1035,Ahmed,73.23,43.6,72.68,64.2,4.28,AVERAGE,,,
S1036,Maria,50.68,54.16,89.8,73.8,4.4,AVERAGE,,,
S1037,Ali,74.08,55.94,60.83,12.3,2.14,AT RISK,,,
S1038,Ali,52.79,99.66,95.22,25.7,2.62,AVERAGE,,,
S1039,John,98.89,54.13,89.57,19.4,5.78,AVERAGE,,,
S1040,John,89.53,54.35,66.66,84.1,5.24,GOOD,,,
S1041,Omar,74.51,81.21,59.03,68,1.82,AVERAGE,,,
S1042,Sara,54.33,91.56,63.98,45.1,3.72,AVERAGE,,,
S1043,Liam,79.62,63.22,66.63,82.6,3.46,AVERAGE,,,
S1044,Maria,87.94,92.54,77.85,71.7,3.22,GOOD,,,
S1045,Maria,59.54,60.41,52.32,91.4,3.36,AVERAGE,,,
S1046,Liam,78.41,51.82,95.72,7.7,4.22,AVERAGE,,,
S1047,Omar,90.71,59.78,54.93,50.9,5.84,AVERAGE,,,
S1048,Emma,88.41,76.56,63.96,70.7,5.38,GOOD,,,
S1049,Emma,90.15,62.03,55.46,20.7,5.38,AVERAGE,,,
S1050,Omar,93.97,80.37,62.83,32.7,4.52,AVERAGE,,,
S1051,Emma,96.88,54.22,91.88,41.9,1.08,AVERAGE,,,
S1052,John,70.28,82.06,80.76,79.4,3.2,GOOD,,,
S1053,Maria,78.44,60.85,61.37,49.4,3.56,AVERAGE,,,
S1054,Omar,89.53,67.35,93.59,49.3,5.22,GOOD,,,
S1055,Maria,84.86,73.46,90.04,43.1,5.62,GOOD,,,
S1056,Liam,99.78,81.17,87.68,22.9,3.26,AVERAGE,,,
S1057,Ali,50.68,54.32,92.38,92.3,2.5,AVERAGE,,,
S1058,John,67.76,90.16,80.98,31.8,2.68,AVERAGE,,,
S1059,Ahmed,64.05,83.31,75.07,56.7,3.9,AVERAGE,,,
S1060,John,63.12,54.05,68.7,14.9,2.38,AT RISK,,,
S1061,Omar,61.13,98.5,61.19,43.4,5.56,AVERAGE,,,
S1062,Ahmed,85.46,79.89,77.87,90.4,3.1,GOOD,,,
S1063,Ali,54.24,67.15,94.47,99.5,5.96,GOOD,,,
S1064,Omar,87.08,49.45,79.7,36.2,1.54,AVERAGE,,,
S1065,Sara,84.67,71.99,95.98,15.4,1.94,AVERAGE,,,
S1066,Maria,62.54,49.89,67.85,31.4,3.56,AT RISK,,,
S1067,Ali,62.64,65.77,84.76,32.7,5.34,AVERAGE,,,
S1068,Maria,81.44,64.52,82.43,64.5,2.76,AVERAGE,,,
S1069,Emma,88.11,83.2,83.52,49.6,5.18,GOOD,,,
S1070,Sara,93.82,51.54,82.25,76.8,3.12,AVERAGE,,,
S1071,Sara,92.61,89.31,61.08,70.1,5.26,GOOD,,,
S1072,Ali,98.24,59.57,57.18,25.1,2.38,AVERAGE,,,
S1073,Sara,79.07,66.64,98.93,78.4,3.36,GOOD,,,
S1074,Ahmed,95.43,86.34,52.26,84.7,2.4,GOOD,,,
S1075,Sara,90.43,77.52,73.39,59.8,2.08,AVERAGE,,,
S1076,Maria,94.73,58.48,71.25,92.8,3.1,GOOD,,,
S1077,Maria,50.58,63.17,68,78.3,2.68,AVERAGE,,,
S1078,Omar,98.3,58.35,89.1,59.5,4.94,GOOD,,,
S1079,Maria,73.68,75.69,87.27,90.6,4.74,GOOD,,,
S1080,Omar,89.91,59.96,95.26,60,2.8,AVERAGE,,,
S1081,Maria,56.36,83.54,69.77,52.1,5.96,AVERAGE,,,
S1082,Ahmed,69.8,74.79,78.21,35.6,5.86,AVERAGE,,,
S1083,Liam,63.57,48.74,94.62,88.3,5.58,GOOD,,,
S1084,Omar,64.58,58.62,99.69,12.3,3.94,AVERAGE,,,
S1085,John,56.16,53.29,98.46,47.4,3.06,AVERAGE,,,
S1086,Emma,90.29,63.42,85.89,53.7,2.56,AVERAGE,,,
S1087,Ali,50.46,70.96,57.16,55.5,1.08,AVERAGE,,,
S1088,Maria,65.63,70.41,51.16,65.2,4.16,AVERAGE,,,
S1089,Sara,58.72,85.27,91.26,50.6,3.76,AVERAGE,,,
S1090,Liam,79.45,51.35,92.05,25.7,4.14,AVERAGE,,,
S1091,Maria,62.71,96.79,87.32,85.7,3.88,GOOD,,,
S1092,Sara,62.95,60.57,64,65.8,1.68,AVERAGE,,,
S1093,Emma,74.42,58.01,81.99,85.8,4.48,GOOD,,,
S1094,Emma,82.63,81.11,65.81,27.6,2.8,AVERAGE,,,
S1095,Emma,56.07,88.33,72.53,63.7,3.58,AVERAGE,,,
S1096,Sara,58.78,62.71,69.12,71.4,2.82,AVERAGE,,,
S1097,Maria,62.36,84.81,95.68,38.3,1.1,AVERAGE,,,
S1098,Emma,98.69,93.02,61.71,81.2,5.38,GOOD,,,
S1099,Ahmed,69.86,86.01,78.88,0.3,1.74,AVERAGE,,,
S1100,Omar,79.95,42.05,68.05,59.5,3.92,AVERAGE,,,
S1101,Sara,62.08,89.64,83.15,61.4,5.42,GOOD,,,
S1102,Sara,74.52,86.47,78.23,53.4,2.1,AVERAGE,,,
S1103,Maria,53.71,80.16,96.2,63,3.06,AVERAGE,,,
S1104,Sara,51.74,85.6,55.08,16.7,2.88,AT RISK,,,
S1105,Sara,73.44,98.77,61.03,68.5,1.44,AVERAGE,,,
S1106,Emma,69.93,65.87,88.32,33.6,3.12,AVERAGE,,,
S1107,Maria,56.84,44.03,68.44,45.2,3.4,AVERAGE,,,
S1108,Emma,84.38,67.65,58.29,33.3,1.14,AVERAGE,,,
S1109,Omar,99.65,42.79,75.17,47.4,3.44,AVERAGE,,,
S1110,Liam,69.78,57.66,82.61,62.2,1.46,AVERAGE,,,
S1111,Omar,81.23,75.21,52.24,83.8,5.46,GOOD,,,
S1112,Liam,98.15,58.58,64.58,48.3,4.26,AVERAGE,,,
S1113,Emma,91.58,81.12,90.47,32.3,1.28,AVERAGE,,,
S1114,Omar,73.18,89.32,76.01,48.8,5.14,GOOD,,,
S1115,Maria,86.87,65.23,51.77,68.9,2.8,AVERAGE,,,
S1116,Ali,56.41,94.01,64.1,34.7,2.12,AVERAGE,,,
S1117,Emma,75.61,44.79,81.96,41.4,2.26,AVERAGE,,,
S1118,Liam,63.95,90.41,59.97,56.3,3.98,AVERAGE,,,
S1119,Ahmed,58.06,89.71,91.37,29.4,1.4,AVERAGE,,,
S1120,Liam,71.31,59.32,83.83,20.9,1.3,AT RISK,,,
S1121,Ahmed,56.55,57.92,73.57,14,4.14,AT RISK,,,
S1122,Sara,84.95,58.31,95.78,35.3,5.9,AVERAGE,,,
S1123,Omar,72.81,88.68,69.59,4.8,3.42,AVERAGE,,,
S1124,Ahmed,76.56,89.9,61.75,58.3,3.06,AVERAGE,,,
S1125,Liam,57.32,59.78,83.07,17.6,5.74,AVERAGE,,,
S1126,Sara,56.99,75.56,78.66,37.7,2.2,AVERAGE,,,
S1127,Ali,79.17,48.34,66.76,26.9,2.2,AT RISK,,,
S1128,Maria,99.25,68.13,67.18,63,5.52,GOOD,,,
S1129,Maria,54.81,99.93,69.91,85,4.24,GOOD,,,
S1130,Maria,64.29,49.53,64.56,63.3,1.26,AVERAGE,,,
S1131,Ahmed,93.47,96.85,85.51,54.3,4.36,GOOD,,,
S1132,Ali,53.61,89.46,82.57,66.9,5.1,GOOD,,,
S1133,Ahmed,93.79,98.33,72.04,3,2.36,AVERAGE,,,
S1134,Omar,76.21,50.77,69.89,12.3,2.92,AT RISK,,,
S1135,Ahmed,70.41,52.81,68.25,9.5,1.98,AT RISK,,,
S1136,Ali,65.48,41.01,64.17,9.8,4.16,AT RISK,,,
S1137,Ali,64.86,83.48,54.28,26,4.32,AVERAGE,,,
S1138,Omar,65.29,78.65,63.41,53.2,1.34,AVERAGE,,,
S1139,Ali,94.24,50.68,66.06,11.5,4.38,AVERAGE,,,
S1140,Liam,86.19,87.47,77.38,93.5,4.3,GOOD,,,
S1141,Ali,83.49,57.95,88.69,85.4,1.18,AVERAGE,,,
S1142,Maria,89.94,48.1,69.79,97.2,3.78,GOOD,,,
S1143,Liam,62.86,65.35,97.24,4.3,4.06,AVERAGE,,,
S1144,Liam,80.9,45.46,91.37,85.1,3.16,AVERAGE,,,
S1145,Omar,73,55.79,99.24,80.4,5.5,GOOD,,,
S1146,John,89.12,62.28,93.81,90.2,2.64,GOOD,,,
S1147,John,65.46,91.11,80.84,52.8,1.34,AVERAGE,,,
S1148,Ali,82.16,87.55,79.92,78.8,4.36,GOOD,,,
S1149,Liam,94.11,66.57,56.48,5.1,4.02,AVERAGE,,,
S1150,John,70.11,83.47,86.12,7.6,5.94,AVERAGE,,,
S1151,John,53.33,74.12,80.01,11.9,2.16,AT RISK,,,
S1152,Ali,75.8,60.45,75.35,91.5,2.98,GOOD,,,
S1153,John,67.3,83.55,84.66,6.1,3.3,AVERAGE,,,
S1154,Ahmed,83.61,81.01,72.2,10,5.3,AVERAGE,,,
S1155,Sara,97.55,77.15,76.19,93,3.08,GOOD,,,
S1156,Omar,74.28,77.08,69.92,10.7,4.86,AVERAGE,,,
S1157,Sara,73.31,80.98,85.87,87,1.78,GOOD,,,
S1158,Ali,82.73,63.07,93.83,78.9,3.04,GOOD,,,
S1159,Maria,55.17,92.14,92.04,4,1.78,AVERAGE,,,
S1160,Omar,62.68,49.74,89.3,2.2,5.74,AT RISK,,,
S1161,Ali,95.95,93.03,50.69,53.4,1.88,AVERAGE,,,
S1162,Liam,83.5,60.54,95.59,99.7,3.1,GOOD,,,
S1163,Maria,50.67,47.5,63.74,87.9,1.42,AVERAGE,,,
S1164,Sara,60.23,76,94.4,31,5.6,AVERAGE,,,
S1165,Ali,84.14,62.56,59.85,38.6,4.12,AVERAGE,,,
S1166,Liam,88.22,88.93,71.98,38.8,5.82,GOOD,,,
S1167,Omar,91.99,65.85,87.47,73.4,1.22,AVERAGE,,,
S1168,Omar,64.61,80.11,82.01,34.1,1.88,AVERAGE,,,
S1169,Emma,96.55,58.5,70.8,14.8,2.9,AVERAGE,,,
S1170,Liam,77.65,52.57,83.93,74.7,4.1,AVERAGE,,,
S1171,Ahmed,84.83,63.28,77.45,45.8,2.64,AVERAGE,,,
S1172,John,79.84,76.41,63.79,7.7,4.56,AVERAGE,,,
S1173,Maria,56.14,79.42,82.32,79,1.82,AVERAGE,,,
S1174,Liam,98.16,74.69,60.21,58.5,4,AVERAGE,,,
S1175,Emma,56.14,99.28,84.7,48.9,2.98,AVERAGE,,,
S1176,John,62.74,81.47,50.16,67.3,3.54,AVERAGE,,,
S1177,John,90.68,95.89,77.44,50.5,3.84,GOOD,,,
S1178,Ali,80.93,47.08,70.05,64.8,1.3,AVERAGE,,,
S1179,John,91.91,43.68,65.16,86.7,5.62,GOOD,,,
S1180,Ahmed,75.79,58.66,75.79,61.4,4.94,AVERAGE,,,
S1181,Omar,68.85,48.2,82.27,66,3.22,AVERAGE,,,
S1182,Emma,96.09,71.55,98.27,61.4,3.74,GOOD,,,
S1183,John,51.81,71.14,91.65,53.1,1.16,AVERAGE,,,
S1184,Ali,92.81,74.5,85.86,17.2,3.48,AVERAGE,,,
S1185,Ahmed,61.54,84.71,73.95,33.6,3.14,AVERAGE,,,
S1186,Sara,92.44,98.28,69.61,69.3,2.88,GOOD,,,
S1187,Omar,56.96,92.7,51.63,42.5,5.08,AVERAGE,,,
S1188,Omar,79.01,47.1,67.95,40.6,1.9,AVERAGE,,,
S1189,Emma,94.41,60.31,92.42,75.9,1.88,GOOD,,,
S1190,Omar,73.68,55.35,69.2,0.6,3.6,AT RISK,,,
S1191,John,87.33,50.61,73.08,67.9,4.44,AVERAGE,,,
S1192,Ali,90.23,72.68,63.59,48.9,1.12,AVERAGE,,,
S1193,Omar,86.82,73.2,63.71,37.7,3.72,AVERAGE,,,
S1194,Omar,96.27,53.63,53.09,34.1,2.5,AVERAGE,,,
S1195,Sara,72.34,82.71,80.69,17.3,4.78,AVERAGE,,,
S1196,Sara,58.66,83.97,72.4,33.4,3.34,AVERAGE,,,
S1197,Maria,52.39,41.26,80.3,39.1,5.18,AVERAGE,,,
S1198,Ahmed,62.32,63.75,77.34,43.7,2.98,AVERAGE,,,
S1199,John,57.16,93.41,89.94,67.2,5.14,GOOD,,,
S1200,Omar,77.9,71.22,87.55,45.4,4.58,AVERAGE,,,
S1201,Liam,59.25,60.86,88.57,79.6,5.14,AVERAGE,,,
S1202,Omar,51.95,55.22,74.96,64,5.06,AVERAGE,,,
S1203,Ali,51.8,54.6,67.69,19,3.44,AT RISK,,,
S1204,Maria,91.58,45.99,96.67,27.7,2.84,AVERAGE,,,
S1205,Ahmed,79.57,89.03,52.71,7.9,4.82,AVERAGE,,,
S1206,Liam,67.9,45.2,57.63,94.6,2.8,AVERAGE,,,
S1207,Maria,94.71,57.54,70.98,88.7,1.44,AVERAGE,,,
S1208,Emma,53.51,42.74,80.7,8.5,5.3,AT RISK,,,
S1209,Ahmed,99.02,86.88,50.41,57.4,2.98,AVERAGE,,,
S1210,Omar,80.81,42.36,85.97,96,1.66,AVERAGE,,,
S1211,Omar,59.17,58.5,77.94,74.7,4.24,AVERAGE,,,
S1212,Ahmed,83.95,74.4,74.24,49.2,5.44,AVERAGE,,,
S1213,Omar,88.17,64.57,71.17,24.1,5.3,AVERAGE,,,
S1214,John,71.47,56.94,75.97,27.9,3.78,AVERAGE,,,
S1215,Ahmed,93.08,56.51,58.09,73.6,1.44,AVERAGE,,,
S1216,Maria,57.54,87.87,55.44,78.1,4.48,AVERAGE,,,
S1217,Ahmed,63.94,98.44,64.48,52.9,4.04,AVERAGE,,,
S1218,Liam,54.67,60.88,85.48,12.1,2.06,AT RISK,,,
S1219,Omar,60.54,42.35,79.41,93.4,5.5,AVERAGE,,,
S1220,John,61.94,42.19,74.01,84.5,1.44,AVERAGE,,,
S1221,John,95.88,85.55,78.58,14.1,2.86,AVERAGE,,,
S1222,Emma,53.91,73.14,77.96,5.7,1.48,AT RISK,,,
S1223,Maria,71.37,87.02,65.35,53.6,5.56,AVERAGE,,,
S1224,Sara,76.62,81.85,54.87,28.4,1.18,AVERAGE,,,
S1225,Sara,94.93,94.45,94.84,28.3,3.12,AVERAGE,,,
S1226,Ahmed,99.88,93.15,80,8.7,5.3,AVERAGE,,,
S1227,Emma,87.67,87.3,84.89,95.3,2.26,GOOD,,,
S1228,Ali,98.54,68.51,73.2,83,1.52,GOOD,,,
S1229,Ahmed,89.36,58.49,87.82,11.4,1.64,AVERAGE,,,
S1230,Emma,98.16,70.42,79.22,87.7,3.02,GOOD,,,
S1231,Maria,85.36,70.12,52.69,68.3,3.14,AVERAGE,,,
S1232,Maria,53.99,76.62,94.5,32.5,4.6,AVERAGE,,,
S1233,Maria,70.1,51.17,65.28,87.1,2.18,AVERAGE,,,
S1234,Maria,82.33,79.34,56.89,59.8,4.5,AVERAGE,,,
S1235,Maria,67.54,67.4,54.4,84.9,6,GOOD,,,
S1236,Emma,63.67,77.21,86.02,46.9,5.32,AVERAGE,,,
S1237,Emma,78.87,54.38,85.2,50.1,4.18,AVERAGE,,,
S1238,John,96.68,66.06,85.01,29.1,5.7,AVERAGE,,,
S1239,Liam,51.75,52.61,95.79,38.8,5.96,AVERAGE,,,
S1240,Sara,88.46,92.52,67.45,56.8,3.86,GOOD,,,
S1241,Omar,86.14,69.28,78.06,94.7,2.36,GOOD,,,
S1242,Maria,98.2,53.5,80.97,60,5.58,GOOD,,,
S1243,Ali,96.54,42.47,98.97,14.7,5.22,AVERAGE,,,
S1244,Omar,88.11,80.54,65.62,0.7,1.42,AVERAGE,,,
S1245,Emma,76.02,52.88,97.82,85.1,5.68,GOOD,,,
S1246,Ali,60.21,99.37,57.44,36.4,2.84,AVERAGE,,,
S1247,Ali,77.26,72.02,88.2,31.5,2.62,AVERAGE,,,
S1248,Ali,88.27,57.34,81.64,80.1,2.72,AVERAGE,,,
S1249,John,94.78,79.46,90.84,94.5,2.6,GOOD,,,
S1250,Emma,89.49,56.51,51.43,74.8,3.58,AVERAGE,,,
S1251,Ali,59.76,89.22,53.91,17.4,3.9,AVERAGE,,,
S1252,Maria,79.98,58.49,53.48,39.1,3.12,AVERAGE,,,
S1253,Ahmed,66.61,99.29,79.65,75.9,3.06,GOOD,,,
S1254,Ali,50.46,76.31,80.15,90.7,4.68,GOOD,,,
S1255,John,60.01,90.66,95.31,99.9,1.02,GOOD,,,
S1256,Omar,55.66,44.37,73.38,51.2,5.74,AVERAGE,,,
S1257,Emma,92.14,60.9,53.4,82.3,4.58,GOOD,,,
S1258,Liam,62.93,84.25,60.48,4.7,4.54,AVERAGE,,,
S1259,John,64.23,79.3,50.4,28.6,3.1,AVERAGE,,,
S1260,Ali,98,51.65,88.84,37.2,5.82,AVERAGE,,,
S1261,Emma,68.95,61.37,90.78,97.6,1,AVERAGE,,,
S1262,Ahmed,50.48,55.81,99.9,0.3,1.38,AT RISK,,,
S1263,Ali,64.19,76.8,70.61,30.8,5.02,AVERAGE,,,
S1264,John,55.96,60.67,50.96,93,4.7,AVERAGE,,,
S1265,Sara,55.14,58.54,61.74,30.7,2.36,AT RISK,,,
S1266,Maria,53.87,52.44,79.39,22.5,3.98,AT RISK,,,
S1267,Liam,79.66,64.54,98.1,73,3.66,GOOD,,,
S1268,Omar,59.47,51.73,55.18,74.5,3.64,AVERAGE,,,
S1269,John,68.06,97.75,56.08,47.2,3.98,AVERAGE,,,
S1270,Emma,93.1,49.27,85.09,94.7,5.96,GOOD,,,
S1271,Liam,71.22,94.8,83.36,20.3,5.94,AVERAGE,,,
S1272,Liam,95.78,65.71,62.53,91.3,5.9,GOOD,,,
S1273,Liam,74.9,62.67,90.66,75.6,3.74,GOOD,,,
S1274,Ali,69.94,53.88,56.44,36.8,2.6,AT RISK,,,
S1275,Maria,87.52,78.15,96.29,80.7,3.8,GOOD,,,
S1276,Ali,53.66,81.13,60.05,13.3,4.12,AVERAGE,,,
S1277,Emma,54.47,68.05,54.07,13.1,2.56,AT RISK,,,
S1278,Ali,82.6,43.34,66.98,93,4.16,AVERAGE,,,
S1279,Sara,74.35,95.11,59.39,9.5,4.1,AVERAGE,,,
S1280,Maria,89.52,98.82,76.35,0.4,5.52,AVERAGE,,,
S1281,Maria,95.81,65.86,84.34,38.9,2.18,AVERAGE,,,
S1282,Emma,69.42,76.82,74.55,10.4,4.48,AVERAGE,,,
S1283,Omar,79.82,67.02,83.03,86.3,3.26,GOOD,,,
S1284,Sara,75.03,59.31,68.25,92.3,1.64,AVERAGE,,,
S1285,John,99.08,44.64,51.4,48.2,2.58,AVERAGE,,,
S1286,Ali,91.55,67.36,98.7,42.5,1.28,AVERAGE,,,
S1287,Ahmed,95.59,89.1,90.97,53.9,2.6,GOOD,,,
S1288,Ali,62.72,41.02,53.67,22.6,1.34,AT RISK,,,
S1289,Liam,88.63,74.93,72.46,29.8,5.62,AVERAGE,,,
S1290,Ali,63.27,92.85,81.75,10.1,1.5,AVERAGE,,,
S1291,John,60.44,53.05,59.53,44.6,5.08,AVERAGE,,,
S1292,Ali,97.21,51,78.9,61.2,5.54,AVERAGE,,,
S1293,Sara,50.97,86.34,76.68,93,3.34,GOOD,,,
S1294,Sara,98.27,55.31,60.41,73.9,1.26,AVERAGE,,,
S1295,Maria,57.46,51.52,57.06,72.3,3.98,AVERAGE,,,
S1296,Emma,90.97,62.68,87.95,30.8,2.18,AVERAGE,,,
S1297,Omar,63.8,63.55,66.13,88.8,1.88,AVERAGE,,,
S1298,Ahmed,67.54,92.45,62.2,94.7,3.84,GOOD,,,
S1299,Liam,60.84,77.11,86.89,93.2,2.78,GOOD,,,
S1300,Ali,79.28,64.36,86.8,3.9,4.66,AVERAGE,,,
S1301,Ali,67.4,72.06,63.82,60.4,3.96,AVERAGE,,,
S1302,John,82.87,97.24,93.63,64.3,5.14,GOOD,,,
S1303,Emma,50.78,46.79,84.41,29.5,1.3,AT RISK,,,
S1304,Sara,53.22,52.46,67.29,99.2,2.18,AVERAGE,,,
S1305,Ahmed,54.98,97.75,71.37,29.1,3.84,AVERAGE,,,
S1306,Maria,70.95,97.44,86.34,21.7,5.4,AVERAGE,,,
S1307,Sara,90.74,50.63,60.58,48.4,5.06,AVERAGE,,,
S1308,Liam,94.41,48.71,73.44,32.3,4.4,AVERAGE,,,
S1309,Emma,62.24,65.27,82.68,92.4,3.88,GOOD,,,
S1310,Liam,78.72,42.98,76.97,44,4.16,AVERAGE,,,
S1311,Omar,88.42,79.29,80.42,41,2.06,AVERAGE,,,
S1312,Maria,64.44,44.65,77.31,62.6,3.98,AVERAGE,,,
S1313,Omar,70.45,43.48,59.96,8.1,3.46,AT RISK,,,
S1314,John,76.2,69.11,70.51,75.7,2.92,AVERAGE,,,
S1315,Liam,56.74,97.47,76.6,76.8,5.44,GOOD,,,
S1316,John,51.3,65.61,89,47.4,5.14,AVERAGE,,,
S1317,Ali,57.64,61.39,82.7,95.6,1.38,AVERAGE,,,
S1318,Omar,81.34,99.88,71.33,57.9,5.92,GOOD,,,
S1319,Emma,53.68,71.92,98.72,69.5,2.14,AVERAGE,,,
S1320,Liam,59.48,62.51,55.39,92.4,2.08,AVERAGE,,,
S1321,Ahmed,66.89,63.15,60.34,66.6,5.72,AVERAGE,,,
S1322,Maria,53.89,51.7,67.07,43.2,3.22,AVERAGE,,,
S1323,Sara,59.58,70.73,61.43,2.5,5.02,AT RISK,,,
S1324,Emma,95.56,66.33,81.27,72.8,2.44,GOOD,,,
S1325,Emma,50.96,56.25,51.98,96.5,5.36,AVERAGE,,,
S1326,John,82.67,49.63,58.87,47,5.16,AVERAGE,,,
S1327,Omar,69.22,58.67,64.67,34,3.6,AVERAGE,,,
S1328,Liam,83.63,70.52,84.17,51.9,4.52,AVERAGE,,,
S1329,Liam,79.43,43.5,93.79,72.8,5.82,AVERAGE,,,
S1330,Ali,61.17,49.22,89.92,0.1,3.26,AT RISK,,,
S1331,Ali,92.36,96.86,59.1,88.7,3.48,GOOD,,,
S1332,Maria,74.6,72.57,78.27,88.6,4.62,GOOD,,,
S1333,John,91.13,43.81,51.5,54.1,2.94,AVERAGE,,,
S1334,Emma,70.3,81.59,65.53,12.2,5.8,AVERAGE,,,
S1335,Liam,99.23,43.71,90.3,67.2,1.2,AVERAGE,,,
S1336,Ahmed,88.52,84.33,72.83,13.8,3.02,AVERAGE,,,
S1337,John,98.3,85,57.5,50.8,4.56,GOOD,,,
S1338,Maria,75.72,79.06,71.93,9.4,3.14,AVERAGE,,,
S1339,Maria,73.68,83.93,59.9,58.9,2.3,AVERAGE,,,
S1340,John,87.77,45.28,69.66,31.8,3.06,AVERAGE,,,
S1341,Maria,94.01,83.61,74.39,83.1,5.4,GOOD,,,
S1342,John,98.21,48.2,67.48,80,3.74,AVERAGE,,,
S1343,Sara,66.23,60.37,96.85,99.8,2.68,GOOD,,,
S1344,John,89.94,96.56,78.13,25.8,4.36,AVERAGE,,,
S1345,Omar,60.53,70.17,92.14,6.2,4.06,AVERAGE,,,
S1346,John,77.28,98.05,88.04,44.3,3.8,GOOD,,,
S1347,Maria,58.99,45.34,83.06,8.3,2.96,AT RISK,,,
S1348,Liam,67.37,68.65,74.84,17.8,1.36,AT RISK,,,
S1349,Omar,96.57,43.74,50.11,59.7,4.1,AVERAGE,,,
S1350,Maria,57.3,77.81,80.67,59.2,3.1,AVERAGE,,,
S1351,Ali,81.62,44.72,67.8,4.3,3.14,AT RISK,,,
S1352,Ali,79.65,50.52,55.89,44.3,2.18,AVERAGE,,,
S1353,Liam,56.04,55.53,72.23,53,2.24,AVERAGE,,,
S1354,Liam,66.3,84.92,86.78,26.8,4.94,AVERAGE,,,
S1355,Omar,78.15,49.84,98.08,87.2,3.4,GOOD,,,
S1356,Sara,59.36,90.8,68.71,16.1,1.54,AVERAGE,,,
S1357,Liam,90.03,47.91,77.14,25.4,1.22,AVERAGE,,,
S1358,Ali,98.61,42.11,92.56,15.7,2.12,AVERAGE,,,
S1359,John,60.74,63.7,66.7,11.7,3.44,AT RISK,,,
S1360,Maria,59.35,98.77,57.11,87.9,4.08,GOOD,,,
S1361,Ali,72.75,46.62,64.09,27.8,1.72,AT RISK,,,
S1362,Ali,87.39,46.1,94.96,72.3,3.16,AVERAGE,,,
S1363,Sara,64.08,85.07,57.97,42.8,1.36,AVERAGE,,,
S1364,Omar,50.99,58.73,66.46,63.6,1.18,AVERAGE,,,
S1365,Omar,77.06,83.04,73.23,92.8,5.32,GOOD,,,
S1366,Emma,97.83,52,92.36,84.5,4.3,GOOD,,,
S1367,Sara,69.56,67.6,96.89,6.9,4.9,AVERAGE,,,
S1368,John,71.01,55.92,71.29,84.5,1.9,AVERAGE,,,
S1369,Omar,98.45,67.09,96.6,45.2,2.62,AVERAGE,,,
S1370,Maria,84.73,86.15,58.07,35,3.22,AVERAGE,,,
S1371,Liam,85.96,85.72,57.84,67.2,4.3,GOOD,,,
S1372,Sara,78.14,70.95,97.46,95,3.68,GOOD,,,
S1373,Liam,98.73,95.7,75.48,9.4,3.76,AVERAGE,,,
S1374,Ali,84.44,55.83,59.3,76.8,1.78,AVERAGE,,,
S1375,Maria,94.75,54.42,74.4,20.4,3.38,AVERAGE,,,
S1376,Maria,84.97,76.83,89.16,38,5.12,AVERAGE,,,
S1377,Ali,86.76,77.28,91.35,87.4,3.54,GOOD,,,
S1378,Sara,64.52,42.79,93.2,54.6,2,AVERAGE,,,
S1379,Ali,65.17,76.47,78.48,6.7,3.06,AVERAGE,,,
S1380,Liam,89.15,62.47,93.35,50.8,4.78,AVERAGE,,,
S1381,Emma,64.84,84.85,75.5,79,1.68,AVERAGE,,,
S1382,Maria,78.14,88.49,80.35,52.9,3.9,GOOD,,,
S1383,Ahmed,62.47,73.13,87.94,16.7,5.82,AVERAGE,,,
S1384,Ahmed,90.85,40.1,71.27,44.5,2.9,AVERAGE,,,
S1385,Liam,55.53,78.18,53.68,92.4,1.22,AVERAGE,,,
S1386,John,91.47,84.93,67.51,65.8,4.16,GOOD,,,
S1387,Omar,80.14,54.94,81.2,73,1.24,AVERAGE,,,
S1388,Ali,59.35,67.88,59.62,78.6,1.96,AVERAGE,,,
S1389,Ali,77.1,97.94,57.42,9.1,1.24,AVERAGE,,,
S1390,John,64.12,57.89,64.65,58.2,1.86,AVERAGE,,,
S1391,John,66.17,53.39,51.61,37.6,5.28,AVERAGE,,,
S1392,Liam,67.58,52.65,87.17,13.9,4.68,AVERAGE,,,
S1393,Liam,53.17,73.53,62.94,20.3,2.7,AT RISK,,,
S1394,John,99.3,96.99,56.21,78.1,5.48,GOOD,,,
S1395,Maria,51.58,76.52,84.96,16.1,4.32,AVERAGE,,,
S1396,Liam,83.12,58.2,92.15,31.2,3.24,AVERAGE,,,
S1397,Emma,68.56,78.31,50.99,28.5,1.34,AVERAGE,,,
S1398,Liam,82.3,77.49,61.68,4.9,4.66,AVERAGE,,,
S1399,Ali,67.81,75.82,97.26,46.2,2.88,AVERAGE,,,
S1400,Liam,83.69,49.57,69.26,76.6,2.52,AVERAGE,,,
S1401,Maria,86.46,78.07,96.93,2.2,2.44,AVERAGE,,,
S1402,John,84.53,65.81,63.71,11.3,1.04,AT RISK,,,
S1403,Ali,55.7,41.12,60.9,72,4.72,AVERAGE,,,
S1404,Liam,82.84,72.39,60.71,59.4,1.72,AVERAGE,,,
S1405,Maria,64,99.36,54.26,71.5,3.6,GOOD,,,
S1406,Emma,51.44,60.98,94.82,23,1.08,AT RISK,,,
S1407,Liam,70.74,97.93,98.99,80.4,4.14,GOOD,,,
S1408,Maria,71.68,45.77,97.73,48,2.84,AVERAGE,,,
S1409,Emma,73.36,83.95,92.6,61,4.16,GOOD,,,
S1410,John,85.24,46.86,92.34,9.2,1.44,AT RISK,,,
S1411,Liam,65.44,56.41,83.05,20.5,2.34,AT RISK,,,
S1412,Emma,65.76,74.25,91.31,77.3,1.56,AVERAGE,,,
S1413,Ali,53.03,75.57,60.42,22.4,4.24,AVERAGE,,,
S1414,John,84.34,86.51,69.4,9.3,1.54,AVERAGE,,,
S1415,Ali,78.39,76.92,82.04,59.7,4.08,AVERAGE,,,
S1416,Ahmed,67.47,75.62,93.74,54.8,1.68,AVERAGE,,,
S1417,Sara,85.26,94.74,83.02,60.8,5.72,GOOD,,,
S1418,Liam,76.87,67.13,91.95,61.8,3.08,AVERAGE,,,
S1419,Emma,73.46,53.52,73.7,50,1.64,AVERAGE,,,
S1420,Sara,75.57,49.71,85.87,49.4,1.2,AVERAGE,,,
S1421,Sara,81.82,64,99,92.4,2.64,GOOD,,,
S1422,Emma,83,82.77,57.67,53.4,5.46,AVERAGE,,,
S1423,John,64.45,42.55,96.35,61.7,1.72,AVERAGE,,,
S1424,Liam,57.04,47.74,76.12,26.7,4.96,AVERAGE,,,
S1425,Ahmed,57.83,46.37,82.16,87.1,3.08,AVERAGE,,,
S1426,Ali,81.97,75.12,93.89,2.4,5.02,AVERAGE,,,
S1427,Maria,93.64,54.57,70.48,55.7,5.38,AVERAGE,,,
S1428,Ali,70.47,49.98,70.93,38.4,5.98,AVERAGE,,,
S1429,Maria,58.48,75.57,76.36,60.4,1.34,AVERAGE,,,
S1430,Ali,87.83,85.68,50.96,36,4.98,AVERAGE,,,
S1431,Emma,91.62,59.93,74.83,71.8,1.34,AVERAGE,,,
S1432,Ahmed,94.03,74.69,64.55,2,2.58,AVERAGE,,,
S1433,Liam,80.34,45.89,96.4,40.6,4.24,AVERAGE,,,
S1434,Maria,93.04,96.11,54.39,83.1,3.24,GOOD,,,
S1435,Liam,50.77,60.21,72.97,25,3.82,AT RISK,,,
S1436,Liam,55.36,99.85,97.37,5.3,5.84,AVERAGE,,,
S1437,Liam,54.63,98.72,95.05,49.7,5.1,GOOD,,,
S1438,Omar,85.63,86.73,85.07,97.7,2.82,GOOD,,,
S1439,John,53.48,41.2,79.47,6.4,4,AT RISK,,,
S1440,Ali,74.82,72.61,64.04,7,1.24,AT RISK,,,
S1441,Liam,73.64,45.21,68.35,59.5,3.26,AVERAGE,,,
S1442,Ali,65.54,93.71,54.51,25,4.04,AVERAGE,,,
S1443,Liam,93.52,87.38,89.31,41,4.58,GOOD,,,
S1444,Maria,58.52,98.34,66.19,83.1,5.5,GOOD,,,
S1445,John,67.62,76.5,83.39,19.9,2.42,AVERAGE,,,
S1446,John,88.71,71.33,67.88,71.9,5.52,GOOD,,,
S1447,Emma,51.52,71.14,73.22,50.4,4.3,AVERAGE,,,
S1448,Omar,83.65,63.19,77.75,90.5,1.38,AVERAGE,,,
S1449,Emma,90.82,68.12,90.09,97.3,2.9,GOOD,,,
S1450,Emma,96.61,78.12,60.56,48.5,3.38,AVERAGE,,,
S1451,Emma,93.81,95.98,69.94,58.5,2.76,GOOD,,,
S1452,Emma,65.97,75.75,56.5,74.6,1.58,AVERAGE,,,
S1453,Emma,79.32,91.43,53.79,31.9,3.76,AVERAGE,,,
S1454,Ahmed,53.86,91.77,80.23,22.7,1.66,AVERAGE,,,
S1455,John,62.89,71.13,59.45,96.5,5.58,GOOD,,,
S1456,Emma,54.71,60.85,52.99,43.3,5.32,AVERAGE,,,
S1457,Liam,65.76,78.37,94.85,0.2,3.38,AVERAGE,,,
S1458,John,93.76,66.75,76.72,83.8,1.34,GOOD,,,
S1459,John,67.36,44.89,56.73,60,3.76,AVERAGE,,,
S1460,Sara,78.09,62.67,52.67,16.9,3.96,AVERAGE,,,
S1461,Ahmed,71.67,99.64,55.99,3,5.44,AVERAGE,,,
S1462,Emma,72.95,42.91,73.57,29.1,1.34,AT RISK,,,
S1463,Ali,98.48,81.8,83.42,92.8,4.46,GOOD,,,
S1464,Maria,64.81,90.47,82.06,93.3,3.82,GOOD,,,
S1465,Omar,81.37,78.92,57.22,31.1,1.88,AVERAGE,,,
S1466,Liam,71,74.18,81.67,83.6,1.6,AVERAGE,,,
S1467,Ali,53.06,82.45,70.24,44.2,4.46,AVERAGE,,,
S1468,Ahmed,74.47,65.76,73.24,65.4,2.7,AVERAGE,,,
S1469,Maria,90.67,45.48,90.07,33.4,6,AVERAGE,,,
S1470,Ahmed,54.94,97.74,66.62,51.6,5.48,AVERAGE,,,
S1471,Liam,53.48,65.94,57.35,29.4,3.82,AVERAGE,,,
S1472,John,57.68,79.92,93.67,6.1,4.2,AVERAGE,,,
S1473,Maria,88.22,71.88,60.61,13.9,1.8,AVERAGE,,,
S1474,John,86.2,43.28,64.7,29.1,5.48,AVERAGE,,,
S1475,Liam,78.25,97.16,85.33,97.6,3.3,GOOD,,,
S1476,Ali,73.41,87.55,84.18,96.6,3.6,GOOD,,,
S1477,Liam,94.42,48.95,90.02,82.8,5.36,GOOD,,,
S1478,Ali,88.33,98.9,59.19,23.3,1.04,AVERAGE,,,
S1479,Maria,90.6,84.21,67.61,44.2,3.48,AVERAGE,,,
S1480,Maria,90.66,68.34,56.29,44,4.14,AVERAGE,,,
S1481,Emma,82.14,76.68,77.05,38.7,1.8,AVERAGE,,,
S1482,Ahmed,72.9,46.4,64.63,4.5,1.34,AT RISK,,,
S1483,Emma,93.23,73.62,84.45,53.5,3.68,AVERAGE,,,
S1484,Ahmed,96.3,44.42,50.02,7.3,3.74,AT RISK,,,
S1485,Emma,51.19,72.69,52.98,80.2,2.66,AVERAGE,,,
S1486,John,52.58,73.16,71.63,69.1,5.42,AVERAGE,,,
S1487,Maria,97.94,92.47,97.91,35.3,2.5,GOOD,,,
S1488,Ali,63.86,83.5,94.54,64.7,3.58,GOOD,,,
S1489,Ahmed,93.67,54.97,99.7,23.3,1.94,AVERAGE,,,
S1490,Liam,69.44,93.31,70.84,26.5,1.06,AVERAGE,,,
S1491,Ahmed,55.96,74.39,52.33,31.4,3.14,AVERAGE,,,
S1492,Ali,54.02,76.38,65.3,79.7,3.64,AVERAGE,,,
S1493,Emma,57.83,50.14,83.79,21.1,4.82,AVERAGE,,,
S1494,Ahmed,62.49,91.47,56.76,56.3,3.24,AVERAGE,,,
S1495,Omar,74.43,95.86,65,20,2.4,AVERAGE,,,
S1496,John,85.07,86.5,52.81,28.5,4.02,AVERAGE,,,
S1497,Maria,99.32,96.45,73.75,23.5,2.9,AVERAGE,,,
S1498,Ali,72.08,58.14,60.45,64.5,2.16,AVERAGE,,,
S1499,Maria,75.91,91.67,54.56,52.7,5.56,AVERAGE,,,
S1500,Omar,76.09,69.33,70.56,72.1,3.68,AVERAGE,,,
S1501,Ahmed,76.97,49.84,67.56,22,2,AT RISK,,,
S1502,Ahmed,75.89,80.13,76.88,0.9,4.36,AVERAGE,,,
S1503,Liam,50.44,81.05,87.45,68.1,5.02,AVERAGE,,,
S1504,Omar,50.09,57.22,55.63,11.5,4.8,AT RISK,,,
S1505,Ali,54.88,41.65,89.56,24.6,4,AT RISK,,,
S1506,Liam,55.08,51.99,51.31,30.6,3.6,AT RISK,,,
S1507,John,85.24,63.99,72.16,74.7,4.88,GOOD,,,
S1508,Liam,60.25,50.05,79.37,62.6,4.54,AVERAGE,,,
S1509,Sara,94.74,51.64,97.85,18.4,3.86,AVERAGE,,,
S1510,Ali,96.43,63.48,78.7,59.8,4.28,AVERAGE,,,
S1511,Sara,98.79,97.71,57.94,70.8,1.84,GOOD,,,
S1512,Omar,96.95,85.85,75.88,38.9,1.1,AVERAGE,,,
S1513,Emma,63.59,59.18,69.79,24.6,5.66,AVERAGE,,,
S1514,Sara,75.49,97.1,73.97,67.9,5.68,GOOD,,,
S1515,John,58.77,78.74,59.85,61.1,4.94,AVERAGE,,,
S1516,Liam,90.31,67.33,75.04,7.8,2.86,AVERAGE,,,
S1517,Emma,94.42,68.1,57.5,66.7,1.76,AVERAGE,,,
S1518,Liam,92.56,64.64,87.2,48.9,2.78,AVERAGE,,,
S1519,Sara,71.67,53.98,79.7,75.3,4.64,AVERAGE,,,
S1520,Liam,87.93,63.2,53.93,19.1,2.68,AVERAGE,,,
S1521,Omar,54.88,71.67,94.48,25.8,4.98,AVERAGE,,,
S1522,Emma,52.01,71.68,80.82,54.3,4.36,AVERAGE,,,
S1523,Omar,87.66,85.7,65.81,48.2,4.14,AVERAGE,,,
S1524,Sara,71.27,61.53,52.28,38.6,5.66,AVERAGE,,,
S1525,Omar,99.78,83.01,81.61,74.6,5.46,GOOD,,,
S1526,John,54.86,74.69,68.67,56.5,4.56,AVERAGE,,,
S1527,Sara,92.78,97.71,95.38,71,2,GOOD,,,
S1528,Sara,74,63.12,51.74,15.3,5.7,AVERAGE,,,
S1529,Sara,91.36,94.07,51.96,72.9,2.14,GOOD,,,
S1530,Ali,90.86,89.24,97.46,46.2,2.86,GOOD,,,
S1531,Liam,95.8,78.26,98.24,3.4,5.14,AVERAGE,,,
S1532,Ali,64.89,79.27,51.39,23.4,2.04,AVERAGE,,,
S1533,Ali,97.49,45.08,85.8,2.6,4.2,AVERAGE,,,
S1534,John,57.58,97.01,61.07,45.7,3.28,AVERAGE,,,
S1535,Emma,54.1,46.42,85.07,32.6,4.12,AVERAGE,,,
S1536,Liam,71.58,73.79,93.44,98.7,5.8,GOOD,,,
S1537,Omar,91.42,59.8,55.04,86.9,5.04,GOOD,,,
S1538,Ahmed,73.67,65.79,61.94,82.6,2.48,AVERAGE,,,
S1539,Sara,91.46,76.61,51.2,50.1,1.28,AVERAGE,,,
S1540,Omar,86.48,94.53,52.19,80.7,5.84,GOOD,,,
S1541,Sara,60.47,67.45,51.48,26.7,3.92,AVERAGE,,,
S1542,John,97.44,99.26,90.03,56.1,1.86,GOOD,,,
S1543,Sara,53.04,75.57,64.91,39.3,4.14,AVERAGE,,,
S1544,Ali,94.91,49.63,74.66,17.1,1.22,AT RISK,,,
S1545,Liam,65.22,51.4,89.39,7.3,1.94,AT RISK,,,
S1546,Ahmed,75.01,82.97,74.75,55.8,4.16,AVERAGE,,,
S1547,Maria,71.12,43.02,71.46,9.8,3.02,AT RISK,,,
S1548,Sara,58.59,68.82,50.58,71.8,2.62,AVERAGE,,,
S1549,Omar,67.91,48.89,78.4,92.1,4.28,AVERAGE,,,
S1550,Ali,59.65,65.99,56.24,16.2,5.34,AVERAGE,,,
S1551,Maria,60.19,85,88.23,47.1,4.4,AVERAGE,,,
S1552,Ahmed,59.35,67.53,62.89,73.9,3.32,AVERAGE,,,
S1553,Maria,74.45,49.81,83.71,28.7,4.3,AVERAGE,,,
S1554,Ali,89.9,55.12,82.31,92.1,4.48,GOOD,,,
S1555,Liam,78.45,62.05,80.83,88.8,4.88,GOOD,,,
S1556,Liam,94.66,44.17,63.35,10.4,2.54,AT RISK,,,
S1557,Emma,81.83,75.06,63.35,2.7,1.58,AT RISK,,,
S1558,Liam,84.47,76.45,93.15,97.6,4.4,GOOD,,,
S1559,Emma,83.38,43.73,50.64,95.6,1.6,AVERAGE,,,
S1560,Maria,72.47,64.14,59.08,42.2,3.32,AVERAGE,,,
S1561,John,84.47,64.84,80.51,5.1,2.16,AVERAGE,,,
S1562,Omar,53.49,60.03,90.85,61.9,2.66,AVERAGE,,,
S1563,Omar,92.99,73.46,67.92,29.3,3.36,AVERAGE,,,
S1564,Maria,88.89,60.76,82.67,93.7,5.48,GOOD,,,
S1565,Sara,62.26,64.98,77.86,79.5,4.4,AVERAGE,,,
S1566,Sara,88.4,87.85,53.23,65,1.86,AVERAGE,,,
S1567,Liam,50.63,49.73,81.09,28.5,5.4,AVERAGE,,,
S1568,Omar,60.86,77.15,90.7,70.1,3.5,AVERAGE,,,
S1569,Omar,53.26,70.34,99.62,28.9,2.02,AVERAGE,,,
S1570,Emma,89.01,58.3,51.48,3.8,3.64,AT RISK,,,
S1571,John,87.79,83.65,83,50.8,1.96,AVERAGE,,,
S1572,Ali,90.68,73.07,70.73,48.9,2.84,AVERAGE,,,
S1573,Sara,50.22,68.64,50.49,76.3,5.02,AVERAGE,,,
S1574,Omar,75.06,80.06,80.72,86.6,4.3,GOOD,,,
S1575,Emma,85.24,88.14,56.12,35.4,3.38,AVERAGE,,,
S1576,Ahmed,57.77,98.36,68.93,44.9,2.14,AVERAGE,,,
S1577,Emma,82.49,77.76,63.07,47,2.42,AVERAGE,,,
S1578,Sara,54.21,92.47,68.06,32.4,5.9,AVERAGE,,,
S1579,Sara,59.07,40.07,74.63,74.3,2.72,AVERAGE,,,
S1580,Emma,73.79,71.81,67.96,52.2,4.08,AVERAGE,,,
S1581,Ali,82.68,52.88,77.64,91.4,3.5,GOOD,,,
S1582,Maria,57.29,45.65,61.93,65,1.12,AVERAGE,,,
S1583,Sara,59.26,71.92,81.77,21.2,5.72,AVERAGE,,,
S1584,Emma,60.22,84.81,92.69,16.5,1.44,AVERAGE,,,
S1585,Omar,61.94,64.74,61.2,37.2,4.3,AVERAGE,,,
S1586,Emma,61.33,80.21,75.39,34.7,5.06,AVERAGE,,,
S1587,John,69.76,69.38,82.43,40.7,4.74,AVERAGE,,,
S1588,Maria,82.69,66.23,78.23,18.4,5.04,AVERAGE,,,
S1589,Ahmed,71.9,57.42,68.28,97.8,4.7,GOOD,,,
S1590,Ali,88.8,62.96,82.11,14.6,3.22,AVERAGE,,,
S1591,Liam,85.96,60.99,51.41,65.3,5.48,AVERAGE,,,
S1592,Ahmed,56.33,78.77,68.5,1.3,5.56,AVERAGE,,,
S1593,Maria,52.44,46.96,76.63,40.7,3.18,AT RISK,,,
S1594,Maria,93.9,45.56,51.03,30.9,3.42,AVERAGE,,,
S1595,Maria,53.99,79.6,75.38,38.2,3.42,AVERAGE,,,
S1596,Ahmed,57.42,72.78,82.71,49.8,2.4,AVERAGE,,,
S1597,Omar,51.11,65.81,87.96,60,1.58,AVERAGE,,,
S1598,Maria,81.42,49.15,55.67,58.4,2.3,AVERAGE,,,
S1599,Emma,79.12,64.66,99.53,63.1,5.22,GOOD,,,
S1600,Ahmed,99.35,87.38,80.31,84.5,3.72,GOOD,,,
S1601,Liam,94.35,93.38,68.16,88.7,5.26,GOOD,,,
S1602,Maria,70.54,82.15,62.45,73.7,4.72,GOOD,,,
S1603,Emma,68.58,43.59,78.64,7.9,2.74,AT RISK,,,
S1604,Omar,64.84,80.22,94.09,96.1,1.92,GOOD,,,
S1605,John,57.62,54.46,76.03,94.7,3.84,AVERAGE,,,
S1606,Omar,56.9,58.92,83.07,71.2,5.68,AVERAGE,,,
S1607,Liam,56.61,51.75,67.88,51.7,5.2,AVERAGE,,,
S1608,Maria,55.71,86.55,69.41,25.1,4.82,AVERAGE,,,
S1609,Liam,62.03,78.92,64.31,75.6,4.82,AVERAGE,,,
S1610,Ahmed,65.33,76.71,85.28,87.8,3.64,GOOD,,,
S1611,Sara,98.08,80.08,67.96,66.5,1.84,AVERAGE,,,
S1612,Maria,78.92,54.21,59.54,62.9,2.42,AVERAGE,,,
S1613,Sara,99.38,66.68,68.47,19.3,3.88,AVERAGE,,,
S1614,Emma,68.62,78,92.69,35.8,2.58,AVERAGE,,,
S1615,John,72.88,78.2,86.91,72.3,4.9,GOOD,,,
S1616,Ali,66.23,87.51,66.73,1.7,2.86,AVERAGE,,,
S1617,Liam,59.14,57.23,95.34,64.1,1.56,AVERAGE,,,
S1618,Omar,57.16,86.22,53.74,76.7,4.92,AVERAGE,,,
S1619,John,97.25,66.41,52.49,33.5,4.5,AVERAGE,,,
S1620,Maria,99.34,80.21,56.37,7.6,2.26,AVERAGE,,,
S1621,Sara,52.25,67.34,55.82,81.9,5.9,AVERAGE,,,
S1622,Omar,57.52,96.92,54.39,14.2,3.02,AVERAGE,,,
S1623,Sara,71.18,50.76,83.07,37.1,4.4,AVERAGE,,,
S1624,Ahmed,59.32,80.5,80.04,70.7,5.56,GOOD,,,
S1625,Sara,68.19,74.59,82.38,81.7,1.78,AVERAGE,,,
S1626,Ahmed,56.45,50.36,84.42,86.2,5.4,AVERAGE,,,
S1627,Emma,72.83,43.96,87.84,53,4.52,AVERAGE,,,
S1628,Omar,63.58,87.95,60.36,47.6,1.84,AVERAGE,,,
S1629,Omar,67.6,49.45,81.12,84.8,4.32,AVERAGE,,,
S1630,Ali,54.72,51.19,79,56.3,5.38,AVERAGE,,,
S1631,Maria,71.41,98.71,97.18,57.9,5,GOOD,,,
S1632,Ahmed,99.16,83.04,61.62,43.4,4.8,AVERAGE,,,
S1633,Ali,66.44,55.03,52.94,37.3,1.8,AT RISK,,,
S1634,Sara,93.82,75.46,82.67,48.1,1.96,AVERAGE,,,
S1635,Sara,92.16,72.05,87.01,36.5,3.74,AVERAGE,,,
S1636,Ali,97.6,90.67,64.16,34.4,3.9,AVERAGE,,,
S1637,Omar,89.51,83.76,78.54,99.4,5.72,EXCELLENT,,,
S1638,Sara,82.98,89.9,52.98,33.6,3.34,AVERAGE,,,
S1639,Liam,92.83,52.69,98,25.6,2.52,AVERAGE,,,
S1640,Emma,53.78,78.41,55.5,35.4,1.96,AVERAGE,,,
S1641,Emma,73.14,42.41,53.38,59.1,1.28,AVERAGE,,,
S1642,Liam,99.46,44.14,52.21,91.1,1.34,AVERAGE,,,
S1643,Ali,88.48,82.81,71.36,78.8,3.88,GOOD,,,
S1644,Liam,98.1,41.47,54.86,84.2,1.88,AVERAGE,,,
S1645,Ahmed,88.98,74.79,87.23,85.9,5.26,GOOD,,,
S1646,Ahmed,93.74,90.42,94.94,92.1,3.98,EXCELLENT,,,
S1647,Ali,85.33,62.8,63.01,23.5,5.32,AVERAGE,,,
S1648,Liam,88.03,42.69,81.44,45.8,3.14,AVERAGE,,,
S1649,Ahmed,76.16,82.83,52.12,38.5,3.98,AVERAGE,,,
S1650,Omar,96.21,95.78,69.33,38.2,3.62,AVERAGE,,,
S1651,Liam,91.25,83.03,64.65,65.2,5.94,GOOD,,,
S1652,Omar,92.19,74.71,61.43,40.2,4.98,AVERAGE,,,
S1653,Ahmed,83.65,53.8,82.24,61.6,3.98,AVERAGE,,,
S1654,Emma,65.23,40.92,56.51,38.2,4.04,AT RISK,,,
S1655,Ahmed,51.78,81.68,93.04,31.1,2.24,AVERAGE,,,
S1656,Omar,96.78,53.86,83.24,35.3,4.68,AVERAGE,,,
S1657,John,79.31,91.49,85.54,80.4,5.92,GOOD,,,
S1658,Maria,64.91,67.98,96.77,60.1,1.64,AVERAGE,,,
S1659,Sara,57.46,71.84,97.12,97.4,4.18,GOOD,,,
S1660,Liam,91.48,85.24,77.58,83.3,3.58,GOOD,,,
S1661,John,91.83,86.77,74.77,48.6,5.26,GOOD,,,
S1662,Ahmed,90.73,78.56,66.77,24.2,1,AVERAGE,,,
S1663,Emma,82.25,96.31,85.78,67.4,1.68,GOOD,,,
S1664,Ali,68.3,98.94,76.91,72.7,1.18,GOOD,,,
S1665,Ahmed,65.2,96.81,96.64,46.4,1.82,AVERAGE,,,
S1666,Emma,50.43,89.45,61.93,23,4.54,AVERAGE,,,
S1667,Maria,91.68,82.34,65.51,55.7,1.7,AVERAGE,,,
S1668,Ahmed,54.37,79.8,65.8,25.4,4.12,AVERAGE,,,
S1669,Omar,81.54,46.23,90.3,94,5.34,GOOD,,,
S1670,Ali,75.2,56.29,54.95,62.9,1.18,AVERAGE,,,
S1671,Emma,76.33,40.34,72.78,29.2,1.14,AT RISK,,,
S1672,Emma,96.34,48.24,71.38,21.6,5.94,AVERAGE,,,
S1673,Emma,51.58,66.35,53.66,71.7,4.36,AVERAGE,,,
S1674,Maria,88.67,48.79,70.54,70.8,1.7,AVERAGE,,,
S1675,Ahmed,52.6,94.1,75.67,59.7,2.54,AVERAGE,,,
S1676,Maria,51.91,88.34,53.26,61.4,5.92,AVERAGE,,,
S1677,Liam,71.49,44.3,75.49,60.4,2.14,AVERAGE,,,
S1678,Sara,53.15,54.93,97.96,36,4.76,AVERAGE,,,
S1679,Sara,89.46,89.14,98.95,93.7,2.2,GOOD,,,
S1680,Liam,76.48,88.18,76.58,47.9,3,AVERAGE,,,
S1681,Ahmed,51.45,96.73,75.75,2,5.4,AVERAGE,,,
S1682,Omar,52.03,99.85,64.28,34.8,1.14,AVERAGE,,,
S1683,Maria,80.63,98.58,99.86,13,2.54,AVERAGE,,,
S1684,Ali,90.31,64.61,63.71,36.3,3.44,AVERAGE,,,
S1685,Emma,71.89,55.02,72.65,60.8,4.12,AVERAGE,,,
S1686,Emma,77.73,85.5,50.15,2.3,1.14,AT RISK,,,
S1687,Ahmed,89.99,57.96,67.46,87,3.06,GOOD,,,
S1688,Omar,80.53,88.38,53.57,61,2.72,AVERAGE,,,
S1689,Sara,61.24,72.04,87.19,29.5,1.14,AVERAGE,,,
S1690,Sara,80.65,87.64,78.05,31.1,2.78,AVERAGE,,,
S1691,Emma,81.41,56.55,78.61,46.6,5.66,AVERAGE,,,
S1692,Ahmed,86.71,70.48,64.33,24.8,2.38,AVERAGE,,,
S1693,Maria,81.04,73.84,90.74,0.4,3.92,AVERAGE,,,
S1694,Sara,98.46,96.59,50.16,2.7,2.5,AVERAGE,,,
S1695,Maria,59.86,56,66.68,35.8,1.54,AT RISK,,,
S1696,Omar,97.55,96.2,82.97,12.4,2.44,AVERAGE,,,
S1697,Sara,76.92,88.29,95.4,2.2,3.36,AVERAGE,,,
S1698,Sara,83.6,83.85,61.73,85.9,2.48,GOOD,,,
S1699,John,54.97,87.21,77.06,27.4,4.12,AVERAGE,,,
S1700,Sara,69.03,76.33,76.9,50.3,5.74,AVERAGE,,,
S1701,Liam,88.47,54.64,93.71,17.9,1.34,AVERAGE,,,
S1702,Ali,85.35,51.37,52.53,4.7,4.58,AT RISK,,,
S1703,Liam,52.01,91.98,71.22,74.5,1,AVERAGE,,,
S1704,Ahmed,77.33,83.51,59.12,12.5,1,AVERAGE,,,
S1705,Ahmed,54.41,52.79,51.08,2.6,1.66,AT RISK,,,
S1706,Maria,99.79,76.91,57.35,58.7,3.4,AVERAGE,,,
S1707,Liam,94.86,66.85,98.82,1.3,1.24,AVERAGE,,,
S1708,Liam,51.05,49.52,60.74,43.6,4.62,AVERAGE,,,
S1709,Liam,92.93,71.91,96.75,28.9,1.14,AVERAGE,,,
S1710,Omar,95.97,56.89,60.26,31.9,3.48,AVERAGE,,,
S1711,Sara,67.68,45.77,96.56,0.4,4.38,AT RISK,,,
S1712,Ali,85.98,68.02,82.73,96.4,2.18,GOOD,,,
S1713,Maria,72.11,75.41,55.66,51.7,3.9,AVERAGE,,,
S1714,Liam,82.76,42.81,79.1,57.3,2.3,AVERAGE,,,
S1715,Liam,67.02,64.13,65.93,66.6,2.08,AVERAGE,,,
S1716,John,66.13,55.46,69.16,79.8,5.1,AVERAGE,,,
S1717,Maria,71.22,41.84,72.01,60.8,2.66,AVERAGE,,,
S1718,Liam,57.28,47.54,71.14,76.2,5.06,AVERAGE,,,
S1719,Maria,91.56,48.34,83.21,44.9,2.08,AVERAGE,,,
S1720,Sara,67.43,50.97,88.42,37.1,2.78,AVERAGE,,,
S1721,John,70.01,88.2,66.46,82.3,1.52,AVERAGE,,,
S1722,Maria,94.7,66.37,96.22,86.5,3.48,GOOD,,,
S1723,Ali,74.83,48.83,96.92,13.8,2.9,AVERAGE,,,
S1724,Ali,77.21,46.02,52.03,54.3,1.02,AVERAGE,,,
S1725,Ahmed,97.82,57.88,50.75,68.4,3.32,AVERAGE,,,
S1726,John,94.34,87.88,71.25,8.4,1.38,AVERAGE,,,
S1727,John,58.47,61.87,79.53,93,5.18,GOOD,,,
S1728,Ahmed,73.66,49.59,63.9,52,3.46,AVERAGE,,,
S1729,Maria,98.56,64.25,62.97,64.5,4.46,AVERAGE,,,
S1730,John,68.62,73.32,83.92,17.8,5.1,AVERAGE,,,
S1731,Ali,68.58,41.78,80.09,26.4,1.26,AT RISK,,,
S1732,Ali,59.75,77.66,58.36,12.1,2.68,AT RISK,,,
S1733,Liam,55.72,63.71,94.23,26.4,1.12,AT RISK,,,
S1734,Sara,87.02,40.58,84,49.2,1.24,AVERAGE,,,
S1735,John,88.5,80.43,68.13,83.4,1.18,GOOD,,,
S1736,Maria,98.45,82.74,84.18,53.4,3.38,GOOD,,,
S1737,Ahmed,88.67,77.73,55.63,24.4,3.26,AVERAGE,,,
S1738,Ahmed,62.17,60.52,73.41,4.5,1.3,AT RISK,,,
S1739,Maria,52.01,71.78,58.45,62.2,2.32,AVERAGE,,,
S1740,Omar,99.27,63.23,52.07,42,2.22,AVERAGE,,,
S1741,Emma,67.02,82.04,66.92,98.4,2.48,GOOD,,,
S1742,Sara,65.6,75.01,57.54,78,4.2,AVERAGE,,,
S1743,Ahmed,95.3,44.91,81.68,80.8,4.48,GOOD,,,
S1744,John,79.25,78.59,83.7,1.2,2.7,AVERAGE,,,
S1745,Sara,60.74,81.23,57.43,77.8,4.94,AVERAGE,,,
S1746,John,94.45,62.24,51.23,19.5,3.08,AVERAGE,,,
S1747,Omar,99.67,92.55,89.64,58.6,3.62,GOOD,,,
S1748,Ali,54.33,90.58,50.1,44.7,1.72,AVERAGE,,,
S1749,Sara,93.11,50.51,67.2,57.2,2.16,AVERAGE,,,
S1750,Liam,69.53,94.26,74.73,13.3,4.64,AVERAGE,,,
S1751,Ahmed,76.2,66.45,90.93,45.7,5.88,AVERAGE,,,
S1752,Sara,95.74,83.42,91.93,3.7,4.52,AVERAGE,,,
S1753,Sara,98.67,88.85,86.25,4.1,1.28,AVERAGE,,,
S1754,Sara,63.11,70.31,62.36,65.8,1.72,AVERAGE,,,
S1755,Emma,60.64,63.95,86.01,95.2,3.22,GOOD,,,
S1756,Sara,54.03,94.93,62.33,77.7,4.66,GOOD,,,
S1757,John,78.09,53.85,60.73,46.9,1.82,AVERAGE,,,
S1758,Ali,50.68,55.42,77.36,5.6,4.76,AT RISK,,,
S1759,Omar,70.59,61.7,83.94,4.5,3.78,AVERAGE,,,
S1760,Maria,53.67,91.57,52.65,15.8,4.88,AVERAGE,,,
S1761,Sara,70.26,96.33,53,97.6,3.78,GOOD,,,
S1762,Ahmed,52,53.2,89.21,39.9,4.02,AVERAGE,,,
S1763,Sara,91.76,91.83,92.97,84.3,2.24,GOOD,,,
S1764,Ahmed,60.49,55.49,80.22,70.5,4.6,AVERAGE,,,
S1765,John,66.42,98.24,71.44,60.5,5.22,GOOD,,,
S1766,Ahmed,93.5,75.84,92.27,94.8,5.36,EXCELLENT,,,
S1767,Liam,87.31,40.43,86.44,23,1.14,AT RISK,,,
S1768,Maria,60.95,42.05,78.98,45.5,4.12,AVERAGE,,,
S1769,Ali,53.59,48.85,65.99,86.5,5.94,AVERAGE,,,
S1770,Ahmed,85.78,51.25,59.9,55.2,3.94,AVERAGE,,,
S1771,Ahmed,69.54,86.06,70.93,24.6,1.86,AVERAGE,,,
S1772,Ali,88.3,53.37,64.34,20.9,5.38,AVERAGE,,,
S1773,Maria,72.26,98.15,66.96,75.3,2.32,GOOD,,,
S1774,Sara,67.3,78.17,75.78,1.3,1.22,AT RISK,,,
S1775,Ahmed,72.56,81.55,58.45,91.4,3.16,GOOD,,,
S1776,Ali,87.43,53.07,90.31,1.8,1.5,AT RISK,,,
S1777,Liam,95.11,93.56,57.28,63.1,1.58,AVERAGE,,,
S1778,Liam,52.49,80.07,74.05,60.5,3.32,AVERAGE,,,
S1779,John,76.21,91.86,87.3,57.8,4.06,GOOD,,,
S1780,Ali,51.64,97.39,74.25,47.4,5.52,AVERAGE,,,
S1781,John,73.42,47.54,68.05,85.2,4.52,AVERAGE,,,
S1782,Liam,94.26,45.8,73.74,65.9,5.22,AVERAGE,,,
S1783,Maria,68.08,88.2,92.43,78.2,3.06,GOOD,,,
S1784,Sara,96.62,91.97,99.52,11.6,2.6,AVERAGE,,,
S1785,Ali,81.53,75.03,81.56,5,3.96,AVERAGE,,,
S1786,Omar,96.71,61.96,89.67,2.9,4.48,AVERAGE,,,
S1787,Liam,87.86,79.16,50.72,14.7,3.84,AVERAGE,,,
S1788,Liam,55.17,58.34,94.02,66.7,2.32,AVERAGE,,,
S1789,Omar,61.56,54.3,97.7,49.4,2.84,AVERAGE,,,
S1790,Emma,69.71,69.29,78.76,75.2,3.24,AVERAGE,,,
S1791,Liam,58.51,52.97,87.69,19.2,1.08,AT RISK,,,
S1792,Ahmed,74.75,69.02,75.64,36.7,5.4,AVERAGE,,,
S1793,Maria,73.57,97.4,64.31,88.8,3.56,GOOD,,,
S1794,Ali,97.81,90.39,92.61,93.6,4.76,EXCELLENT,,,
S1795,Omar,71.69,96.5,79.84,92.2,1.86,GOOD,,,
S1796,Ahmed,89.28,88.38,78.97,81.8,3.78,GOOD,,,
S1797,Omar,97.1,61.29,82.96,68.8,5.64,GOOD,,,
S1798,Ali,93.85,88.72,92.8,91.4,2.08,GOOD,,,
S1799,John,60.43,95.37,86.6,71.4,2.72,GOOD,,,
S1800,Ali,74.8,96.82,60.56,95.4,2.94,GOOD,,,
S1801,Emma,67.39,80.99,73.34,2.5,2.92,AVERAGE,,,
S1802,Ali,69.99,52.68,99.01,92.2,4,GOOD,,,
S1803,Ali,68.04,42.38,77.73,55.6,2.96,AVERAGE,,,
S1804,Emma,91.32,48.83,96.91,11.2,4.38,AVERAGE,,,
S1805,Maria,72.61,97.93,90.67,21.5,3.42,AVERAGE,,,
S1806,Liam,76.18,67.73,83.3,85.2,1.78,AVERAGE,,,
S1807,Ali,99.12,91.3,67.47,50.6,5.74,GOOD,,,
S1808,Emma,53,67.9,65.22,98.3,2.2,AVERAGE,,,
S1809,Ahmed,74.4,79.65,82.17,11.8,3.82,AVERAGE,,,
S1810,John,88.7,41.45,71.63,41.3,1.3,AVERAGE,,,
S1811,John,57.56,54.99,89.94,33.2,5.6,AVERAGE,,,
S1812,Ali,80.58,66.18,88.02,51.6,5.64,AVERAGE,,,
S1813,Maria,61.97,77.84,65.61,63.3,2.82,AVERAGE,,,
S1814,Maria,93.37,50.29,85.14,66.2,1.6,AVERAGE,,,
S1815,Ahmed,66.35,85.87,74.73,0.1,4.84,AVERAGE,,,
S1816,Ali,66.45,61.86,66.16,8.9,2.32,AT RISK,,,
S1817,John,79.91,89.05,70.65,3.5,4.5,AVERAGE,,,
S1818,Maria,59.18,45.88,94.77,86.5,5.58,AVERAGE,,,
S1819,Ali,64.24,80.79,67.98,31.3,3.96,AVERAGE,,,
S1820,Omar,70.83,57.6,64.37,36.7,5.3,AVERAGE,,,
S1821,Maria,67.68,87.72,67.59,45,2.12,AVERAGE,,,
S1822,Emma,76.24,64.13,60.73,84.9,5.56,GOOD,,,
S1823,Omar,79.98,79.92,77.23,1.4,2.14,AVERAGE,,,
S1824,Liam,78.33,96.06,57.37,11.9,2.12,AVERAGE,,,
S1825,Maria,82.71,41.24,90.87,68.5,5.4,AVERAGE,,,
S1826,John,65.39,40.67,61.28,96.4,3.78,AVERAGE,,,
S1827,Sara,56.32,86.22,79.9,64.3,5,GOOD,,,
S1828,Omar,88.04,78.78,56.25,26.1,5.02,AVERAGE,,,
S1829,Liam,92.54,57.58,98.92,52,4.24,AVERAGE,,,
S1830,Ahmed,62.85,69.66,72.73,97.5,1.94,AVERAGE,,,
S1831,Ahmed,70.35,42.52,91.11,52.8,4.46,AVERAGE,,,
S1832,John,74.93,51.55,88.43,37.4,1.32,AVERAGE,,,
S1833,Maria,76.67,65.47,85.68,38.3,2,AVERAGE,,,
S1834,Ali,82.97,90.04,91.37,96.7,4.22,GOOD,,,
S1835,Maria,52.08,68.78,55.02,71.9,5.54,AVERAGE,,,
S1836,John,86.07,75.18,83.92,68.7,4.86,GOOD,,,
S1837,Ahmed,53.1,92.43,63.29,23.2,2.66,AVERAGE,,,
S1838,Maria,73.41,58.53,89.29,55.9,5.12,AVERAGE,,,
S1839,Ahmed,91.38,82.04,97.84,35.7,5.84,GOOD,,,
S1840,Omar,72.56,91.7,95.07,24,2.66,AVERAGE,,,
S1841,Liam,57.45,52.16,55.75,89.6,1.94,AVERAGE,,,
S1842,Ali,99.25,61.39,68.48,38.3,1.98,AVERAGE,,,
S1843,Omar,94.46,98.79,68.22,28.3,3,AVERAGE,,,
S1844,Ahmed,88.57,98.99,56.11,93.2,1.26,GOOD,,,
S1845,Ahmed,70.58,53.39,54.91,19.7,3.44,AT RISK,,,
S1846,Sara,59.19,43.99,69.24,74.6,4.66,AVERAGE,,,
S1847,Sara,97.07,56.26,99.6,65.3,3.66,GOOD,,,
S1848,Omar,76.62,63.86,78.45,92,5.86,GOOD,,,
S1849,Emma,92.62,66.46,81.09,83.2,3.3,GOOD,,,
S1850,Omar,67.1,77.13,73.55,70.5,1.06,AVERAGE,,,
S1851,Sara,66.76,93.97,83.12,31.5,3.36,AVERAGE,,,
S1852,Ahmed,99.28,59.82,97.83,49.6,5.64,GOOD,,,
S1853,John,76.09,91,79.43,94.4,1.48,GOOD,,,
S1854,Omar,57.03,45.61,53.25,2.3,2.12,AT RISK,,,
S1855,Ahmed,60.98,42.51,74.64,79.4,4.58,AVERAGE,,,
S1856,John,74.1,70.24,99.64,25.2,2.48,AVERAGE,,,
S1857,John,52.12,43.58,69.37,18.5,4.82,AT RISK,,,
S1858,Sara,73.13,63.55,79.69,23.2,3.1,AVERAGE,,,
S1859,Omar,70.95,93.81,55.33,6,4.98,AVERAGE,,,
S1860,Maria,88.97,54.49,57.06,99.2,3.76,GOOD,,,
S1861,Ali,67.75,82.36,93.73,87,1.42,GOOD,,,
S1862,Sara,99.13,58.14,65.02,52.1,2.94,AVERAGE,,,
S1863,Sara,59.04,42.7,65.27,71.5,2.66,AVERAGE,,,
S1864,Maria,79.55,73.4,69.36,55.7,5.06,AVERAGE,,,
S1865,Ali,54.48,90.09,98.32,81.2,4.12,GOOD,,,
S1866,Ahmed,86.69,64.57,54.22,84.5,4.88,GOOD,,,
S1867,Emma,99.74,77.04,90.94,23.3,2.86,AVERAGE,,,
S1868,Omar,90.96,94,67.08,46,4.46,GOOD,,,
S1869,Emma,77.79,87.38,92.47,63.5,1.32,AVERAGE,,,
S1870,Ahmed,74.24,51.63,99.59,97.8,1.18,AVERAGE,,,
S1871,Liam,91.75,84,67.43,68.3,2.44,GOOD,,,
S1872,Sara,96.8,70.11,56.47,89.8,4.86,GOOD,,,
S1873,Ali,99.46,84.76,57.22,84.6,3.68,GOOD,,,
S1874,Sara,69.83,69.67,87.94,58.2,3.04,AVERAGE,,,
S1875,John,99.55,47.68,57.25,89.4,5.48,GOOD,,,
S1876,Sara,57.8,74.19,63.02,37.7,3.48,AVERAGE,,,
S1877,Sara,62.68,69.53,60.22,37.9,4.06,AVERAGE,,,
S1878,Ahmed,54.45,71.08,67.78,78.1,5.92,AVERAGE,,,
S1879,Ahmed,63.59,92.73,53.72,13.5,3.62,AVERAGE,,,
S1880,Ahmed,88.4,93.69,92.84,30.6,4.92,GOOD,,,
S1881,Emma,92.65,67.21,93.01,60.9,3.06,GOOD,,,
S1882,John,88.94,67.34,70.65,42,1.18,AVERAGE,,,
S1883,Liam,81.55,70.91,80.6,94.1,5.18,GOOD,,,
S1884,Liam,75.7,71.18,82.1,95.9,5.72,GOOD,,,
S1885,Ahmed,85.44,97.02,87.46,50.3,3.18,GOOD,,,
S1886,Ali,69.54,78.96,76.03,53.9,3.52,AVERAGE,,,
S1887,Emma,92.07,56.65,75.52,72.5,3.12,AVERAGE,,,
S1888,Maria,83.86,71.89,81.57,45.7,5.98,AVERAGE,,,
S1889,Ali,84.89,77.63,85.15,19,5.52,AVERAGE,,,
S1890,Omar,76.8,78.39,67.33,74.7,1.2,AVERAGE,,,
S1891,Omar,94.26,75.12,66.52,73.8,4.9,GOOD,,,
S1892,Ali,62.6,50.66,63.49,24.5,4,AT RISK,,,
S1893,Ahmed,69.06,42.02,77.44,83.3,1.12,AVERAGE,,,
S1894,Maria,88.88,60.27,68.01,61.4,3.22,AVERAGE,,,
S1895,Maria,74.64,65.65,77.02,23.6,1.74,AVERAGE,,,
S1896,Emma,94.46,43.71,70.3,65.2,5.36,AVERAGE,,,
S1897,Maria,67.32,88.9,91.84,23.4,1.06,AVERAGE,,,
S1898,Omar,68.47,60.64,53.66,26.5,5.36,AVERAGE,,,
S1899,John,94.44,94.82,78.61,84.8,5.7,EXCELLENT,,,
S1900,Ahmed,73.22,49.26,78.78,92.9,1.36,AVERAGE,,,
S1901,Maria,75.81,43.42,69.19,25.7,4.6,AVERAGE,,,
S1902,Emma,66.64,68.94,71.05,92.8,3.74,GOOD,,,
S1903,Omar,63.83,51.35,90.01,23.9,5.78,AVERAGE,,,
S1904,John,82.8,96.24,64.03,11.7,5,AVERAGE,,,
S1905,Sara,55.99,40.62,93.57,5.8,4.48,AT RISK,,,
S1906,Sara,93.96,64.76,94.82,24.2,5.62,AVERAGE,,,
S1907,John,88.96,95.6,82.53,38.5,1.8,AVERAGE,,,
S1908,Omar,59.54,63.07,88.64,92.8,2.88,AVERAGE,,,
S1909,Emma,84.7,45.59,80.65,24.2,5.22,AVERAGE,,,
S1910,John,80.13,58.17,76.26,36.5,1.5,AVERAGE,,,
S1911,Ahmed,59.23,69.88,98.33,73.4,5.68,GOOD,,,
S1912,Ahmed,63.66,51.11,64.13,30.2,4.72,AVERAGE,,,
S1913,Sara,70.45,67.99,57.71,68.4,3.2,AVERAGE,,,
S1914,Maria,84.96,90.18,64.37,43.2,2.7,AVERAGE,,,
S1915,Emma,81.94,92.36,80.73,19.6,1.74,AVERAGE,,,
S1916,Sara,76.61,42.96,59.26,73.4,1.46,AVERAGE,,,
S1917,Maria,88.42,49.65,95.44,2.7,3.12,AVERAGE,,,
S1918,Maria,87.9,56.52,70.55,29.2,5.22,AVERAGE,,,
S1919,Liam,80.89,75.69,92.5,35.6,3.66,AVERAGE,,,
S1920,Ahmed,89.35,61.66,62.46,45.8,3.26,AVERAGE,,,
S1921,Omar,66.71,90.64,65.66,68,2.6,AVERAGE,,,
S1922,Ali,94.06,83,52.96,45.9,1.78,AVERAGE,,,
S1923,Omar,80.75,46.03,62.89,59.4,5.96,AVERAGE,,,
S1924,Ali,91.12,77.47,74.52,59.6,1.12,AVERAGE,,,
S1925,John,77.31,46.78,97.31,37.3,2.56,AVERAGE,,,
S1926,Ahmed,60.92,55.3,69.45,93.4,4.84,AVERAGE,,,
S1927,Maria,77.12,50.67,81.99,95.6,3.6,GOOD,,,
S1928,Emma,68.56,50.38,71.39,58.2,2.56,AVERAGE,,,
S1929,Ali,84.87,76.98,52.34,7.2,5.96,AVERAGE,,,
S1930,Omar,73.79,73.82,75.18,49.1,4.1,AVERAGE,,,
S1931,Maria,91.81,50.56,53.3,18.4,2.48,AT RISK,,,
S1932,Ali,83.9,99.41,94.18,48.3,5.24,GOOD,,,
S1933,Ali,84.23,65.31,87.65,18.8,1.76,AVERAGE,,,
S1934,Liam,60.86,45.82,68.93,70.4,3.32,AVERAGE,,,
S1935,Ali,99.21,47.23,82.01,8,5.2,AVERAGE,,,
S1936,Emma,92.08,75.03,55.6,95.3,5.92,GOOD,,,
S1937,Ahmed,89.45,98.74,85.13,19.5,2.92,AVERAGE,,,
S1938,Emma,66.51,74.32,91.14,66.1,1.7,AVERAGE,,,
S1939,Sara,76.78,96.94,91.09,91.7,3.84,GOOD,,,
S1940,Maria,56.86,66.65,64.21,24.8,5.72,AVERAGE,,,
S1941,Ahmed,76.92,66.15,63.19,93.4,4.32,GOOD,,,
S1942,Liam,57.29,70,76.07,38.9,4.02,AVERAGE,,,
S1943,Ahmed,77.65,81.85,98.39,96.1,2.54,GOOD,,,
S1944,Ahmed,82.44,62.06,96.03,97.1,4.04,GOOD,,,
S1945,Omar,69.51,91.83,67.98,18.8,5.42,AVERAGE,,,
S1946,Ahmed,74.93,41.76,88.99,83.1,2.88,AVERAGE,,,
S1947,Liam,93.78,66.39,96.07,19.3,2.22,AVERAGE,,,
S1948,Emma,55.43,70.66,63.05,22.6,3.4,AVERAGE,,,
S1949,Ahmed,89.59,76.42,91.51,8.4,2.88,AVERAGE,,,
S1950,John,58.54,56.56,63.39,15.7,3.34,AT RISK,,,
S1951,Maria,51.84,65.65,67.16,63.2,1.48,AVERAGE,,,
S1952,Ahmed,59.28,69.07,59.94,44.9,2.68,AVERAGE,,,
S1953,Maria,88.25,81.21,75.35,79.1,5.14,GOOD,,,
S1954,John,70.26,86.41,92.17,33.2,3,AVERAGE,,,
S1955,John,93.63,84.27,76.4,96.9,5.84,EXCELLENT,,,
S1956,Maria,76.24,60.49,56.17,5,4.54,AT RISK,,,
S1957,Ali,51.11,99.97,62.59,6.3,2.84,AVERAGE,,,
S1958,Sara,85.84,90.92,78.14,70.1,2.26,GOOD,,,
S1959,Omar,55.51,55.6,79.16,88.8,4.42,AVERAGE,,,
S1960,Ali,89.47,51.71,78.85,79.6,2.52,AVERAGE,,,
S1961,Ali,58.41,58.84,53.85,49,5.64,AVERAGE,,,
S1962,Emma,67.27,67.14,87.68,27,1.58,AVERAGE,,,
S1963,Omar,88.06,91.05,95.47,1.3,1.14,AVERAGE,,,
S1964,Omar,97.71,86.7,75.53,50.9,2.1,AVERAGE,,,
S1965,Ali,68.57,91.07,85.94,47.6,4.04,AVERAGE,,,
S1966,Ahmed,91.47,56.32,95.7,34.4,5.18,AVERAGE,,,
S1967,Emma,59.54,75.61,82.13,57.8,1.86,AVERAGE,,,
S1968,Emma,90.36,56.99,83.72,72.9,3.92,GOOD,,,
S1969,John,82.87,46.54,86.07,70.1,1.72,AVERAGE,,,
S1970,Liam,59.64,81.05,63.03,26.3,3.82,AVERAGE,,,
S1971,Omar,65.13,48.58,79.13,58.5,1.1,AVERAGE,,,
S1972,Ali,56.59,80.06,92.11,14.9,3.78,AVERAGE,,,
S1973,John,69.15,78.88,64.81,12.2,3.6,AVERAGE,,,
S1974,Maria,60.18,88.61,94.86,78.6,1.22,GOOD,,,
S1975,Sara,82.2,48.37,81.02,69.4,4.44,AVERAGE,,,
S1976,Liam,99.73,87.01,71.16,76.8,3.86,GOOD,,,
S1977,Liam,50.6,99.96,81.16,15.2,4.12,AVERAGE,,,
S1978,Liam,77.05,91.06,70.09,91.5,3.64,GOOD,,,
S1979,Emma,78.68,85.11,91.9,13.3,4.6,AVERAGE,,,
S1980,Maria,95.71,79.73,74.12,87,3.62,GOOD,,,
S1981,Liam,75.3,65.31,95.06,35.2,5.62,AVERAGE,,,
S1982,Maria,77.19,83.83,75.49,10.5,5.72,AVERAGE,,,
S1983,Ahmed,73.58,83.45,83.02,28.7,4.64,AVERAGE,,,
S1984,Liam,63.45,77.89,99.89,18.1,5.56,AVERAGE,,,
S1985,Sara,52.8,87.78,57.35,49.1,5.62,AVERAGE,,,
S1986,Maria,70.43,66.93,86.84,95,2.3,GOOD,,,
S1987,Maria,52.63,47.28,56.94,32.8,5.96,AVERAGE,,,
S1988,Sara,77.52,73.54,91.94,61.2,2.34,AVERAGE,,,
S1989,Liam,65.36,55.9,79.82,89.2,1.1,AVERAGE,,,
S1990,Sara,76.68,63.07,96.91,63,5.82,GOOD,,,
S1991,Maria,56.71,41.04,93.3,36.2,2.12,AT RISK,,,
S1992,Sara,96.63,62.97,53.74,99.1,3.92,GOOD,,,
S1993,Maria,94.73,88.53,56.87,18.7,5.86,AVERAGE,,,
S1994,Maria,59.5,72.56,80.06,52.3,1.24,AVERAGE,,,
S1995,Ahmed,67.17,40.59,75.92,79.7,2.34,AVERAGE,,,
S1996,Ali,80.67,68.19,58.43,0.1,4.04,AT RISK,,,
S1997,Maria,54.78,57.49,56.47,70.2,4.82,AVERAGE,,,
S1998,Liam,67.73,68.65,78.2,26.6,5.04,AVERAGE,,,
S1999,John,62.56,64.28,52.45,17,5.42,AVERAGE,,,
S2000,Emma,95.78,95.92,93.69,27.4,1.84,AVERAGE,,,
S2001,Omar,92.63,42.47,90.35,96.7,2.86,GOOD,,,
S2002,Ali,78.99,81.02,89.27,89.2,4.58,GOOD,,,
S2003,Ali,76.02,91.06,50.8,21.4,4.58,AVERAGE,,,
S2004,Ali,96.54,97.55,52.38,11.7,2.54,AVERAGE,,,
S2005,Ahmed,96.62,50.66,77.49,36.4,2.52,AVERAGE,,,
S2006,Maria,98.47,71.88,99.72,59.2,2.6,GOOD,,,
S2007,Ahmed,56.27,42.62,67.12,86.7,5.46,AVERAGE,,,
S2008,Maria,58.03,69.95,67.22,96.6,5.54,GOOD,,,
S2009,Liam,83.84,47.53,56.71,75.1,1.08,AVERAGE,,,
S2010,Ahmed,77.07,90.27,83.72,59.9,2.62,GOOD,,,
S2011,Ahmed,50.92,46.83,82.33,14.2,2.96,AT RISK,,,
S2012,Emma,53.1,70.8,55.07,7.4,5.92,AT RISK,,,
S2013,John,94.4,71.27,73.37,59.6,5.72,GOOD,,,
S2014,Ahmed,93.44,98.3,83.35,53.9,4.14,GOOD,,,
S2015,Emma,67.86,79.3,74.68,84.6,1.22,AVERAGE,,,
S2016,Sara,94.55,57.27,83.72,32.3,1.96,AVERAGE,,,
S2017,John,79.68,54.45,90.81,4,3.18,AVERAGE,,,
S2018,Liam,90.3,47.69,84.29,42.4,5.8,AVERAGE,,,
S2019,Ahmed,71.37,85.39,80.81,96.9,1.48,GOOD,,,
S2020,Omar,55.67,81.45,92.68,79.6,4.96,GOOD,,,
S2021,Ali,71.69,76.59,95.03,3.4,1.96,AVERAGE,,,
S2022,Sara,72.86,42.45,69.44,87.5,3.54,AVERAGE,,,
S2023,Sara,77.55,85.77,58.66,47.2,4.84,AVERAGE,,,
S2024,Liam,55.28,78.51,90.89,36.5,4.46,AVERAGE,,,
S2025,Emma,99.57,97.83,60.69,34.7,4.88,GOOD,,,
S2026,Sara,62.21,75.23,96.45,59.5,5.06,GOOD,,,
S2027,John,59.93,58.24,51.14,53.1,2.52,AVERAGE,,,
S2028,Ahmed,76.34,62.89,96.06,65.7,2.82,AVERAGE,,,
S2029,Ahmed,76.86,50.55,79.46,57.4,5.08,AVERAGE,,,
S2030,Omar,71.99,83.37,88.74,14.4,1.2,AVERAGE,,,
S2031,Liam,88.59,82.46,69.92,25.7,3.58,AVERAGE,,,
S2032,Ali,75.83,52.04,99.59,84.1,5.6,GOOD,,,
S2033,Emma,80.48,49.51,61.38,66.3,5.42,AVERAGE,,,
S2034,Ali,86.19,44.62,63.22,44.8,5.02,AVERAGE,,,
S2035,Sara,51.25,94.72,52.57,18.3,1.1,AT RISK,,,
S2036,Liam,78.53,53.98,97.02,0.8,5.44,AVERAGE,,,
S2037,Omar,94.21,60.65,72.8,31.2,5.56,AVERAGE,,,
S2038,Ali,50.87,56.83,83.74,5.5,4.32,AT RISK,,,
S2039,John,70.26,64.82,84.37,48.2,2.5,AVERAGE,,,
S2040,Ahmed,96.31,82.84,93.73,82.2,3.44,GOOD,,,
S2041,Sara,67.66,92.24,83.25,28.5,4.82,AVERAGE,,,
S2042,Omar,72.94,50.96,78.1,84.8,5.06,AVERAGE,,,
S2043,Ali,99.08,81.18,85.52,70.5,2.72,GOOD,,,
S2044,Emma,59.97,61.15,87.55,12.5,2.64,AT RISK,,,
S2045,John,53.26,98.83,59.3,64.5,4.68,AVERAGE,,,
S2046,John,92.97,57.94,55.48,15.2,4.44,AVERAGE,,,
S2047,Ali,93.42,40.43,53.74,65.5,3.56,AVERAGE,,,
S2048,Ahmed,73.6,70.94,68.7,14.3,3.1,AVERAGE,,,
S2049,Ali,75.71,49.04,74.9,39.3,4.28,AVERAGE,,,
S2050,Sara,91.79,42.67,80.78,56.7,1.16,AVERAGE,,,
S2051,Ali,86.93,81.9,97.9,5,1.38,AVERAGE,,,
S2052,John,63.26,83.94,66.54,15.3,3.86,AVERAGE,,,
S2053,Omar,50.84,67.64,88.04,32,2.06,AVERAGE,,,
S2054,Ali,73.99,80.61,76.57,46.2,4.88,AVERAGE,,,
S2055,Ahmed,92.95,72.29,61,85.8,4.86,GOOD,,,
S2056,Liam,94.79,77.79,80.77,18.7,4.54,AVERAGE,,,
S2057,Omar,97.81,75.8,98.36,34.7,5.52,GOOD,,,
S2058,Emma,93.98,79.95,56.22,47.6,1.7,AVERAGE,,,
S2059,Maria,79,51.98,75.36,29.6,2.3,AVERAGE,,,
S2060,Ali,72.23,56.12,52.58,62.6,2.26,AVERAGE,,,
S2061,Ahmed,88.74,66.4,66.06,25.7,4.92,AVERAGE,,,
S2062,Omar,86.99,66.77,81.03,77.2,3.6,GOOD,,,
S2063,Ahmed,76.91,86.46,92.05,50.5,2.26,AVERAGE,,,
S2064,Emma,54.37,62.04,86.52,8.6,1.68,AT RISK,,,
S2065,John,96.3,49.75,73.14,62.7,5.46,AVERAGE,,,
S2066,Ahmed,72.78,55.09,95.46,56.9,4.46,AVERAGE,,,
S2067,Omar,68.17,52.88,65.14,33.9,3.64,AVERAGE,,,
S2068,Ahmed,81.48,83.9,87.7,1.1,5.82,AVERAGE,,,
S2069,Ahmed,83.69,68.22,73.7,20.1,5.24,AVERAGE,,,
S2070,Ahmed,60.53,82.52,94.93,40.6,1.9,AVERAGE,,,
S2071,Sara,91.85,64.97,89.87,20,3.54,AVERAGE,,,
S2072,Sara,64.5,93.38,95.07,57.7,3.44,GOOD,,,
S2073,John,59.33,99.01,60.71,71.2,5.22,GOOD,,,
S2074,Ali,70.32,80.19,83.41,85.6,1.74,GOOD,,,
S2075,Ahmed,86.53,91.83,86.92,64.7,3.26,GOOD,,,
S2076,Emma,98.27,70.48,87.12,68.9,4.18,GOOD,,,
S2077,Ali,90.46,96.08,75.2,60.8,5.72,GOOD,,,
S2078,Emma,97.02,89.9,50.56,98.5,5.5,GOOD,,,
S2079,Ali,57.03,99.51,63.07,26.1,3.66,AVERAGE,,,
S2080,John,53.56,77.39,66.17,26.6,4.04,AVERAGE,,,
S2081,Ahmed,77.89,86.75,92.6,12.6,5.26,AVERAGE,,,
S2082,Ahmed,64.51,72.57,92.04,48.6,4.72,AVERAGE,,,
S2083,Maria,91.4,55.55,55.23,9.6,5.4,AVERAGE,,,
S2084,Emma,83.6,61.29,97.49,27,5.48,AVERAGE,,,
S2085,Ali,98.54,93.64,59.12,48.3,5.16,GOOD,,,
S2086,Ali,62.74,43.36,70.72,95.8,1.04,AVERAGE,,,
S2087,Liam,74.29,75.49,60.76,96.4,2.56,GOOD,,,
S2088,Liam,75.06,62.35,93.02,74.4,3.02,AVERAGE,,,
S2089,Sara,61.96,63.2,87.47,38.9,4.38,AVERAGE,,,
S2090,Maria,79.5,93.07,67.68,86.5,2.54,GOOD,,,
S2091,Omar,72.16,91.23,84.09,87.5,2.62,GOOD,,,
S2092,Liam,72.34,75.93,59.22,91,3,GOOD,,,
S2093,Omar,68.14,56.38,69.11,64,5.78,AVERAGE,,,
S2094,Sara,50.85,68.53,68.86,20.2,3.18,AT RISK,,,
S2095,Sara,76.1,64.5,61.9,9.1,1.7,AT RISK,,,
S2096,Sara,66.76,61.22,93.82,91.5,1.04,AVERAGE,,,
S2097,Emma,50.07,46.17,83.94,5.6,2.18,AT RISK,,,
S2098,Emma,65.4,72.59,64,29.6,5.7,AVERAGE,,,
S2099,John,63.93,58.11,62.11,48.7,5.78,AVERAGE,,,
S2100,John,69.67,79.65,50.9,2.2,3.64,AT RISK,,,
S2101,Sara,56.59,59.15,67.33,90.7,4.24,AVERAGE,,,
S2102,Maria,75.38,65.87,76.34,28.7,4.98,AVERAGE,,,
S2103,Ali,84.62,43.14,63.89,2.9,1.28,AT RISK,,,
S2104,Emma,81.51,99.55,85.02,99.4,2.88,GOOD,,,
S2105,Maria,90.19,70.46,70.59,31.1,4.22,AVERAGE,,,
S2106,Ahmed,72.6,41.45,65.82,87.7,5.5,AVERAGE,,,
S2107,Emma,75.95,72.47,96.95,45.3,4.64,AVERAGE,,,
S2108,Emma,90.52,92.22,63.14,66.3,2.76,GOOD,,,
S2109,John,71.39,86.35,69.91,24.1,5.54,AVERAGE,,,
S2110,Ali,85.08,82.05,69.11,50.3,4.32,AVERAGE,,,
S2111,Ali,71.73,48.37,62.06,25.8,5.16,AVERAGE,,,
S2112,Liam,70.89,79.46,60.87,95.1,2.92,GOOD,,,
S2113,Omar,88.01,85.98,65.12,6.1,1.02,AVERAGE,,,
S2114,Omar,58.74,74.35,93.21,27.5,1.84,AVERAGE,,,
S2115,Omar,66.93,93.56,88.35,89.3,5.64,GOOD,,,
S2116,Omar,61.21,56.62,84.05,48,1.16,AVERAGE,,,
S2117,Ahmed,67.96,54.53,72.86,60,3.98,AVERAGE,,,
S2118,Ahmed,61.52,92.17,75.39,65.2,3.04,AVERAGE,,,
S2119,Emma,78.97,77.52,63.36,7.1,3.14,AVERAGE,,,
S2120,Sara,89.91,40.09,53.72,1.8,3,AT RISK,,,
S2121,John,89.33,61.19,66.55,93.8,1.34,AVERAGE,,,
S2122,John,68.23,91.47,74.78,27.2,1.62,AVERAGE,,,
S2123,Omar,99.44,41.64,52.87,38,1.32,AVERAGE,,,
S2124,Emma,79.69,40.19,54.41,68.2,1.26,AVERAGE,,,
S2125,Liam,69.97,56.88,63.15,23.6,1.42,AT RISK,,,
S2126,Maria,91.78,94.84,68.35,73.3,4.48,GOOD,,,
S2127,Sara,86.49,94.09,69.67,45.8,1.58,AVERAGE,,,
S2128,Emma,87.46,71.13,55.89,85.7,2.3,AVERAGE,,,
S2129,Sara,59.81,73.19,61.29,27.9,4.28,AVERAGE,,,
S2130,Sara,73.42,59.92,63.08,20.4,1.56,AT RISK,,,
S2131,Sara,93.09,54.62,53.38,83.2,5.56,GOOD,,,
S2132,Emma,75.2,88.91,66.3,32.6,3.38,AVERAGE,,,
S2133,Omar,84.17,46.38,53.61,41.2,5.82,AVERAGE,,,
S2134,John,79.4,69.24,85.17,79.4,1.96,AVERAGE,,,
S2135,John,92.12,78.06,69.3,63.6,1.16,AVERAGE,,,
S2136,Omar,64.23,46.22,66.34,44.2,3.96,AVERAGE,,,
S2137,Sara,78.77,71.18,56.33,25,2.64,AVERAGE,,,
S2138,Maria,56.16,74.65,61.33,76.4,3.86,AVERAGE,,,
S2139,Ali,84.51,84.55,61.64,18,3.36,AVERAGE,,,
S2140,Emma,86.6,54.09,99.26,92.8,3.28,GOOD,,,
S2141,Ali,52.14,57.6,91.77,15,5.26,AVERAGE,,,
S2142,Liam,83.79,74.17,50.76,80.5,1.96,AVERAGE,,,
S2143,Omar,70.73,98.99,80.84,42.4,3.5,AVERAGE,,,
S2144,Maria,56.2,53.05,62.8,18.6,3.08,AT RISK,,,
S2145,Emma,71,99.15,55.22,40.2,4.36,AVERAGE,,,
S2146,Omar,59.71,82.86,85.28,22.2,1.26,AVERAGE,,,
S2147,Sara,70.78,89.56,56.58,13.6,3.64,AVERAGE,,,
S2148,John,69.22,45.38,72.19,23.9,3.4,AT RISK,,,
S2149,Ali,86.92,58.03,81.61,86.7,5.86,GOOD,,,
S2150,Ahmed,88.71,43.46,77.72,10.6,4.78,AVERAGE,,,
S2151,Ahmed,80.35,62.29,98.88,97.3,1.78,GOOD,,,
S2152,Maria,51.13,98.88,89.29,0.5,3.54,AVERAGE,,,
S2153,Sara,96.55,46.32,88.71,65.8,4.92,AVERAGE,,,
S2154,Liam,84.31,73.74,67.78,85.7,3.62,GOOD,,,
S2155,Ali,51.71,40.36,50.42,93.4,2.78,AVERAGE,,,
S2156,Sara,90.94,82.76,86.72,14.4,2.88,AVERAGE,,,
S2157,Ali,60.01,51.83,99.99,69.8,2.84,AVERAGE,,,
S2158,Maria,78.96,47.78,70.29,10.7,1.1,AT RISK,,,
S2159,Maria,73.33,60.22,99.28,35.3,4.66,AVERAGE,,,
S2160,Liam,70.99,86.26,57.09,73.2,4.06,GOOD,,,
S2161,Ahmed,94.49,46.4,64.83,34.6,2.34,AVERAGE,,,
S2162,Sara,71.87,53.79,58.54,31.3,4.16,AVERAGE,,,
S2163,Emma,53.77,40.51,73.76,11.6,2.54,AT RISK,,,
S2164,Ahmed,97.33,98.1,89.85,6.6,2.22,AVERAGE,,,
S2165,Sara,96.03,75.53,67.03,11.5,4.7,AVERAGE,,,
S2166,Ahmed,84.22,83.19,95.31,87.5,5.04,GOOD,,,
S2167,Emma,73.39,79.08,77.24,1.1,4.12,AVERAGE,,,
S2168,John,54.64,48.66,73.27,69.3,4.92,AVERAGE,,,
S2169,John,89.54,75.7,89.35,76.9,2.82,GOOD,,,
S2170,Liam,53.77,47.88,55.07,56.8,1.36,AT RISK,,,
S2171,John,53.43,64.07,88.69,73.1,4.02,AVERAGE,,,
S2172,John,76.87,74.14,62.15,65.2,2.28,AVERAGE,,,
S2173,Omar,58.01,73.53,64.04,45.6,4.88,AVERAGE,,,
S2174,Ali,50.39,47.14,79.97,38.3,2.8,AT RISK,,,
S2175,Omar,71.16,42.07,95.1,94.1,4.36,GOOD,,,
S2176,Omar,56.86,87.89,78.92,97.2,3.76,GOOD,,,
S2177,Liam,58.03,83.56,82.45,65.1,5.08,GOOD,,,
S2178,Omar,53.85,44.91,88.83,19.7,5.16,AT RISK,,,
S2179,John,60.25,47.64,62.97,44.8,1.34,AT RISK,,,
S2180,Emma,85.77,93.56,91.36,49.7,2.48,GOOD,,,
S2181,Liam,90.45,86.15,70.9,75.8,5.36,GOOD,,,
S2182,Liam,72.63,99.77,58.78,66.8,3.02,GOOD,,,
S2183,Maria,75.33,55.24,67.51,51.5,3.58,AVERAGE,,,
S2184,Liam,51.63,69.27,62.31,68,1.92,AVERAGE,,,
S2185,Maria,53.47,54.19,61.44,2.4,3.76,AT RISK,,,
S2186,Liam,62.88,77.37,64.13,77.7,2.32,AVERAGE,,,
S2187,Ali,77.19,46.92,59.05,21.2,5.14,AVERAGE,,,
S2188,John,86.98,47.63,83.39,65.6,2,AVERAGE,,,
S2189,Liam,80.25,44.31,79,11.4,2.8,AT RISK,,,
S2190,John,69.61,81.62,82.42,11.4,1.48,AVERAGE,,,
S2191,John,55.92,69.64,67.19,3.6,3.94,AT RISK,,,
S2192,Ahmed,89.04,77.06,88.49,91,5.7,GOOD,,,
S2193,Liam,68.19,92.76,56.48,60.5,1.86,AVERAGE,,,
S2194,Sara,86.8,84.42,78.56,36.2,1.1,AVERAGE,,,
S2195,Ahmed,75.65,67.7,63.77,78.8,3.12,AVERAGE,,,
S2196,Sara,86.93,99.06,76.38,62.6,4.74,GOOD,,,
S2197,John,95.36,67.38,66.18,62,5.88,GOOD,,,
S2198,John,96.05,46.75,89.53,48.7,1.26,AVERAGE,,,
S2199,Ahmed,76.76,99.56,94.56,0.8,4.92,AVERAGE,,,
S2200,Ahmed,75.58,41.37,87.13,25.8,2.84,AVERAGE,,,
S2201,Sara,63.28,72.99,58.78,10.9,1.76,AT RISK,,,
S2202,Maria,96.79,58.55,63.74,66.2,1.96,AVERAGE,,,
S2203,Sara,72.9,70.21,95.97,24.9,5.62,AVERAGE,,,
S2204,Ahmed,56.38,73.52,71.86,45,5.04,AVERAGE,,,
S2205,Emma,71.64,54.41,97.06,35.3,2.56,AVERAGE,,,
S2206,Ahmed,56.35,73.41,69.62,14.3,5.7,AVERAGE,,,
S2207,Emma,75.13,85.36,97.59,95.8,1.52,GOOD,,,
S2208,Ali,78.06,55.99,96.29,93.3,2.62,GOOD,,,
S2209,Ahmed,66.89,63.01,83.03,8.5,4.26,AVERAGE,,,
S2210,Ali,53.58,56.09,50.44,82.7,6,AVERAGE,,,
S2211,Maria,97.18,89.23,70.02,48.8,3.32,GOOD,,,
S2212,Sara,88.67,83.5,95.56,77.4,5.06,GOOD,,,
S2213,Emma,91.94,92.27,94.26,15.1,5.58,AVERAGE,,,
S2214,Sara,68.34,50.2,59.37,13.2,1.04,AT RISK,,,
S2215,Ali,88.04,44.41,69.96,89.1,2.44,AVERAGE,,,
S2216,Emma,74.27,47.16,91.78,89.8,1.5,AVERAGE,,,
S2217,Sara,60.05,49.66,78.89,46.6,4.88,AVERAGE,,,
S2218,Ahmed,56.22,71.98,92.36,87,3.84,GOOD,,,
S2219,John,67.25,98.25,91.33,66.7,1.48,GOOD,,,
S2220,Ali,56.88,61.43,95.37,18.5,3.1,AVERAGE,,,
S2221,Sara,99.91,97.51,55.86,32.9,3.56,AVERAGE,,,
S2222,Ali,52.46,42.29,57.26,13.6,4.48,AT RISK,,,
S2223,Omar,72.06,95.61,54.14,77.4,4.9,GOOD,,,
S2224,Ali,72.6,50.87,96.76,98.5,1.44,AVERAGE,,,
S2225,Emma,65.03,94.75,73.76,54.6,3.44,AVERAGE,,,
S2226,Omar,78.57,43.37,53.22,65.6,1.8,AVERAGE,,,
S2227,Liam,57.5,96.89,66.08,74.6,4.76,GOOD,,,
S2228,Emma,89.2,52.05,67.57,22.4,4.28,AVERAGE,,,
S2229,John,66.62,58.16,90.48,33.6,4.62,AVERAGE,,,
S2230,Omar,79.57,69.46,86.77,41.2,1.38,AVERAGE,,,
S2231,Liam,85.78,62.84,84.47,59.5,3.56,AVERAGE,,,
S2232,Ahmed,94.45,80.05,51.09,85,5.2,GOOD,,,
S2233,Ali,91.79,98.49,95.53,25.4,4.56,GOOD,,,
S2234,Sara,80.42,76.39,60.78,47.1,5.3,AVERAGE,,,
S2235,Maria,69.42,83.29,81.45,75.2,2.04,AVERAGE,,,
S2236,Ali,75.16,45.28,53.09,8.7,2.44,AT RISK,,,
S2237,Liam,88.44,77.67,54.08,51.3,3.2,AVERAGE,,,
S2238,Ali,93.88,67.23,50.48,14.4,3.62,AVERAGE,,,
S2239,John,55.19,93.15,78.3,53.9,2.26,AVERAGE,,,
S2240,Ahmed,69.24,63.29,81.47,76.8,2.9,AVERAGE,,,
S2241,Maria,88.81,80.77,52.52,23.7,4.44,AVERAGE,,,
S2242,Omar,71.58,53.69,64.52,84.9,4.22,AVERAGE,,,
S2243,Omar,66.61,55.56,92.57,33.5,1.56,AVERAGE,,,
S2244,Omar,70.57,62.57,55.07,19.1,5.92,AVERAGE,,,
S2245,Liam,80.14,58.24,60.83,46.5,3.82,AVERAGE,,,
S2246,Emma,99.99,55.23,71.22,87.6,3.42,GOOD,,,
S2247,Emma,74.65,42.98,92.11,6.9,5.84,AVERAGE,,,
S2248,Sara,60.42,90.2,62.74,32.8,1.7,AVERAGE,,,
S2249,Maria,58.14,43.86,99.86,65.3,3.72,AVERAGE,,,
S2250,Omar,52.12,93.24,67.76,35.8,5.02,AVERAGE,,,
S2251,Emma,77.94,47.53,69.32,7.1,3,AT RISK,,,
S2252,Liam,77.23,43.92,56.11,33.2,4.68,AVERAGE,,,
S2253,Sara,60.26,73.78,84.01,82.1,5.5,GOOD,,,
S2254,Ahmed,84.77,70.15,62.17,96.8,2.3,GOOD,,,
S2255,Sara,87.06,69.47,81.44,4,2.2,AVERAGE,,,
S2256,Emma,62.95,74.47,61.16,56.9,2.8,AVERAGE,,,
S2257,John,67.2,57.22,69.39,10.5,3.1,AT RISK,,,
S2258,Liam,99.52,79.78,92.83,68,1.56,GOOD,,,
S2259,John,68.71,70.14,86.95,0.8,2.16,AT RISK,,,
S2260,Omar,88.04,60.08,57.73,1.5,5.36,AVERAGE,,,
S2261,John,72.64,89.59,80.39,77.7,3.84,GOOD,,,
S2262,Omar,89.67,83.66,81.43,7.4,2.34,AVERAGE,,,
S2263,Omar,88.45,63.62,54.53,30.5,5.72,AVERAGE,,,
S2264,Emma,83.39,90.86,73.29,95.8,4.88,GOOD,,,
S2265,John,92.74,95.22,63.03,98.5,2.82,GOOD,,,
S2266,Omar,96.96,72.21,73.36,16.1,4.82,AVERAGE,,,
S2267,Maria,79,52.9,88.85,56.1,3.98,AVERAGE,,,
S2268,Ahmed,61.87,94.95,57.91,55.9,4.42,AVERAGE,,,
S2269,Sara,69.93,51.37,56.17,45.2,2.6,AVERAGE,,,
S2270,Sara,87.92,42.91,63.47,92.5,2.04,AVERAGE,,,
S2271,Emma,82.54,59.65,97.61,75.4,2.26,AVERAGE,,,
S2272,John,58.89,83.62,87.39,76.5,1.42,AVERAGE,,,
S2273,John,52.56,95.4,50.97,27,3.36,AVERAGE,,,
S2274,Omar,84.15,78.24,70.05,43.4,3.04,AVERAGE,,,
S2275,Liam,62.55,97.11,62.87,48.7,1.02,AVERAGE,,,
S2276,Ali,74.98,45.54,81.91,29.9,5.28,AVERAGE,,,
S2277,Omar,87.34,43.65,72.96,9.5,4.4,AT RISK,,,
S2278,Ahmed,78.13,76.25,98.22,12.6,3.24,AVERAGE,,,
S2279,Maria,54.17,97.97,60.95,18.1,5.84,AVERAGE,,,
S2280,Sara,59.28,70.16,79.39,20.4,5.7,AVERAGE,,,
S2281,Omar,60.97,43.09,85.01,24.2,1.48,AT RISK,,,
S2282,Ali,62.89,53.27,91.28,25.5,4.08,AVERAGE,,,
S2283,Ali,78.27,54.69,70.35,45.6,5.08,AVERAGE,,,
S2284,Omar,75.2,60.27,84.35,51,1.86,AVERAGE,,,
S2285,Emma,60.16,42.62,65.16,30.9,1.64,AT RISK,,,
S2286,Sara,53.38,94.29,71.77,90.7,2.3,GOOD,,,
S2287,Emma,58.57,70.93,94.78,55.3,2.4,AVERAGE,,,
S2288,Maria,99.22,80.26,97.5,78.7,5.82,EXCELLENT,,,
S2289,Ali,73.43,44.03,85.94,92.4,4.9,GOOD,,,
S2290,Ali,93.37,43.25,68.72,16.3,1.3,AT RISK,,,
S2291,Ahmed,92.44,75.19,91,42.8,4.94,GOOD,,,
S2292,Maria,75.58,93.24,51.29,43.3,1.84,AVERAGE,,,
S2293,Ali,85.33,71.71,55.14,35.4,2.78,AVERAGE,,,
S2294,Maria,59.64,92.67,83.07,0.9,2.6,AVERAGE,,,
S2295,Sara,84.42,88.66,64.56,81.6,2.36,GOOD,,,
S2296,John,63.62,44.55,97.57,11.2,2.54,AT RISK,,,
S2297,Ali,91.6,52.12,71.8,99.5,4.78,GOOD,,,
S2298,Ahmed,54.19,79.46,71.47,77.3,2.34,AVERAGE,,,
S2299,Sara,88.66,66.61,83.9,58,5,GOOD,,,
S2300,Omar,55,57.44,88.38,15.5,1.46,AT RISK,,,
S2301,Maria,94.06,65.12,73.78,51.5,3.98,AVERAGE,,,
S2302,Omar,65.21,66.71,60.7,26.1,5.32,AVERAGE,,,
S2303,Emma,82.72,94.63,88.67,25.2,1.4,AVERAGE,,,
S2304,Sara,74.38,46.21,66.02,83,4.18,AVERAGE,,,
S2305,Omar,68.32,56.78,58.76,38.1,3.56,AVERAGE,,,
S2306,Liam,82.27,72.25,81.58,45.1,2.66,AVERAGE,,,
S2307,Liam,97.38,81.9,54.52,84.3,1.5,GOOD,,,
S2308,Ali,52.06,77.84,98.57,8.8,4.38,AVERAGE,,,
S2309,Maria,95.94,96.5,81.62,59.5,2.54,GOOD,,,
S2310,John,80.45,87.74,99.29,57.8,2.7,GOOD,,,
S2311,Sara,90.37,73.42,66.94,42.5,4.58,AVERAGE,,,
S2312,Ali,69.19,52.88,98.56,83,5.72,GOOD,,,
S2313,Ahmed,73.59,67.05,57.28,94.3,2.66,AVERAGE,,,
S2314,Emma,93.44,81.6,52.03,46.5,4.74,AVERAGE,,,
S2315,Maria,70.74,90.28,51.65,45.6,5.78,AVERAGE,,,
S2316,Sara,76.73,97.58,73.24,50.2,1.48,AVERAGE,,,
S2317,Liam,51.01,76.33,54.15,72.3,3.64,AVERAGE,,,
S2318,Sara,57.93,71.62,75.61,66.8,1.06,AVERAGE,,,
S2319,John,82.08,41.06,66.38,22.3,5.12,AVERAGE,,,
S2320,Liam,85.85,44.33,66.78,6.4,2.44,AT RISK,,,
S2321,John,79.13,49.37,81.78,94.9,2.66,AVERAGE,,,
S2322,Ahmed,57.17,43.29,58.15,26.1,4.44,AT RISK,,,
S2323,Emma,72.27,64.05,88.33,63.9,4.94,AVERAGE,,,
S2324,Ahmed,67.75,60.21,79.1,82.8,3,AVERAGE,,,
S2325,Ali,74.78,78.24,95.75,30,4.32,AVERAGE,,,
S2326,Ali,93.52,72.14,68.24,63.5,5.78,GOOD,,,
S2327,Ahmed,88.79,75.76,99.14,10.8,5.44,AVERAGE,,,
S2328,Emma,54.2,68.32,78.79,97,4.5,GOOD,,,
S2329,Ahmed,94.52,56.66,98.67,5.8,5.72,AVERAGE,,,
S2330,Emma,73.59,97.17,51.35,43.8,5.38,AVERAGE,,,
S2331,Emma,87.19,45.18,86.4,53.7,4.64,AVERAGE,,,
S2332,Omar,57,96.33,90.83,79,5.58,GOOD,,,
S2333,Liam,83.54,58.67,52.66,12.1,5.08,AVERAGE,,,
S2334,Maria,61.82,70.76,78.95,44.1,3.52,AVERAGE,,,
S2335,Emma,71.92,46.53,90.1,30,3.52,AVERAGE,,,
S2336,John,50.84,44.26,78.05,31.2,1.04,AT RISK,,,
S2337,Emma,57.58,65.77,53.19,77.9,1.16,AVERAGE,,,
S2338,Emma,54.6,84.5,84.67,0.5,4.74,AVERAGE,,,
S2339,Emma,61.99,56.16,53.03,74.9,3.78,AVERAGE,,,
S2340,Omar,55,73.74,90.87,81,4.8,GOOD,,,
S2341,Liam,84.6,56.72,52.15,90.1,5.74,GOOD,,,
S2342,Omar,51.45,63.32,56.87,62.7,3.26,AVERAGE,,,
S2343,Ali,80.89,94.39,63.76,33.3,1.44,AVERAGE,,,
S2344,Omar,57.04,91.35,81.67,42.7,4.14,AVERAGE,,,
S2345,John,97.26,70.96,98.82,97,1.5,GOOD,,,
S2346,John,96.65,54.29,55.89,88.1,4.1,GOOD,,,
S2347,Omar,61.28,51.59,57.14,46.4,3.64,AVERAGE,,,
S2348,Liam,80.72,97.25,68.44,94.3,4.56,GOOD,,,
S2349,Ahmed,51.4,52.16,91.81,82.3,2.76,AVERAGE,,,
S2350,Maria,96.59,88.49,73.36,90.1,1.72,GOOD,,,
S2351,Liam,76.15,62.14,66.08,68.3,2.18,AVERAGE,,,
S2352,Omar,52.16,99.14,78.06,85.8,4.42,GOOD,,,
S2353,Emma,67.12,62.09,63.03,89.2,3.4,AVERAGE,,,
S2354,Sara,53.84,61.09,70.06,9.2,3.7,AT RISK,,,
S2355,Maria,69.65,78.25,66.63,96.5,2.62,GOOD,,,
S2356,Maria,83.5,97.69,90.21,33.4,5.18,GOOD,,,
S2357,John,73.49,98.57,96.21,44,6,GOOD,,,
S2358,Maria,69.19,82.43,87.98,79.2,2.56,GOOD,,,
S2359,Omar,55.96,85.28,71.95,66.5,4.6,AVERAGE,,,
S2360,Emma,62.25,73.8,75.22,89.3,1.86,AVERAGE,,,
S2361,Emma,55.01,85.35,56.25,40.1,4.72,AVERAGE,,,
S2362,Ali,90.37,91.59,87.34,37.3,3.16,AVERAGE,,,
S2363,Emma,56.76,69.17,79.82,3.2,4.02,AT RISK,,,
S2364,Liam,79.77,77.19,95.12,46.3,2.18,AVERAGE,,,
S2365,Emma,67.14,72.24,60.03,72.4,5.26,AVERAGE,,,
S2366,John,61.3,73.75,87.99,30.1,1.86,AVERAGE,,,
S2367,Emma,81.97,93.4,84.23,46.3,5.64,GOOD,,,
S2368,Ali,72.85,61.34,63.29,21.9,1.3,AT RISK,,,
S2369,Sara,70.01,52.49,83.37,77.3,2.44,AVERAGE,,,
S2370,Omar,79.64,67.38,96.22,6.1,3.82,AVERAGE,,,
S2371,John,74.56,52.49,95.92,70.5,5.3,AVERAGE,,,
S2372,Liam,65.17,69.9,85.98,37.9,3.88,AVERAGE,,,
S2373,Sara,77.95,94.21,52.4,4.2,2.08,AVERAGE,,,
S2374,John,83.47,77.05,93.61,85.3,5.3,GOOD,,,
S2375,Ahmed,51.33,91.33,82.89,48.8,3.98,AVERAGE,,,
S2376,Maria,73.29,49.97,65.52,59.9,2.16,AVERAGE,,,
S2377,Ahmed,52.88,94.05,59.36,73.2,3.8,AVERAGE,,,
S2378,Emma,59.32,76.11,55.81,65.5,4.38,AVERAGE,,,
S2379,Sara,78.03,41.91,52.51,73.1,4.4,AVERAGE,,,
S2380,Emma,93.31,77.99,87.71,76.2,4.62,GOOD,,,
S2381,Maria,94.14,97.08,61.79,58.9,5.48,GOOD,,,
S2382,John,53.5,44.75,51.21,36.6,5.12,AT RISK,,,
S2383,Maria,70.96,74.95,69.86,24.3,4.04,AVERAGE,,,
S2384,Ali,79.15,94.93,74.13,90.3,1.16,GOOD,,,
S2385,Maria,57.35,40.58,58.46,97,4.74,AVERAGE,,,
S2386,Ali,88.27,77.85,52.2,35.8,5.88,AVERAGE,,,
S2387,Maria,87.21,68.49,59.46,11.2,2.52,AVERAGE,,,
S2388,Omar,95.17,60.82,83.96,22.3,4.04,AVERAGE,,,
S2389,Ali,50.42,77.65,54.11,67.1,4.84,AVERAGE,,,
S2390,Sara,60.83,43.16,77.75,17.3,4.2,AT RISK,,,
S2391,Emma,91.36,85.18,57.32,78,5.62,GOOD,,,
S2392,Liam,83.53,40.27,59.78,92.3,3.36,AVERAGE,,,
S2393,Emma,94.72,58.42,69.65,96.4,3.66,GOOD,,,
S2394,Ahmed,52.86,70.24,55.04,0.9,1.2,AT RISK,,,
S2395,Emma,79.85,62.62,58.66,95.8,5.5,GOOD,,,
S2396,John,78.45,58.45,67.45,74,2.32,AVERAGE,,,
S2397,Omar,51.78,89.85,66.48,8.4,5.9,AVERAGE,,,
S2398,Maria,75.68,96.09,87.46,41.5,2.02,AVERAGE,,,
S2399,Ahmed,80.48,92.42,53.74,70,2.26,AVERAGE,,,
S2400,John,59.56,71.35,93.02,95.7,3.42,GOOD,,,
S2401,John,63.67,93.05,90.81,16.4,4.3,AVERAGE,,,
S2402,Ali,82.02,95.25,88.3,12.8,3.2,AVERAGE,,,
S2403,Emma,73.42,64.55,65.47,47.2,2.76,AVERAGE,,,
S2404,Sara,92.9,57.01,91.14,96.8,3.7,GOOD,,,
S2405,Liam,67.12,45.9,59.14,97.1,5.8,AVERAGE,,,
S2406,Sara,63.33,68.75,56.22,22.8,5.8,AVERAGE,,,
S2407,Ahmed,99.24,96.78,52.25,31.9,2.64,AVERAGE,,,
S2408,Omar,95.56,73.65,96.97,90.8,4.4,GOOD,,,
S2409,Sara,51.45,80.05,65.4,73.5,4.6,AVERAGE,,,
S2410,Maria,88.54,46.77,95.88,97.2,4.26,GOOD,,,
S2411,Sara,55.52,48.61,63.63,89.3,1.56,AVERAGE,,,
S2412,Ahmed,51.37,67.87,95.38,21.5,3.7,AVERAGE,,,
S2413,Liam,63.68,97.08,95.2,76,4.82,GOOD,,,
S2414,Sara,63.47,61.65,96.18,4.9,2,AT RISK,,,
S2415,Maria,90.97,92.65,74.81,81.8,2.74,GOOD,,,
S2416,Ali,85.53,47.22,93.3,60.2,2.02,AVERAGE,,,
S2417,Omar,99.08,77.02,97.54,95.6,5.44,EXCELLENT,,,
S2418,Ahmed,85.58,76.04,66.23,96,5.3,GOOD,,,
S2419,Ali,70.91,91.59,70.94,5.1,1.84,AVERAGE,,,
S2420,Ali,84.95,40.2,85.96,16.1,4.8,AVERAGE,,,
S2421,Ali,99.97,51.4,65.02,48.4,2.82,AVERAGE,,,
S2422,John,85.51,53.18,87.69,87.9,4.44,GOOD,,,
S2423,Omar,88.08,97,53.69,81.4,3.46,GOOD,,,
S2424,Liam,96.92,49.22,76.17,96.4,3.36,GOOD,,,
S2425,Emma,55.68,42.22,56.12,61.8,5.4,AVERAGE,,,
S2426,Omar,85.24,72.07,64.67,25.7,4.18,AVERAGE,,,
S2427,John,92.54,71.71,62.93,2.5,2.18,AVERAGE,,,
S2428,Emma,97.72,90.64,91.95,22.3,1.56,AVERAGE,,,
S2429,Omar,60.55,96.93,59.68,67.5,5.66,GOOD,,,
S2430,Ali,75.2,72.31,90.42,92.6,1.76,GOOD,,,
S2431,Ahmed,84.03,95.8,89.7,32.1,4.68,GOOD,,,
S2432,Emma,62.37,83.51,74.94,87.6,3.48,GOOD,,,
S2433,Maria,80.02,55.87,61.69,39.5,1.7,AVERAGE,,,
S2434,Maria,62.88,95.71,61.34,30.8,4.88,AVERAGE,,,
S2435,Sara,66.67,80.05,73.25,50.9,5.52,AVERAGE,,,
S2436,Emma,72.08,64.85,50.44,44.2,1.6,AVERAGE,,,
S2437,Ahmed,76.46,80.81,76.57,91.4,1.34,GOOD,,,
S2438,Liam,72.47,64.08,97.64,46.8,5.24,AVERAGE,,,
S2439,John,74.66,46.85,57.74,27.7,3.5,AT RISK,,,
S2440,Ali,64.93,83.14,78.67,84.3,4.38,GOOD,,,
S2441,Sara,57.95,89.45,98.09,99.9,3.2,GOOD,,,
S2442,Maria,52.37,83.73,93.03,64.8,3.06,AVERAGE,,,
S2443,John,59.8,53.75,92.52,25,2.5,AVERAGE,,,
S2444,John,79.1,97.4,91.09,23.9,3.82,AVERAGE,,,
S2445,Ali,89.31,41.52,65.45,5.8,1.8,AT RISK,,,
S2446,Liam,58.46,59.96,94.53,7.7,4.58,AVERAGE,,,
S2447,Liam,55.43,55.61,97.07,91.5,3.74,AVERAGE,,,
S2448,Emma,87.46,42.89,74.79,9.6,5.24,AVERAGE,,,
S2449,Maria,65.26,64.34,67.73,48.4,5.6,AVERAGE,,,
S2450,Liam,97.57,77.39,70.71,69.8,5.5,GOOD,,,
S2451,Ahmed,85.72,92.95,66.71,85,4,GOOD,,,
S2452,Liam,66.34,99.38,60.62,17.1,2.6,AVERAGE,,,
S2453,John,64.48,88.49,80.92,43.8,2.78,AVERAGE,,,
S2454,Ali,76.18,68.12,78.13,25.1,4.26,AVERAGE,,,
S2455,Ahmed,53.96,83.42,73.13,25.6,4.56,AVERAGE,,,
S2456,Emma,55.88,90.62,54.79,30.4,1.8,AVERAGE,,,
S2457,Maria,58.79,67.92,89.84,58.7,5.98,AVERAGE,,,
S2458,Emma,88.74,87.1,58.75,1.7,1.54,AVERAGE,,,
S2459,John,75.69,68.96,55.73,40.9,4.04,AVERAGE,,,
S2460,Ahmed,50.53,63.19,81.15,18.7,3.66,AT RISK,,,
S2461,Ahmed,83.68,71.57,69.93,96.7,3.96,GOOD,,,
S2462,Ahmed,71.18,80.55,52.99,58.3,3.66,AVERAGE,,,
S2463,John,75.54,83.61,67.78,86.8,1.28,GOOD,,,
S2464,John,60.71,61.4,88.59,19.6,5.98,AVERAGE,,,
S2465,Emma,77.59,74.28,80.76,81,5.9,GOOD,,,
S2466,Sara,98.96,94.59,68.14,41.5,3.62,GOOD,,,
S2467,Emma,53.67,98.58,59.59,17.8,2.04,AVERAGE,,,
S2468,Maria,64.2,53.63,81.59,76.1,1.92,AVERAGE,,,
S2469,Ali,62.15,51.57,94.38,76.2,1.28,AVERAGE,,,
S2470,Ahmed,62.43,80.6,82.31,99.6,4.06,GOOD,,,
S2471,Sara,68.94,64.88,90.65,78.1,3.4,AVERAGE,,,
S2472,Ali,90.91,41.45,76.08,14.5,3.08,AT RISK,,,
S2473,Sara,95.64,60.81,85.9,32.3,3.62,AVERAGE,,,
S2474,Liam,60.11,88.4,94.81,45.2,5.36,AVERAGE,,,
S2475,Liam,77.15,87.85,88.66,12.7,1.36,AVERAGE,,,
S2476,Omar,81.84,69.68,95.49,78.8,3.72,GOOD,,,
S2477,Liam,76.09,68.35,71.56,52.7,4.5,AVERAGE,,,
S2478,Emma,71.7,74.77,95.21,94.4,5.86,GOOD,,,
S2479,Liam,59.6,53.16,81.08,58.9,4.7,AVERAGE,,,
S2480,John,74.41,71.56,93.5,52.3,3.74,AVERAGE,,,
S2481,Ahmed,70.06,40.66,51.97,7.1,4.84,AT RISK,,,
S2482,Emma,89.78,68.53,82.89,14.9,5.98,AVERAGE,,,
S2483,Ali,88.18,60.16,92.4,85,5.44,GOOD,,,
S2484,Omar,56.7,80.49,58.71,99.1,1.44,AVERAGE,,,
S2485,Omar,54.43,78.3,83.09,41.5,3.88,AVERAGE,,,
S2486,Omar,95.41,62.85,91.25,81,4.94,GOOD,,,
S2487,Ali,76.78,40.44,64.4,62.8,4.36,AVERAGE,,,
S2488,Ali,92.89,55.14,70.26,95.9,3.08,GOOD,,,
S2489,Ali,52.91,78,78.48,23.8,2.62,AVERAGE,,,
S2490,Ali,76.33,44.34,75.96,54.5,4.14,AVERAGE,,,
S2491,Omar,76.97,46.46,51.96,40.9,3.06,AVERAGE,,,
S2492,Omar,93.04,78.82,54.93,54.2,2.96,AVERAGE,,,
S2493,Sara,54.88,85.35,55.02,26.9,5.18,AVERAGE,,,
S2494,Emma,62.02,59.29,63.11,49.8,2.58,AVERAGE,,,
S2495,Ahmed,70.33,69.38,62.29,62.5,4.22,AVERAGE,,,
S2496,Liam,93.29,96.74,87.11,8.1,5.36,AVERAGE,,,
S2497,Liam,96.94,96.73,78.64,74.3,4.1,GOOD,,,
S2498,John,99.64,58.45,88.2,70.7,3.46,GOOD,,,
S2499,Omar,97.96,88.6,53.49,88,1.18,GOOD,,,
S2500,John,50.3,75.64,74.26,42.6,4.4,AVERAGE,,,
S2501,Emma,52.39,98.53,66.19,6.2,5.98,AVERAGE,,,
S2502,Emma,57.38,68.66,92.5,46.1,5.04,AVERAGE,,,
S2503,John,67.44,86.48,85.39,13.8,4.18,AVERAGE,,,
S2504,Omar,91.5,86.09,93.46,64.7,3.34,GOOD,,,
S2505,John,94.63,69.85,52.32,4.7,2.12,AT RISK,,,
S2506,Liam,59.34,87.74,86.04,37.4,4.46,AVERAGE,,,
S2507,Sara,80.98,55.66,77,8.3,1.88,AT RISK,,,
S2508,Liam,95.87,47.34,91.25,0.3,5.44,AVERAGE,,,
S2509,Maria,73.19,65.51,75.36,96.1,2.76,GOOD,,,
S2510,Omar,55.18,96.62,77.01,99.6,3,GOOD,,,
S2511,Omar,72.89,70.04,52.59,55.6,2.08,AVERAGE,,,
S2512,Ahmed,68.79,78.12,83.43,23.9,3.4,AVERAGE,,,
S2513,Ali,78.88,77.45,63.66,91.1,4.4,GOOD,,,
S2514,Maria,71.93,47.95,50.98,92.3,2.52,AVERAGE,,,
S2515,Emma,50.87,63.42,53.32,85.5,4.5,AVERAGE,,,
S2516,Omar,99.7,82.42,97.86,54.4,4.1,GOOD,,,
S2517,John,77.18,98.32,67.3,7.5,2.86,AVERAGE,,,
S2518,Maria,73.68,50.08,93.4,8.8,2.56,AT RISK,,,
S2519,Ahmed,97.73,64.63,97.98,89.7,5.3,GOOD,,,
S2520,Emma,57.79,45.71,97.16,87.6,1.06,AVERAGE,,,
S2521,Ali,59.46,54.54,94.09,43.4,4.58,AVERAGE,,,
S2522,Ali,90.4,62.61,94.74,32.8,3.08,AVERAGE,,,
S2523,Ahmed,63.04,72.44,64.45,64.4,4.58,AVERAGE,,,
S2524,Ahmed,89.96,53.83,57.57,80.7,3.54,AVERAGE,,,
S2525,John,63.58,53.65,81.96,73.2,1.42,AVERAGE,,,
S2526,Omar,51.66,86.67,74.41,61.6,5.92,AVERAGE,,,
S2527,Ali,75.85,97.76,54.94,23.2,1.44,AVERAGE,,,
S2528,Emma,59.83,59.42,83.88,26.3,1.8,AT RISK,,,
S2529,Maria,87.89,81.28,78.14,72.4,3.1,GOOD,,,
S2530,Emma,82.06,55.48,93.15,80.3,5.72,GOOD,,,
S2531,Sara,96.18,95.68,80.46,11.6,2.46,AVERAGE,,,
S2532,Sara,89.15,80.37,78.7,18.7,3.84,AVERAGE,,,
S2533,Ahmed,59.04,88.16,72.04,68,3.6,AVERAGE,,,
S2534,John,90.01,42.96,73.14,38.9,2.66,AVERAGE,,,
S2535,Sara,82.09,75.91,97.72,56.3,4.48,GOOD,,,
S2536,Ali,83.45,71.66,56.92,61.5,3.5,AVERAGE,,,
S2537,Emma,91.61,57.58,72.31,77.6,3.9,GOOD,,,
S2538,Emma,78.69,55.75,82.79,80.6,2.06,AVERAGE,,,
S2539,Ahmed,73.3,74.8,71.65,28,5.64,AVERAGE,,,
S2540,Omar,81.83,82.39,64.16,54.1,1.56,AVERAGE,,,
S2541,Omar,64.9,41.99,64.37,12.4,4.46,AT RISK,,,
S2542,Maria,59.13,74.04,61.68,84.2,5.42,GOOD,,,
S2543,Ahmed,80.83,50.23,67.2,84.5,1.42,AVERAGE,,,
S2544,Liam,61.69,48.42,93.58,30,1.14,AT RISK,,,
S2545,Maria,54,77.39,75.26,16.1,2.66,AVERAGE,,,
S2546,Liam,50.03,58.65,62.01,7,4.94,AT RISK,,,
S2547,Omar,80.42,66.45,69.23,57.5,4.58,AVERAGE,,,
S2548,Ahmed,68.11,61.6,55.29,9.1,5.12,AT RISK,,,
S2549,Liam,87.62,78.9,95.2,68.1,2.98,GOOD,,,
S2550,Ahmed,68.76,68.21,70.41,67.8,5.96,AVERAGE,,,
S2551,Ahmed,74.3,97.81,99.02,61.4,2.84,GOOD,,,
S2552,Omar,70.35,61.14,67.38,87.7,5.02,GOOD,,,
S2553,Maria,82.53,84.42,91.82,37.8,2.76,AVERAGE,,,
S2554,Maria,67.81,55.44,62.82,90.2,2.1,AVERAGE,,,
S2555,Ahmed,98.19,70.53,53.81,3.7,2.68,AVERAGE,,,
S2556,Sara,96.81,73.15,51.59,11.3,1.96,AVERAGE,,,
S2557,John,92.4,59.75,80.31,41.2,1.64,AVERAGE,,,
S2558,Omar,96.02,68.31,65.58,59.4,2.82,AVERAGE,,,
S2559,John,72.46,56.76,72.18,3.2,1.74,AT RISK,,,
S2560,John,76.82,40.36,90.93,56.7,3.52,AVERAGE,,,
S2561,Maria,87.1,52.94,62.41,30.7,1.18,AT RISK,,,
S2562,Maria,84.81,82,65.43,88.7,3.16,GOOD,,,
S2563,Sara,94.53,86.26,92.27,53.3,5.8,GOOD,,,
S2564,John,85.82,56.81,74.64,58.8,2.8,AVERAGE,,,
S2565,John,99.89,64.48,91.38,94.6,1.68,GOOD,,,
S2566,Ahmed,67.43,42.24,68.72,76.4,2.52,AVERAGE,,,
S2567,Maria,91.65,54.22,69.92,43.8,4.96,AVERAGE,,,
S2568,John,84.88,86.75,58.36,47.7,2.56,AVERAGE,,,
S2569,Emma,84.57,76.36,95.82,64.8,2.92,GOOD,,,
S2570,Sara,66.29,52.35,94.84,20,4.94,AVERAGE,,,
S2571,Liam,89.28,55.45,99.21,8.9,2.3,AVERAGE,,,
S2572,Emma,95.02,89.01,70.12,31.1,3.4,AVERAGE,,,
S2573,Emma,60.93,52.55,90.93,77.8,1.32,AVERAGE,,,
S2574,Liam,81.27,60.05,70.75,25.7,1.88,AVERAGE,,,
S2575,Omar,69.61,79.86,72.71,13.1,2.04,AVERAGE,,,
S2576,Omar,99.48,73.67,91.5,21.9,3.32,AVERAGE,,,
S2577,Sara,73.94,67.65,58.87,67.9,5.1,AVERAGE,,,
S2578,Emma,61.42,93.98,61.02,61.4,2.78,AVERAGE,,,
S2579,John,69.09,53.18,65.74,68.8,2.9,AVERAGE,,,
S2580,Maria,82.69,84.49,89.41,32.2,2.5,AVERAGE,,,
S2581,Sara,53.8,49.54,68.63,90.1,2.6,AVERAGE,,,
S2582,Ahmed,80.18,76.94,67.91,45.2,3.02,AVERAGE,,,
S2583,Liam,96.56,92.24,99.94,51.4,5.5,GOOD,,,
S2584,Emma,92.52,67.47,69.19,94.9,1.12,GOOD,,,
S2585,Sara,53.38,83.46,62.39,97.9,4.12,GOOD,,,
S2586,Ali,99.67,89.22,81.16,66.2,5.44,GOOD,,,
S2587,Ali,84.94,48.16,90.09,94.5,3.08,GOOD,,,
S2588,Omar,58.11,82.35,53.48,54.2,4.26,AVERAGE,,,
S2589,Liam,50.62,95.19,80.94,30.7,3.92,AVERAGE,,,
S2590,Maria,58.56,74.58,51.79,31.5,2.7,AVERAGE,,,
S2591,John,91.91,51.17,76.32,55.9,1.68,AVERAGE,,,
S2592,Maria,51.08,47.62,62.85,60.5,2.1,AVERAGE,,,
S2593,Maria,61.66,55.58,65.33,44,1.28,AT RISK,,,
S2594,Maria,87.87,46.21,73.35,88.4,4.82,GOOD,,,
S2595,Liam,79.31,70.8,96.36,42.7,3.66,AVERAGE,,,
S2596,Maria,89.14,44.18,85.53,27.3,4.92,AVERAGE,,,
S2597,Ahmed,87.31,53.4,96.84,0.8,2.46,AVERAGE,,,
S2598,Liam,52.53,66.39,83,97.1,5.02,GOOD,,,
S2599,Ahmed,94.63,68.43,50.36,82.4,2.54,AVERAGE,,,
S2600,Liam,61.35,73.92,63.28,61.6,1.6,AVERAGE,,,
S2601,Omar,77.67,82.34,95.29,83.1,3.66,GOOD,,,
S2602,Sara,82.21,42.83,82.17,81,5.72,GOOD,,,
S2603,Ali,58.43,44.84,99.08,93.2,3.08,AVERAGE,,,
S2604,Maria,98.81,43.65,57.8,38.6,3.58,AVERAGE,,,
S2605,Omar,74.41,65.39,64.84,55.5,3.26,AVERAGE,,,
S2606,Sara,52.88,42.51,68.12,9.9,3.28,AT RISK,,,
S2607,Ali,96.86,84.76,66.33,96.5,2.08,GOOD,,,
S2608,Emma,79.31,53.38,62.6,98.5,3.12,AVERAGE,,,
S2609,John,84.96,96.35,72.17,78.9,3.48,GOOD,,,
S2610,Ahmed,76.26,69.18,82.11,45.4,4.72,AVERAGE,,,
S2611,Emma,91.74,66.78,65.56,49.7,1.7,AVERAGE,,,
S2612,Liam,51.66,86.83,53.98,43.5,3.86,AVERAGE,,,
S2613,Ali,63.42,82.79,85.43,29.3,4.32,AVERAGE,,,
S2614,Emma,73.48,76.44,72.95,52.8,2.92,AVERAGE,,,
S2615,John,53.83,96.11,77.82,5.3,3.74,AVERAGE,,,
S2616,Omar,85.3,65.34,72.77,99.2,4.56,GOOD,,,
S2617,Ali,69.68,88.51,94.52,42.4,3.32,AVERAGE,,,
S2618,Emma,63.63,62.81,77.94,92.7,2.66,AVERAGE,,,
S2619,Ahmed,50.17,90.3,96.16,72.4,5.12,GOOD,,,
S2620,Ahmed,85.99,55.57,75.53,29,5.94,AVERAGE,,,
S2621,Sara,91.69,57.36,64.63,22.2,2.08,AVERAGE,,,
S2622,Emma,69.75,80.67,67.77,99.6,5.44,GOOD,,,
S2623,Maria,78.21,52.76,76.11,77.2,3.72,AVERAGE,,,
S2624,Emma,61.38,53.75,76.5,25,3.24,AT RISK,,,
S2625,Omar,81.11,58.32,84.37,6.7,5.46,AVERAGE,,,
S2626,Ali,50.61,80.74,61.22,69.7,5.56,AVERAGE,,,
S2627,Ali,74.43,93.36,82.94,30.3,2.36,AVERAGE,,,
S2628,Omar,82.21,80.47,88.93,22.1,2.8,AVERAGE,,,
S2629,Emma,95.91,89.67,83.83,73.5,5.26,GOOD,,,
S2630,Omar,69.07,72.61,74.09,67.9,3.46,AVERAGE,,,
S2631,John,88.26,44.14,99.58,48.1,2.44,AVERAGE,,,
S2632,Liam,79.88,46.03,70.24,94.3,5.82,GOOD,,,
S2633,Omar,96.35,73.26,55.33,68,2.08,AVERAGE,,,
S2634,Ahmed,69.92,59.67,91.08,89.3,4.06,GOOD,,,
S2635,Omar,65.95,53.23,60.61,19.1,3.14,AT RISK,,,
S2636,Ali,94.36,67.98,85.66,29.7,3.26,AVERAGE,,,
S2637,Ahmed,52.46,79.99,58.95,10.5,1.52,AT RISK,,,
S2638,Ali,56.82,63.1,50.84,30.5,2.28,AT RISK,,,
S2639,Sara,54.12,88.15,57.99,97.2,1.84,AVERAGE,,,
S2640,Maria,92.16,84.31,68.85,96.3,4.74,GOOD,,,
S2641,Ali,50.53,84.09,55.33,76,4.48,AVERAGE,,,
S2642,Ahmed,93.08,99.11,59.88,52.1,4.98,GOOD,,,
S2643,Sara,72.56,57.71,88.23,78.1,4.5,GOOD,,,
S2644,Ali,50.2,78.68,88.49,55.3,1.64,AVERAGE,,,
S2645,John,70.08,91.33,90.87,0.4,5.9,AVERAGE,,,
S2646,Omar,59.34,74.77,92.06,50.2,1.94,AVERAGE,,,
S2647,Maria,81.22,87.37,71.02,59.9,2.76,AVERAGE,,,
S2648,Ali,83.97,64.87,93.38,26.6,4.54,AVERAGE,,,
S2649,Sara,74.38,75.43,76.3,20.3,1.7,AVERAGE,,,
S2650,John,52.03,43.34,73.53,27.4,1.86,AT RISK,,,
S2651,Emma,82.81,99.15,85.93,62.4,5.38,GOOD,,,
S2652,Sara,92.1,88,60.69,14.6,2.66,AVERAGE,,,
S2653,Omar,86.02,92.13,89.47,72,4.32,GOOD,,,
S2654,Sara,91.5,81.66,71.47,42.3,5.3,AVERAGE,,,
S2655,John,60.03,51.16,56.36,35.3,5.86,AVERAGE,,,
S2656,Sara,94.44,41.86,55.97,80.7,2.06,AVERAGE,,,
S2657,John,66.11,91.88,58.25,50.6,1.62,AVERAGE,,,
S2658,Ali,50.67,63.78,94.53,37.8,4.7,AVERAGE,,,
S2659,Liam,92.17,55.83,99.55,87.8,1.94,GOOD,,,
S2660,John,97.09,73.7,67.85,36.8,3.9,AVERAGE,,,
S2661,John,82.78,65.25,64.61,85.9,3.66,GOOD,,,
S2662,Maria,61.57,79.1,60.94,50.4,3.8,AVERAGE,,,
S2663,John,62.59,69.03,91.19,20.8,4.24,AVERAGE,,,
S2664,John,73.33,81.83,60.46,61.3,5.26,AVERAGE,,,
S2665,Emma,94.89,91.21,96.2,28.5,2.36,AVERAGE,,,
S2666,Liam,57.48,51.73,83.37,14.7,3.78,AT RISK,,,
S2667,Ali,91.3,59.77,94.86,8.7,2.68,AVERAGE,,,
S2668,Omar,64.57,66.21,77.7,24.2,2.6,AVERAGE,,,
S2669,Maria,90.43,97.72,84.53,73.7,1.1,GOOD,,,
S2670,Emma,96.01,61.92,80.97,83.8,4,GOOD,,,
S2671,Ahmed,71.37,62.87,91.56,86.2,5.86,GOOD,,,
S2672,Liam,68.25,79.21,91.79,27,4.8,AVERAGE,,,
S2673,Ali,90.11,65.15,79.49,66.1,2.22,AVERAGE,,,
S2674,Ali,76.47,97.07,81.63,23,4.58,AVERAGE,,,
S2675,Ahmed,84.22,93.67,96.09,62.3,2.48,GOOD,,,
S2676,Omar,81.14,70.8,96.49,88.7,4.76,GOOD,,,
S2677,John,57.64,78.69,83.21,4.1,5.28,AVERAGE,,,
S2678,Emma,92.24,43.48,50.39,98.5,2.68,AVERAGE,,,
S2679,Sara,59.79,81.74,55.22,82.7,1.02,AVERAGE,,,
S2680,Maria,96.61,82.43,92.9,76.2,2.52,GOOD,,,
S2681,Sara,62.53,61.55,54.24,69.1,2.02,AVERAGE,,,
S2682,Ahmed,86.69,53.18,60.68,77,4.1,AVERAGE,,,
S2683,Ali,64.23,94.9,61.53,99.5,2.46,GOOD,,,
S2684,Omar,65.89,65.6,80.01,77,1.18,AVERAGE,,,
S2685,Ali,65.5,79.22,78.83,35.2,3.66,AVERAGE,,,
S2686,Maria,87.39,42,64.47,61.4,5.38,AVERAGE,,,
S2687,Ali,77.84,64.84,60.38,33.7,3.26,AVERAGE,,,
S2688,Ali,94.15,89.04,88.23,97,2.88,GOOD,,,
S2689,Maria,65.37,63.25,96.77,90,1.9,AVERAGE,,,
S2690,Emma,84.6,76.19,52.64,56.8,2.94,AVERAGE,,,
S2691,Emma,87.65,52.59,56.66,78.1,2.66,AVERAGE,,,
S2692,Maria,57.57,64.99,82.11,91,5.98,GOOD,,,
S2693,Omar,70.03,95.66,90.22,24.4,1.16,AVERAGE,,,
S2694,Ahmed,74.14,73.99,89.56,57.9,2.2,AVERAGE,,,
S2695,Liam,67.78,94.12,85.98,48.2,1.34,AVERAGE,,,
S2696,Ali,66.11,94.12,94.37,77.2,5.28,GOOD,,,
S2697,Omar,84.32,96.65,60.87,37.9,3.08,AVERAGE,,,
S2698,Ali,60.79,93.72,55.36,70.9,4.98,GOOD,,,
S2699,Liam,85.47,40.2,80.77,40.3,4.46,AVERAGE,,,
S2700,Ahmed,96.75,96.04,91.11,11.1,5.64,GOOD,,,
S2701,Emma,78.26,48.25,79.1,10.7,1.12,AT RISK,,,
S2702,Omar,80.57,42.4,98.15,11.9,2.04,AT RISK,,,
S2703,John,53.45,43.32,89.78,3.3,4.52,AT RISK,,,
S2704,John,93.22,60.93,85.04,53.3,3.92,AVERAGE,,,
S2705,Liam,64.27,77.25,53.01,67.2,4.48,AVERAGE,,,
S2706,John,80.75,64.14,55.39,12.7,3.88,AVERAGE,,,
S2707,Emma,98.96,41.53,89.24,61.2,3.9,AVERAGE,,,
S2708,Liam,79.78,68.59,59.91,59.8,5.66,AVERAGE,,,
S2709,Emma,86.24,66.53,51.44,14.7,5.6,AVERAGE,,,
S2710,Ahmed,72.27,85.41,95.54,40.4,1.18,AVERAGE,,,
S2711,Ali,53.02,56.78,94.54,75.5,3.06,AVERAGE,,,
S2712,Ahmed,89.88,53.05,60.92,1.7,3.56,AT RISK,,,
S2713,Ahmed,51.75,55.36,89.01,14.7,2.78,AT RISK,,,
S2714,Emma,85.03,58.22,52.4,99.6,1.24,AVERAGE,,,
S2715,Liam,51.15,75.95,64.25,73.4,3.36,AVERAGE,,,
S2716,Liam,93.12,68.29,81.18,46.4,5.88,GOOD,,,
S2717,John,57.88,60.21,88.16,63,1.36,AVERAGE,,,
S2718,Sara,75.71,62.46,50.52,84.6,5.08,AVERAGE,,,
S2719,Ali,79.86,62.26,66.31,84.2,1.98,AVERAGE,,,
S2720,Emma,72.88,98.34,60.72,32.5,3.88,AVERAGE,,,
S2721,John,67.04,53.98,99.94,49.1,2.94,AVERAGE,,,
S2722,Omar,73.39,89.08,83.55,63.8,2.74,GOOD,,,
S2723,Sara,65.57,82.49,70.28,7.2,5.36,AVERAGE,,,
S2724,Sara,71.91,40.33,53.78,94.6,5.86,AVERAGE,,,
S2725,Emma,67.95,99.59,79.93,43.3,2.94,AVERAGE,,,
S2726,Maria,78.31,85.39,82.09,37.1,4.2,AVERAGE,,,
S2727,Ali,61.9,80.95,90.82,90.7,3.78,GOOD,,,
S2728,Sara,99.43,64.32,64.43,11.8,1.38,AVERAGE,,,
S2729,Emma,75.04,73.31,99.07,3.9,1.2,AVERAGE,,,
S2730,Emma,59.71,55.2,71.97,68.5,4.86,AVERAGE,,,
S2731,John,73.85,42.13,64.8,38.5,2.98,AVERAGE,,,
S2732,Omar,93.32,90.16,67.42,76.4,2.54,GOOD,,,
S2733,Maria,51.09,93.79,75.98,6.9,5.92,AVERAGE,,,
S2734,Ali,83.98,49.75,96.84,38.4,1.42,AVERAGE,,,
S2735,Liam,77.4,87.22,86.76,23.5,2.34,AVERAGE,,,
S2736,Ahmed,58.48,84.47,78.86,74,5.28,GOOD,,,
S2737,Omar,90.87,50.7,58.14,22.7,3.08,AVERAGE,,,
S2738,Omar,68.44,65.31,57.47,45.8,3.92,AVERAGE,,,
S2739,John,64.69,65.37,75.11,81.9,1.24,AVERAGE,,,
S2740,Liam,91.41,85.6,86.44,91.5,5.6,EXCELLENT,,,
S2741,Sara,81.93,90.26,87.55,72.3,1.68,GOOD,,,
S2742,Sara,94.91,45.69,61.3,42.9,2.06,AVERAGE,,,
S2743,John,81.49,73.78,55,57.2,1.78,AVERAGE,,,
S2744,Emma,87.04,85.7,69.22,69,3.48,GOOD,,,
S2745,Sara,91.82,87.17,95.91,87.5,5.08,EXCELLENT,,,
S2746,Maria,52.74,48.88,77.27,88.9,2.34,AVERAGE,,,
S2747,Ali,88.8,71.53,66,93.1,1.72,GOOD,,,
S2748,Omar,80.69,91.45,66.18,81.1,3.04,GOOD,,,
S2749,Omar,53.48,59.11,56.6,14.7,5.9,AT RISK,,,
S2750,Maria,75.43,65.51,73.66,74.8,1.06,AVERAGE,,,
S2751,Liam,54.12,88.26,89.57,81.5,3.52,GOOD,,,
S2752,Sara,86.8,45.36,98.43,87.8,4.34,GOOD,,,
S2753,Omar,77.33,91.57,75.08,92.5,5.04,GOOD,,,
S2754,Ahmed,97.68,58.67,58.36,50.9,4.74,AVERAGE,,,
S2755,Liam,59.16,40.09,84.15,65.5,1.38,AVERAGE,,,
S2756,Ali,80.3,54.05,87.84,1,3.3,AT RISK,,,
S2757,Ali,60.58,45.37,53.58,57.3,1.4,AT RISK,,,
S2758,Omar,80.7,45.54,92.51,47.3,4.1,AVERAGE,,,
S2759,John,86.13,81.57,91.47,96.2,1.38,GOOD,,,
S2760,Liam,86.12,52.84,73.63,90.2,1.24,AVERAGE,,,
S2761,Omar,90.75,96.08,78.02,79.8,2.54,GOOD,,,
S2762,John,92.68,70.99,85.67,5.7,5.7,AVERAGE,,,
S2763,Omar,53.86,67.61,83.84,40.2,4.54,AVERAGE,,,
S2764,Ahmed,67.16,66.06,50.83,69.6,1.02,AVERAGE,,,
S2765,Liam,84.36,81.56,56.12,3,2.42,AVERAGE,,,
S2766,Emma,74.93,67.14,58.13,23.6,1.08,AT RISK,,,
S2767,Ali,59.53,47.72,87.78,88.8,2.48,AVERAGE,,,
S2768,Omar,77.64,92.81,72,13,4.42,AVERAGE,,,
S2769,Ahmed,70.37,65.7,77.28,5.1,4.8,AVERAGE,,,
S2770,John,69.5,44.44,88.63,58.1,5.02,AVERAGE,,,
S2771,John,90.49,71.76,67.05,94.6,5.54,GOOD,,,
S2772,Ali,70.38,78.84,87.44,83.5,2.82,GOOD,,,
S2773,Maria,51.32,56.53,72.11,97.5,5.32,AVERAGE,,,
S2774,Omar,52.9,88.02,68.86,75.4,4.64,GOOD,,,
S2775,Liam,92.81,80.19,66.65,43.7,3.68,AVERAGE,,,
S2776,Sara,98.03,79.02,98.25,94.7,5.78,EXCELLENT,,,
S2777,John,84.42,65.25,88.6,42.7,5.74,AVERAGE,,,
S2778,Liam,68.22,97.71,51.01,35,5.48,AVERAGE,,,
S2779,Liam,96.93,56.45,97.87,44.8,2.02,AVERAGE,,,
S2780,Emma,83.14,74.66,88.77,81.4,2.04,GOOD,,,
S2781,Liam,92.22,58.54,57.46,91.8,5.5,GOOD,,,
S2782,Liam,88.29,84.69,53.82,35.8,2.98,AVERAGE,,,
S2783,Emma,68.96,42.87,65.41,46.2,4.98,AVERAGE,,,
S2784,John,73.94,42.75,81.21,89.8,4.44,AVERAGE,,,
S2785,Liam,59.31,88.65,80.83,4.7,4.82,AVERAGE,,,
S2786,Maria,64.6,66.06,63.79,78.4,1.14,AVERAGE,,,
S2787,Maria,88.91,60.47,72.28,45.4,3.14,AVERAGE,,,
S2788,Ahmed,94.7,76.45,60.59,37.7,5.28,AVERAGE,,,
S2789,Emma,86.22,82.11,52.53,44.7,3.44,AVERAGE,,,
S2790,Ahmed,73.26,52.07,75.85,41.9,4.46,AVERAGE,,,
S2791,Emma,54.33,51.13,67.35,75.7,4.78,AVERAGE,,,
S2792,Omar,52.85,97.49,77.14,92.8,1.6,GOOD,,,
S2793,Omar,68.72,75.38,97.33,49.1,1.78,AVERAGE,,,
S2794,Liam,73.19,63.41,57.17,83.3,4.62,AVERAGE,,,
S2795,Sara,80.46,88.09,50.1,73.2,1.28,AVERAGE,,,
S2796,Omar,50.32,71.51,53.84,33.1,2.7,AT RISK,,,
S2797,Sara,99.49,54.5,73.14,58.7,5.6,AVERAGE,,,
S2798,Omar,68.2,52.4,85.35,66.7,3.88,AVERAGE,,,
S2799,Ali,92.4,63.81,79.04,2.3,5.56,AVERAGE,,,
S2800,Omar,76.75,91.59,74.74,39.6,2.54,AVERAGE,,,
S2801,Ahmed,56.52,43.69,67.7,99.3,4.18,AVERAGE,,,
S2802,John,89.88,53.11,65.5,63.7,2.44,AVERAGE,,,
S2803,Liam,85.49,93.59,68.81,33.4,1.56,AVERAGE,,,
S2804,Ahmed,76.37,47.3,80.58,25,5.96,AVERAGE,,,
S2805,John,75.73,77.78,58.39,20.9,1.88,AVERAGE,,,
S2806,Maria,54.37,52.81,88.57,40.2,1.94,AVERAGE,,,
S2807,Ahmed,82.79,76.35,78.76,19.3,5.2,AVERAGE,,,
S2808,Maria,95.56,62.99,63.46,13.5,5.02,AVERAGE,,,
S2809,Sara,54.66,46.1,75.06,36.4,5.88,AVERAGE,,,
S2810,Sara,63.18,74.95,98.14,60.7,1.36,AVERAGE,,,
S2811,Ali,95.12,80.98,51.02,14.6,1.48,AVERAGE,,,
S2812,Omar,64.22,80.82,59.98,4.4,3.24,AT RISK,,,
S2813,Ahmed,82.7,78.22,72.42,3.5,3.96,AVERAGE,,,
S2814,Maria,76.74,70.01,81.92,26.7,1.2,AVERAGE,,,
S2815,John,79.82,71.17,60.61,19,1.8,AVERAGE,,,
S2816,Sara,70.79,78.14,96.57,53.9,4.52,GOOD,,,
S2817,Omar,65,81.42,82.13,45.6,4.34,AVERAGE,,,
S2818,Sara,52.43,79.29,93.87,32.5,1.44,AVERAGE,,,
S2819,John,87.21,75.22,66.47,83.4,5.66,GOOD,,,
S2820,Omar,87.3,49.35,91.45,50.5,2.28,AVERAGE,,,
S2821,Omar,83.54,52.64,68.91,9.2,5.44,AVERAGE,,,
S2822,Maria,82.18,55.61,62.64,29.6,5.62,AVERAGE,,,
S2823,Maria,62.19,95.18,95.58,97.3,3.46,GOOD,,,
S2824,Ahmed,51.12,85.56,54.61,97.7,3.06,AVERAGE,,,
S2825,Ahmed,90.44,73.17,97.14,25.5,2.4,AVERAGE,,,
S2826,Emma,74.56,55.12,72.93,16.7,5.04,AVERAGE,,,
S2827,Liam,65.34,46.65,99.63,49.6,1.98,AVERAGE,,,
S2828,Emma,55.1,93.93,76.98,48.1,4.12,AVERAGE,,,
S2829,Ali,53.14,93.56,87.87,41,3.84,AVERAGE,,,
S2830,Sara,67.44,46.64,50.35,52.9,2.24,AVERAGE,,,
S2831,Ahmed,90.24,87.83,74.83,23.2,5.92,AVERAGE,,,
S2832,Maria,95.94,66.8,86.87,11.5,5.24,AVERAGE,,,
S2833,John,94.84,59.44,89.14,57,1.1,AVERAGE,,,
S2834,Maria,96,84.35,57.9,93.3,3.12,GOOD,,,
S2835,Sara,95.39,76.86,70.95,13.8,2.8,AVERAGE,,,
S2836,Emma,76.36,86.8,70.95,70.5,5.42,GOOD,,,
S2837,Maria,60.97,44.46,55.18,43.8,2.32,AT RISK,,,
S2838,Liam,89.9,59.12,72.15,29.4,6,AVERAGE,,,
S2839,Ali,60.69,59.16,90.35,85.3,2,AVERAGE,,,
S2840,Sara,63.36,59.79,65.01,45.6,2.22,AVERAGE,,,
S2841,Emma,61.66,70.15,71.63,58.3,4.34,AVERAGE,,,
S2842,Liam,75.75,56.98,98.05,44.3,1.8,AVERAGE,,,
S2843,John,66.09,66.66,51.59,8.1,5.44,AT RISK,,,
S2844,Emma,57.71,62.07,79.58,59.5,1.54,AVERAGE,,,
S2845,Omar,72.66,84.12,87.17,41.9,5.92,GOOD,,,
S2846,Liam,93.7,76.21,88.04,8.7,5.38,AVERAGE,,,
S2847,Liam,78.53,79.22,85.8,59.6,5.2,GOOD,,,
S2848,Ali,93.92,52.64,86.32,1,3.04,AVERAGE,,,
S2849,Sara,59.79,59.53,52.95,20.9,3.56,AT RISK,,,
S2850,John,58.35,41.27,76.71,78.1,3.28,AVERAGE,,,
S2851,Ali,78.78,46.5,89.15,3.8,5.94,AVERAGE,,,
S2852,Emma,73.17,55.9,54.7,64.7,1.18,AVERAGE,,,
S2853,Ali,83.01,43.93,50.6,95,2.9,AVERAGE,,,
S2854,Liam,89.73,76.16,90.73,17.1,5.84,AVERAGE,,,
S2855,Sara,87.57,99.89,85.61,41.7,2.84,GOOD,,,
S2856,Ahmed,97.11,46.05,70.61,57.5,3,AVERAGE,,,
S2857,Ali,69.91,89.27,97.02,45,4.16,AVERAGE,,,
S2858,Omar,60.32,47.13,88.33,62,5.54,AVERAGE,,,
S2859,Ali,77.55,80.19,98.39,40.4,2.48,AVERAGE,,,
S2860,Emma,55.54,78.59,96.47,14.9,5.74,AVERAGE,,,
S2861,Emma,64.44,94.16,74.06,8.9,2.42,AVERAGE,,,
S2862,John,60.39,46.84,87.74,74.4,5.08,AVERAGE,,,
S2863,Emma,69.83,58.93,83.46,23.9,2.38,AVERAGE,,,
S2864,Maria,55.56,45.45,90.57,84.7,1.36,AVERAGE,,,
S2865,Sara,51.59,64.44,89.38,74.3,5.06,AVERAGE,,,
S2866,Sara,82.84,94.7,57.66,4.9,3.26,AVERAGE,,,
S2867,Ahmed,80.51,86.89,61.69,20.1,2.96,AVERAGE,,,
S2868,Ahmed,85.42,83.37,63.29,29.2,3.14,AVERAGE,,,
S2869,Sara,83.02,71.98,90.92,59.4,4.06,GOOD,,,
S2870,Omar,55.71,93.01,90.54,81,2.32,GOOD,,,
S2871,Ahmed,64.55,66.97,74.77,6,2.18,AT RISK,,,
S2872,John,56.48,48.98,79.04,25,3.42,AT RISK,,,
S2873,Emma,92.15,90.26,91.35,37.6,1.18,AVERAGE,,,
S2874,Sara,87.35,56.78,65.63,18.3,4.22,AVERAGE,,,
S2875,Liam,60.08,43.22,52.51,54.5,5.12,AVERAGE,,,
S2876,Ahmed,67.07,47.56,74.13,47.8,4.64,AVERAGE,,,
S2877,Sara,98.33,76.54,95.69,31.6,3.34,AVERAGE,,,
S2878,Maria,79.71,76.42,89.52,51.7,3.82,AVERAGE,,,
S2879,Ali,90.06,55.61,68.33,35.6,1.14,AVERAGE,,,
S2880,Emma,63.23,83.63,53.24,34.3,5.56,AVERAGE,,,
S2881,Sara,60.5,86.42,81.85,26.5,3.8,AVERAGE,,,
S2882,Ali,89.2,95.23,91.72,54,2.58,GOOD,,,
S2883,Ahmed,84.29,75.1,83.25,44.4,2.46,AVERAGE,,,
S2884,Ali,84.05,86.77,71.25,19.6,4.3,AVERAGE,,,
S2885,Emma,77.63,85.19,56.17,1.3,3.92,AVERAGE,,,
S2886,Sara,78.18,55.47,95.54,15.1,1.94,AVERAGE,,,
S2887,Maria,86.78,58.61,63.8,4.3,3.04,AT RISK,,,
S2888,Omar,63.5,68.71,61.21,43.2,4.38,AVERAGE,,,
S2889,Ahmed,67.64,41.14,90.8,22.5,2.48,AT RISK,,,
S2890,Sara,93.58,57.84,99.06,42,3.54,AVERAGE,,,
S2891,Emma,65.44,68.43,83.01,32.9,2.28,AVERAGE,,,
S2892,Ahmed,77.32,46.48,81.24,53.8,1.36,AVERAGE,,,
S2893,John,85.13,47.58,65.97,72.4,2.94,AVERAGE,,,
S2894,Ali,100,67.79,51.02,47.9,4.66,AVERAGE,,,
S2895,Omar,71.76,83.86,59.59,6.2,2.06,AT RISK,,,
S2896,Emma,71.4,90.02,79.22,1.8,4.78,AVERAGE,,,
S2897,John,92.13,72.78,57.57,21.3,4.34,AVERAGE,,,
S2898,Liam,90.28,68.48,94.19,42.5,3.54,AVERAGE,,,
S2899,Sara,86.55,63.06,59.41,4.5,5.86,AVERAGE,,,
S2900,Maria,73.16,51.58,76.11,32.8,5.42,AVERAGE,,,
S2901,Ahmed,66.2,48.79,75.6,88.7,3.82,AVERAGE,,,
S2902,Ali,80.44,87.51,80.2,9,3.78,AVERAGE,,,
S2903,Ahmed,93.81,67.9,66.37,94.9,2.38,GOOD,,,
S2904,Omar,94.19,87.42,93.68,85.7,5.6,EXCELLENT,,,
S2905,Sara,55.42,82.24,72.22,83.2,5.48,GOOD,,,
S2906,Ahmed,71.42,51.63,85.01,86.4,4.72,GOOD,,,
S2907,Ali,73.24,70.62,81.8,8,1.64,AT RISK,,,
S2908,Sara,98.88,66.64,55.86,15.1,4.52,AVERAGE,,,
S2909,Ahmed,83.9,65.43,81.13,13.4,2.26,AVERAGE,,,
S2910,Maria,70.36,72.55,77.54,11.1,1.94,AVERAGE,,,
S2911,Emma,51.3,98.92,94.93,32.8,4.8,AVERAGE,,,
S2912,Sara,78.27,88.77,94.04,83,5.8,GOOD,,,
S2913,Emma,54.8,94.22,57.55,25.2,1.54,AVERAGE,,,
S2914,Liam,91.72,41.78,54.08,24.4,1.82,AT RISK,,,
S2915,Sara,87.63,48.42,64.73,67.6,2.1,AVERAGE,,,
S2916,Maria,73.03,45.09,99.33,9.7,5.82,AVERAGE,,,
S2917,Emma,71.46,55.79,51.08,36,4.48,AVERAGE,,,
S2918,John,94.87,66.51,83.64,29.5,4.4,AVERAGE,,,
S2919,Ali,64.42,78.52,80.43,84.7,3.52,GOOD,,,
S2920,John,62.45,70.05,82.33,51.5,3.68,AVERAGE,,,
S2921,Ahmed,96.96,94.19,60.91,64.6,2.46,GOOD,,,
S2922,Maria,90.46,96.39,61.34,12.9,1.78,AVERAGE,,,
S2923,John,91.03,49.81,71.53,92.9,4.9,GOOD,,,
S2924,Sara,59.76,91.17,54.79,32.2,3.36,AVERAGE,,,
S2925,Ahmed,57.16,68.9,53.73,70.7,2.28,AVERAGE,,,
S2926,Ahmed,51.3,67.2,54.42,95.5,4.16,AVERAGE,,,
S2927,John,61.85,87.1,78.65,50.9,2.04,AVERAGE,,,
S2928,Liam,88.71,45.59,69.89,50.8,3.44,AVERAGE,,,
S2929,John,62,92.95,64.68,11.7,1.96,AVERAGE,,,
S2930,Liam,86.46,80.25,65.79,39,4.8,AVERAGE,,,
S2931,Maria,62.6,92.52,60.36,85.2,2.6,GOOD,,,
S2932,Ali,69.76,99.67,70.58,13.5,3.2,AVERAGE,,,
S2933,John,99.16,71.08,60.15,91.8,4.78,GOOD,,,
S2934,Omar,62.24,45.6,84.9,66.7,4.3,AVERAGE,,,
S2935,Liam,68.82,49.99,56.2,42.1,3,AVERAGE,,,
S2936,John,65.05,59.42,97.41,54.6,1.36,AVERAGE,,,
S2937,Emma,55.48,46.21,54.49,15,5.6,AT RISK,,,
S2938,Sara,74.49,88.92,97.17,21.7,1.04,AVERAGE,,,
S2939,Omar,68.93,57.81,91.66,28.6,4.68,AVERAGE,,,
S2940,Omar,84.74,98.55,84.04,38.5,5.72,GOOD,,,
S2941,Liam,90.88,82.16,95.62,91.6,2.54,GOOD,,,
S2942,Emma,77.21,50.41,56.96,36.8,1.38,AT RISK,,,
S2943,Emma,51.61,68.56,58.82,52.4,2.24,AVERAGE,,,
S2944,Ahmed,80.95,68.01,62.61,16.2,2.56,AVERAGE,,,
S2945,Liam,52.77,69.55,62.24,73.6,3.26,AVERAGE,,,
S2946,Ali,80.82,72.14,65.54,56,3.62,AVERAGE,,,
S2947,Sara,84.25,41.87,78.78,44,4.62,AVERAGE,,,
S2948,Maria,59.89,81.18,51.41,94.7,5.5,GOOD,,,
S2949,Omar,90.97,69.23,69.11,89.1,3.32,GOOD,,,
S2950,Maria,95.55,87.46,62.32,66,4.74,GOOD,,,
S2951,John,90.65,88.92,80.33,92.2,1.64,GOOD,,,
S2952,John,65.26,53.83,99.26,56.5,2.64,AVERAGE,,,
S2953,Maria,79.33,42.91,75.88,82.7,1.6,AVERAGE,,,
S2954,John,95.74,82.19,71.28,40.9,4.46,AVERAGE,,,
S2955,Ali,66.03,98.67,68.41,8.7,5.54,AVERAGE,,,
S2956,Emma,91,66.8,89.25,99.4,5.44,GOOD,,,
S2957,John,50.47,55.58,53.6,16.6,2.64,AT RISK,,,
S2958,Ahmed,50.18,49.4,97.99,25.2,2.18,AT RISK,,,
S2959,John,87.99,57.25,70.9,16.3,2.38,AVERAGE,,,
S2960,Sara,88.07,59.68,65.69,33.7,2.44,AVERAGE,,,
S2961,Ali,89.45,65.43,98.7,28.9,1.42,AVERAGE,,,
S2962,Sara,96.5,79.32,96.79,60.1,1.66,GOOD,,,
S2963,Sara,55.9,56.39,82.1,99.6,2.08,AVERAGE,,,
S2964,Ahmed,61.6,43.06,50.93,5.3,1.04,AT RISK,,,
S2965,Ali,95.19,62.4,87.43,77.8,1.24,AVERAGE,,,
S2966,Ali,58.86,91.34,66.78,12.8,4.5,AVERAGE,,,
S2967,Liam,84.11,69.9,69.41,2,4.1,AVERAGE,,,
S2968,Ali,76.52,97.89,57.94,63.9,5.72,GOOD,,,
S2969,Ali,54.16,70.22,76.17,87.3,3,AVERAGE,,,
S2970,Ali,64.26,56.55,87.23,17.6,3.22,AVERAGE,,,
S2971,Ahmed,76.02,51.6,63.65,34.2,1.34,AT RISK,,,
S2972,John,92.62,81.67,96.94,16.9,1.76,AVERAGE,,,
S2973,Liam,85.38,72.18,59.74,90.7,4.46,GOOD,,,
S2974,Sara,81.09,76.24,53.31,27,2.18,AVERAGE,,,
S2975,Ali,74.8,85.31,82.22,44.5,4.86,AVERAGE,,,
S2976,Omar,64.93,83.55,92.47,89.5,4.52,GOOD,,,
S2977,John,55.96,42.6,97.66,55.3,4.74,AVERAGE,,,
S2978,John,70.45,88.15,88.36,93.3,4.46,GOOD,,,
S2979,Sara,51.43,71.96,59.98,92.6,4.54,AVERAGE,,,
S2980,Ahmed,60.55,63.5,98.88,46.2,3.74,AVERAGE,,,
S2981,Maria,71.62,72.25,95.97,58.2,4.4,AVERAGE,,,
S2982,Maria,70.93,76.75,58.16,23,3.64,AVERAGE,,,
S2983,John,52.21,48.97,77.94,99.1,2.04,AVERAGE,,,
S2984,Emma,79.45,65.04,77.78,27.8,2.08,AVERAGE,,,
S2985,Emma,77.48,60.14,72.13,78.3,3.02,AVERAGE,,,
S2986,Sara,53.91,61.02,99.21,31.3,1.06,AVERAGE,,,
S2987,Maria,97.16,45.48,52.98,31.3,5.44,AVERAGE,,,
S2988,John,54.97,49.59,81.36,10.4,2.34,AT RISK,,,
S2989,Ahmed,92.74,49.71,60.27,56,1.26,AVERAGE,,,
S2990,Maria,50.02,62.39,76.37,24.5,3.12,AT RISK,,,
S2991,John,94.11,93.67,88.99,14.8,5.08,AVERAGE,,,
S2992,John,50.99,52.36,62.34,22.7,2.98,AT RISK,,,
S2993,Ali,87.89,64.97,69.67,25.1,2.32,AVERAGE,,,
S2994,Ahmed,68.08,58.7,97.54,50.4,3.72,AVERAGE,,,
S2995,Ali,86.91,87.24,88.07,38.6,3.88,AVERAGE,,,
S2996,Sara,70.09,43.01,78.64,7.5,4.8,AT RISK,,,
S2997,Ali,53.55,51.79,61.1,53.6,5,AVERAGE,,,
S2998,Omar,88.38,52.64,71.27,78.8,4.54,AVERAGE,,,
S2999,Ali,53.56,99.58,88.7,57.4,1.02,AVERAGE,,,
S3000,Omar,96.11,74.25,91.03,97.5,1.02,GOOD,,,
S3001,Maria,52.55,48.34,62.23,9.9,5.88,AT RISK,,,
S3002,Emma,73.97,56.33,83.1,82.1,2.32,AVERAGE,,,
S3003,Liam,86.15,50.07,54.75,50.6,2.42,AVERAGE,,,
S3004,Liam,69.66,47.48,51.16,52.2,4.66,AVERAGE,,,
S3005,John,60.86,87.83,77.43,51.9,3.9,AVERAGE,,,
S3006,Liam,87.95,69.75,61.22,32.5,3.32,AVERAGE,,,
S3007,Omar,89.21,77.87,53.95,32.5,1.58,AVERAGE,,,
S3008,Ahmed,96.13,59.88,86.49,63.2,1.4,AVERAGE,,,
S3009,Ali,68.81,73.22,74.9,4.5,4.52,AVERAGE,,,
S3010,Omar,75.31,55.45,89.81,58.9,1.62,AVERAGE,,,
S3011,Ahmed,68.16,58.48,83.2,72.5,3.18,AVERAGE,,,
S3012,Emma,62.85,79.13,86.49,35.6,4.68,AVERAGE,,,
S3013,Liam,87.55,49.02,65.37,21.7,5.62,AVERAGE,,,
S3014,Emma,66.98,77.03,63.16,21.3,5.36,AVERAGE,,,
S3015,Liam,71.41,91.13,80.04,8.2,5.32,AVERAGE,,,
S3016,Ali,70.18,47.23,60,9,2.8,AT RISK,,,
S3017,Sara,85.63,93.85,90.77,16.7,5.64,AVERAGE,,,
S3018,Ali,95.89,44.77,76.15,1.9,4.42,AVERAGE,,,
S3019,Maria,83.34,60.93,61.35,26.6,5.44,AVERAGE,,,
S3020,Omar,73.58,76.63,81.26,30.6,1.44,AVERAGE,,,
S3021,John,88.96,73.56,97.25,99.5,1.2,GOOD,,,
S3022,Sara,82.05,45.78,54.1,99.2,3.14,AVERAGE,,,
S3023,Ali,53.03,87.93,55.47,18.7,5.14,AVERAGE,,,
S3024,Ahmed,54.78,98.39,92.19,21.3,3.04,AVERAGE,,,
S3025,Sara,51.9,50.87,55.48,49.2,5.42,AVERAGE,,,
S3026,Omar,72.84,93.71,51.97,14.9,2.18,AVERAGE,,,
S3027,Liam,91.29,73.41,67.4,50.4,1.2,AVERAGE,,,
S3028,Sara,65.65,96.16,73.34,39.9,4.8,AVERAGE,,,
S3029,Liam,69.21,50.57,78.47,32.5,4.14,AVERAGE,,,
S3030,Omar,95.47,87.52,75.37,82.3,3.2,GOOD,,,
S3031,Ali,91.85,43.59,95.66,82.8,5.22,GOOD,,,
S3032,Omar,83.25,92.99,88.43,98.8,5.12,EXCELLENT,,,
S3033,Sara,63.34,80.45,99.19,22.3,2.62,AVERAGE,,,
S3034,Ahmed,55.85,62.22,73.82,88.8,5.18,AVERAGE,,,
S3035,Emma,50.8,51.43,54.22,53.8,2.72,AT RISK,,,
S3036,Sara,55.35,88.99,97.78,59.1,4.1,GOOD,,,
S3037,Omar,64.63,76.19,50.21,89.6,1.96,AVERAGE,,,
S3038,Emma,77.59,61.62,88.8,94.3,2.32,GOOD,,,
S3039,Omar,53.2,66.63,51.56,72.7,3.24,AVERAGE,,,
S3040,Ahmed,56.81,89.59,88.06,34.8,2.58,AVERAGE,,,
S3041,Omar,59.05,60.34,96.9,49,1.64,AVERAGE,,,
S3042,Ali,81.6,45.38,69.46,61.5,3.42,AVERAGE,,,
S3043,John,80.79,94.68,62.05,82.9,3.56,GOOD,,,
S3044,Liam,77.54,63.24,61.31,65.8,1.8,AVERAGE,,,
S3045,Liam,62.53,60.9,74.59,36.5,1.88,AVERAGE,,,
S3046,Sara,68.56,52.26,58.54,41.8,1.14,AT RISK,,,
S3047,John,54.83,93.85,83.65,5,1.16,AVERAGE,,,
S3048,Omar,61.32,53.05,68.42,92.4,2.8,AVERAGE,,,
S3049,Ahmed,94.89,78.2,66.16,8.8,1.74,AVERAGE,,,
S3050,Sara,98.98,92.85,73.06,58,5.6,GOOD,,,
S3051,Omar,82.38,42.09,77.13,87.2,2,AVERAGE,,,
S3052,Emma,95.84,89.73,57.1,42.1,1.32,AVERAGE,,,
S3053,Maria,82.14,64.64,85.39,80,3.02,GOOD,,,
S3054,Omar,51.66,79.48,94.15,80.4,1.96,AVERAGE,,,
S3055,John,99.84,62.34,63.9,6,1.3,AT RISK,,,
S3056,Sara,54.95,81.73,59.02,41.2,4.76,AVERAGE,,,
S3057,John,84.13,55.26,88.03,69.1,3.78,AVERAGE,,,
S3058,Sara,62.64,41.32,59.18,42.2,1.28,AT RISK,,,
S3059,Omar,69.6,96.87,52.06,54.5,3.34,AVERAGE,,,
S3060,Ali,82.3,40.98,80.96,59.4,1.2,AVERAGE,,,
S3061,Emma,71.82,89.45,61.99,15.1,2.78,AVERAGE,,,
S3062,Omar,62.53,50.15,58.59,41.2,2.82,AT RISK,,,
S3063,Liam,66.72,63.53,99.08,2.8,5.12,AVERAGE,,,
S3064,John,67.08,89.35,64.59,15,4.68,AVERAGE,,,
S3065,Maria,97.97,52.36,95.17,51.2,5.48,GOOD,,,
S3066,Maria,89.93,91.94,58.91,57.4,1.7,AVERAGE,,,
S3067,Ahmed,72.93,69.87,90.95,14.6,3.66,AVERAGE,,,
S3068,Sara,59.99,61.97,75.1,75.6,1.1,AVERAGE,,,
S3069,John,90.55,79.75,53.93,37.3,5.12,AVERAGE,,,
S3070,Ahmed,57.86,60.48,86.68,92.1,2.84,AVERAGE,,,
S3071,John,60.52,60.84,94.6,38.8,1.34,AVERAGE,,,
S3072,Liam,68.3,84.01,58.15,15,2.62,AVERAGE,,,
S3073,Sara,94.02,58.59,86.28,75.8,2.44,AVERAGE,,,
S3074,Omar,56.59,52.05,72.25,56.8,4.84,AVERAGE,,,
S3075,Omar,56.11,88.46,87.69,38.7,1.64,AVERAGE,,,
S3076,Maria,74.7,88.32,85.7,35.6,3.78,AVERAGE,,,
S3077,Omar,63.82,69.86,51.33,15.1,4.96,AVERAGE,,,
S3078,Omar,78.44,71.6,58.94,34.1,4.7,AVERAGE,,,
S3079,Liam,72.58,81.76,73.55,2.9,5.68,AVERAGE,,,
S3080,Ali,71.75,70.56,96.68,50.2,1,AVERAGE,,,
S3081,Maria,55.6,65.02,67.1,89.7,2.76,AVERAGE,,,
S3082,Ahmed,57.05,99.69,81.44,79.5,2.84,GOOD,,,
S3083,Emma,91.05,48.86,50.6,2.9,1.16,AT RISK,,,
S3084,Ali,94.29,75.56,85.56,88.1,5.08,GOOD,,,
S3085,Ahmed,61.73,93.15,80.15,45.2,4.44,AVERAGE,,,
S3086,Sara,55.67,81.23,85.77,19.1,3.64,AVERAGE,,,
S3087,Ali,52.67,92.86,95.23,75.2,3.02,GOOD,,,
S3088,Liam,80.41,60.18,57.32,32.3,5.48,AVERAGE,,,
S3089,Ahmed,85.77,56.32,63.08,25.3,2.32,AVERAGE,,,
S3090,Sara,68.64,91.08,99.79,16.1,2.68,AVERAGE,,,
S3091,Maria,83.98,63.65,57.81,48.7,5.76,AVERAGE,,,
S3092,Emma,85.65,82.58,86.03,9.3,1.32,AVERAGE,,,
S3093,Sara,96.77,48.86,86.25,78.6,4.9,GOOD,,,
S3094,Omar,53.24,85.35,84.15,47.1,4.6,AVERAGE,,,
S3095,John,59.61,72.94,61.37,44.7,5.5,AVERAGE,,,
S3096,Sara,53.43,56.12,60.76,0.2,1.46,AT RISK,,,
S3097,Sara,93.4,69.67,83.32,81.8,5.86,GOOD,,,
S3098,Emma,89.63,81.82,59.31,49.3,1.14,AVERAGE,,,
S3099,John,78.73,40.71,83.08,44,2.68,AVERAGE,,,
S3100,Omar,54.18,78.25,74.63,76.1,1.42,AVERAGE,,,
S3101,Ahmed,63.67,72.5,69.33,6.3,1.26,AT RISK,,,
S3102,Ahmed,64.89,53.22,65.01,36.7,5.82,AVERAGE,,,
S3103,Sara,78.04,85.18,97.38,57.6,4.6,GOOD,,,
S3104,Liam,62.9,58.21,75.4,46.1,3.52,AVERAGE,,,
S3105,Liam,53.65,56.61,78.06,18.2,1.54,AT RISK,,,
S3106,John,86.54,68.27,97.46,29.9,3.64,AVERAGE,,,
S3107,John,64.95,80.57,82.69,30,2.6,AVERAGE,,,
S3108,Omar,72.62,95.73,97.89,99.2,2.36,GOOD,,,
S3109,Emma,56.38,48.48,55.32,32.6,4.1,AT RISK,,,
S3110,Maria,90.13,63.79,92.33,20.5,4.96,AVERAGE,,,
S3111,Ahmed,78.28,44.02,66.77,82.3,3.22,AVERAGE,,,
S3112,Emma,95.08,85.51,90.52,42.1,3.46,GOOD,,,
S3113,Ali,74.77,66.86,92.78,44.4,4.26,AVERAGE,,,
S3114,Ahmed,97.07,82.42,63.57,54.9,1.62,AVERAGE,,,
S3115,Emma,94.59,59.33,70.44,59.6,5.14,AVERAGE,,,
S3116,Ahmed,78.82,90.66,86.3,59.1,5.18,GOOD,,,
S3117,Maria,96.69,72.09,54.95,3.4,3.7,AVERAGE,,,
S3118,Ali,66.15,96.62,87.78,81.9,1.94,GOOD,,,
S3119,Liam,68.28,44.73,55.52,19.5,3.5,AT RISK,,,
S3120,Liam,52.27,70.86,95.72,29.2,1.52,AVERAGE,,,
S3121,Maria,79.46,85.99,63.82,17.3,4.82,AVERAGE,,,
S3122,Omar,86.1,76.01,78.78,76.7,2.56,GOOD,,,
S3123,Ali,88.68,41.39,55.86,58.4,2.56,AVERAGE,,,
S3124,Sara,57.49,98.34,63.47,75.5,5.72,GOOD,,,
S3125,Emma,72.21,57.9,70.2,65.3,3.1,AVERAGE,,,
S3126,Ali,58.84,54.96,74.35,10.4,4.94,AT RISK,,,
S3127,Omar,83.11,69.14,50,30.1,4.18,AVERAGE,,,
S3128,Omar,57.9,72.53,94.43,50.7,2.58,AVERAGE,,,
S3129,Maria,95.21,85.98,50.38,30.5,1.62,AVERAGE,,,
S3130,Ahmed,61.53,63.6,88.68,20.7,4.98,AVERAGE,,,
S3131,Ali,64.57,66.4,73.53,87,4.82,GOOD,,,
S3132,Emma,92.55,72.1,76.19,74.8,1.84,GOOD,,,
S3133,Ali,72.92,63.66,60.41,34.5,2.24,AVERAGE,,,
S3134,John,51.2,94.87,80.37,76.5,4.84,GOOD,,,
S3135,Ahmed,74.73,91.08,76.86,62.8,5.92,GOOD,,,
S3136,Emma,54.23,67.3,58.21,0.4,5.22,AT RISK,,,
S3137,Liam,99.27,40.01,61.91,38,4.42,AVERAGE,,,
S3138,Emma,79.41,94.06,53.35,29,5.58,AVERAGE,,,
S3139,Sara,62.83,47.46,53.31,21.8,2.42,AT RISK,,,
S3140,Maria,78.19,54.67,50.69,25.2,1.04,AT RISK,,,
S3141,Sara,53.84,49.14,61.02,94.2,2.6,AVERAGE,,,
S3142,Emma,89.99,50.79,83.98,48.6,5.86,AVERAGE,,,
S3143,Ahmed,96.27,88.17,65.81,84.8,5.4,GOOD,,,
S3144,Ali,93.72,74.77,67.14,21.4,1.26,AVERAGE,,,
S3145,Liam,67.09,97.37,56.6,17.4,3.5,AVERAGE,,,
S3146,Ali,66.29,53.89,78.77,88.9,1.4,AVERAGE,,,
S3147,Ahmed,51.75,69.14,67.11,49.6,4.94,AVERAGE,,,
S3148,Emma,82.57,98.65,83.82,89.5,2.86,GOOD,,,
S3149,Omar,76.75,89.59,87.07,6.3,5.56,AVERAGE,,,
S3150,Ali,72.97,83.72,79.23,91.6,1.28,GOOD,,,
S3151,Omar,95.38,51.34,63.8,41.5,4.66,AVERAGE,,,
S3152,Ali,58.39,86.16,75.43,15.5,3,AVERAGE,,,
S3153,Ali,50.48,60.85,62.6,68.3,2.34,AVERAGE,,,
S3154,Liam,53.67,71.83,95.15,79.7,3.58,AVERAGE,,,
S3155,Maria,61.17,76.55,88.32,4.7,3.42,AVERAGE,,,
S3156,Maria,51.66,76.56,74.65,98.7,2.74,GOOD,,,
S3157,John,75.14,83.59,98.27,69.7,4.24,GOOD,,,
S3158,Sara,65.7,79.7,77.34,32.1,4.3,AVERAGE,,,
S3159,Ahmed,59.02,44.1,66.43,15.1,1.38,AT RISK,,,
S3160,Ahmed,87.5,67.44,54.77,39.3,3.98,AVERAGE,,,
S3161,Ahmed,60.22,79.84,77.19,22.1,4.56,AVERAGE,,,
S3162,John,84.38,57.76,93.02,49.4,1.38,AVERAGE,,,
S3163,Maria,67.46,58.78,93.34,78.2,4.3,AVERAGE,,,
S3164,Emma,75.59,47.47,80.23,66,5.02,AVERAGE,,,
S3165,Omar,96.69,65.12,69.67,43.6,5.16,AVERAGE,,,
S3166,Liam,51.87,99.21,82.51,11.9,1.2,AVERAGE,,,
S3167,Omar,75.01,57.12,88.11,95.7,4.48,GOOD,,,
S3168,Emma,92.72,71.89,70.58,27,4.98,AVERAGE,,,
S3169,Liam,79.4,84.59,73.81,27.8,2.98,AVERAGE,,,
S3170,John,63.84,40.81,84.03,64.6,3.72,AVERAGE,,,
S3171,Emma,69.88,94.03,93.83,77.1,2.32,GOOD,,,
S3172,Ahmed,84.01,63.19,89.55,98.4,2.56,GOOD,,,
S3173,Sara,94.54,92.15,51.12,96.9,3.5,GOOD,,,
S3174,Ali,52.05,42.34,56.22,91.4,1.76,AVERAGE,,,
S3175,Omar,53.58,48.74,92.64,43.5,2.86,AVERAGE,,,
S3176,Maria,66.25,59.35,91.69,16.7,2.5,AVERAGE,,,
S3177,Maria,61.64,60.73,69.44,58.4,2.2,AVERAGE,,,
S3178,John,63.25,90.87,79.21,1.7,3.42,AVERAGE,,,
S3179,Liam,61.06,40.67,95.29,19.6,5.2,AVERAGE,,,
S3180,Maria,59.79,78.47,95.58,0.3,2.22,AVERAGE,,,
S3181,Ahmed,56.53,47.88,89.15,18.1,4.3,AT RISK,,,
S3182,Omar,96.7,89.39,60.48,47.5,2.28,AVERAGE,,,
S3183,Emma,57.21,86.71,86.51,39.3,1.72,AVERAGE,,,
S3184,Ahmed,60.22,70,55.05,36.9,5.72,AVERAGE,,,
S3185,John,62.31,52.76,94.7,83.1,4.16,AVERAGE,,,
S3186,Ahmed,96.65,78.07,57.46,67.5,1.52,AVERAGE,,,
S3187,Emma,87.79,49.38,83.12,93.6,4.16,GOOD,,,
S3188,Sara,89.48,51.4,80.51,44.5,1.88,AVERAGE,,,
S3189,John,55.24,77.6,88.84,27.2,5.44,AVERAGE,,,
S3190,Sara,91.82,99.47,77.58,12.3,2.24,AVERAGE,,,
S3191,Ali,70.41,93.46,52.98,67.2,5.04,GOOD,,,
S3192,Sara,63.14,75.59,85.29,84.2,2,AVERAGE,,,
S3193,Ali,78.79,72.31,69.16,18.4,3.8,AVERAGE,,,
S3194,Ali,91.11,99.9,66.01,87.9,5.56,EXCELLENT,,,
S3195,Sara,88.93,72.84,99.58,52.6,2.48,AVERAGE,,,
S3196,John,94.5,65.21,79.52,14.4,1.4,AVERAGE,,,
S3197,Liam,96.41,94.57,85.54,64.3,3.76,GOOD,,,
S3198,Emma,61.91,54.05,76.32,52,1.86,AVERAGE,,,
S3199,Ahmed,71.19,45.85,88.5,2.8,4.64,AT RISK,,,
S3200,Ahmed,50.73,78.05,87.6,39.9,3.96,AVERAGE,,,
S3201,Emma,93.97,45.75,82.86,78.5,2.74,AVERAGE,,,
S3202,Omar,57.73,62.39,99.89,55.5,4.52,AVERAGE,,,
S3203,Omar,93.07,65.41,72.99,28.2,2.2,AVERAGE,,,
S3204,Ali,66.47,72.85,85.31,92.9,5.58,GOOD,,,
S3205,Ali,68.41,99.5,89.89,23.8,2.74,AVERAGE,,,
S3206,John,51.96,53.26,68.8,25.3,4.82,AT RISK,,,
S3207,Maria,66.34,62.55,72.86,35.5,2.3,AVERAGE,,,
S3208,Sara,94.42,47.93,98.46,89.5,4.58,GOOD,,,
S3209,Ali,51.28,76.46,51.61,50.8,1.16,AVERAGE,,,
S3210,Ahmed,70.32,83.66,66.76,68.2,2.48,AVERAGE,,,
S3211,John,51.57,68.92,74.31,97.6,1.46,AVERAGE,,,
S3212,Sara,68.55,54.75,50.07,78.3,3.26,AVERAGE,,,
S3213,John,58.63,77.25,94.96,17.3,3.18,AVERAGE,,,
S3214,Sara,62.61,72.35,64.31,78.8,2.8,AVERAGE,,,
S3215,Sara,93.88,50.27,62.89,74.8,5.9,GOOD,,,
S3216,Emma,71.8,64.34,91.02,23.3,2.22,AVERAGE,,,
S3217,Ali,63.69,66.11,63.9,32.5,4.96,AVERAGE,,,
S3218,Liam,79.47,98.96,82.88,71,3.24,GOOD,,,
S3219,John,57.11,90.96,91.08,23.8,2.68,AVERAGE,,,
S3220,Liam,62.97,84.06,89.62,20.8,2.02,AVERAGE,,,
S3221,John,77.31,93.33,89.1,70.3,4.16,GOOD,,,
S3222,Emma,61.88,84.13,54.43,88.1,2.66,AVERAGE,,,
S3223,Ahmed,83.96,94.2,53.99,7.5,5.06,AVERAGE,,,
S3224,Liam,74.57,43.27,65.34,44.6,5.84,AVERAGE,,,
S3225,Ahmed,88.6,67.36,51.8,60.7,2.14,AVERAGE,,,
S3226,Omar,97.41,84.81,75.02,67.6,1.64,GOOD,,,
S3227,Ali,55.79,75,69.74,99.6,2.58,GOOD,,,
S3228,Ali,66.73,50.51,77.85,68.3,3.34,AVERAGE,,,
S3229,Maria,65.98,60.43,64.94,62,2.5,AVERAGE,,,
S3230,Emma,57.56,59.07,74.29,99,5.86,GOOD,,,
S3231,Ahmed,90.52,55.68,66.74,6.1,4.9,AVERAGE,,,
S3232,Sara,87.99,60.59,59.76,7.4,5.84,AVERAGE,,,
S3233,John,74.22,70.89,82.47,56.1,2.86,AVERAGE,,,
S3234,Ali,76.89,91.29,83.67,35.9,2.52,AVERAGE,,,
S3235,Liam,52.98,84.52,91.46,9.7,3.04,AVERAGE,,,
S3236,John,77.78,90.11,93.74,30.6,3.62,AVERAGE,,,
S3237,John,89.57,93.02,85.22,67.4,4.7,GOOD,,,
S3238,Maria,78.69,64.97,84.37,88.1,5.4,GOOD,,,
S3239,Ahmed,63.27,60.76,52.83,9.4,3.32,AT RISK,,,
S3240,Ali,83.38,43.46,55.49,54,2.44,AVERAGE,,,
S3241,John,68.07,95.83,90.63,29.6,2.6,AVERAGE,,,
S3242,Ali,77.24,43.95,61.65,66.7,4.48,AVERAGE,,,
S3243,Sara,74.38,84.47,67.78,54.9,3.84,AVERAGE,,,
S3244,Maria,69.06,62.69,57.26,92.7,3.44,AVERAGE,,,
S3245,Sara,85.94,96.93,59.76,3.8,2.02,AVERAGE,,,
S3246,Ali,94.19,65.18,88.77,47,5.38,GOOD,,,
S3247,Omar,50.26,89,63.09,19.3,4.9,AVERAGE,,,
S3248,Liam,96.68,56.96,72.45,53.7,1.7,AVERAGE,,,
S3249,Ali,75.58,57.95,57.58,85.4,2.84,AVERAGE,,,
S3250,Ahmed,85.04,75.73,83.9,91.1,3.72,GOOD,,,
S3251,John,92.78,99.88,86.41,39.8,3.28,GOOD,,,
S3252,John,73.36,71.05,68.08,81.2,2.98,AVERAGE,,,
S3253,Sara,91.75,96.18,89.24,28.1,4.6,GOOD,,,
S3254,Liam,58.88,87.17,62,0.6,1.28,AT RISK,,,
S3255,Maria,57.96,87.75,84.6,85.5,3.36,GOOD,,,
S3256,Omar,82.87,66.16,86.5,11.9,2.32,AVERAGE,,,
S3257,Emma,93.51,63.19,98.43,1.8,1.42,AVERAGE,,,
S3258,Liam,94.62,51.52,61.62,35.4,3.32,AVERAGE,,,
S3259,John,82.19,97.84,54.69,37.9,1.86,AVERAGE,,,
S3260,Ahmed,76.27,97.56,63.15,7.7,2.3,AVERAGE,,,
S3261,Liam,66.57,84.82,56.14,81.4,3.54,AVERAGE,,,
S3262,Sara,99,57.78,58.48,40.6,5.86,AVERAGE,,,
S3263,Sara,65.98,54.71,66.71,49,4.42,AVERAGE,,,
S3264,Emma,87.21,99.32,70.7,26.5,2.4,AVERAGE,,,
S3265,Ahmed,76.6,43.99,95.19,51.2,2.92,AVERAGE,,,
S3266,Maria,80.43,90.61,59.78,76.7,3.04,GOOD,,,
S3267,Liam,69.67,61.33,98.59,90.6,1.76,GOOD,,,
S3268,Ahmed,98.24,65.13,90.51,97.1,1.8,GOOD,,,
S3269,Maria,78.58,89.92,94.07,42.7,1.74,AVERAGE,,,
S3270,Ahmed,96.89,45.44,96.47,99,3.6,GOOD,,,
S3271,Ahmed,50.38,61.25,87.66,29.5,4.38,AVERAGE,,,
S3272,Ali,78.63,97.12,89.44,0.7,3.96,AVERAGE,,,
S3273,Sara,85.86,81.94,71.89,76.8,5.88,GOOD,,,
S3274,Liam,87.25,85.3,75.52,17.8,1.62,AVERAGE,,,
S3275,Ahmed,95.25,85.45,96.62,5.2,5.94,AVERAGE,,,
S3276,Liam,50.22,43.63,68.91,92.4,3.34,AVERAGE,,,
S3277,Emma,50.02,52.19,52.1,79.2,2.1,AVERAGE,,,
S3278,Ahmed,73.61,69.48,88.14,10.3,5.72,AVERAGE,,,
S3279,John,51.46,62.09,78.66,77.7,3.34,AVERAGE,,,
S3280,Sara,98.73,64.65,90.74,84.4,2.74,GOOD,,,
S3281,John,61.1,86.89,53.78,90.5,2.06,AVERAGE,,,
S3282,Liam,73.63,40.88,81.06,54.4,2.34,AVERAGE,,,
S3283,Liam,53.06,79.63,62.39,70.3,5.9,AVERAGE,,,
S3284,Sara,76.1,40.01,95.16,76.2,2.52,AVERAGE,,,
S3285,Liam,69,43.78,55.5,68.9,5.88,AVERAGE,,,
S3286,John,52.23,64.5,92.15,64.7,2.66,AVERAGE,,,
S3287,Ahmed,66.76,90.46,54.43,54.8,2.16,AVERAGE,,,
S3288,Ahmed,69.57,48.7,51.25,47.9,1.92,AT RISK,,,
S3289,Ali,99.5,73.28,61.75,99.6,3.06,GOOD,,,
S3290,Emma,60.39,80.71,66.65,33.8,2.18,AVERAGE,,,
S3291,Liam,77.24,53.77,81.33,8.8,4.48,AVERAGE,,,
S3292,John,99.37,70.74,56.59,76.5,2.2,AVERAGE,,,
S3293,Liam,89.6,94.68,71.87,21.4,5.18,AVERAGE,,,
S3294,Liam,99.67,70.73,60.21,53.3,5.18,AVERAGE,,,
S3295,Maria,98.41,49.44,92.77,9.6,2.42,AVERAGE,,,
S3296,Ali,74.48,77.67,52.25,61.9,4.76,AVERAGE,,,
S3297,John,84.82,75.53,67.8,94.4,5.28,GOOD,,,
S3298,John,55.52,41.62,81.57,72.3,3.96,AVERAGE,,,
S3299,Liam,72.06,45.44,95.65,21.5,2.84,AVERAGE,,,
S3300,Ali,90.45,49.41,93.4,97.1,3.2,GOOD,,,
S3301,Ahmed,75.27,48.18,94.76,30.7,4.94,AVERAGE,,,
S3302,John,85.13,55.57,53.14,43.7,2.46,AVERAGE,,,
S3303,Ahmed,87.29,67.25,92.05,49.8,2.68,AVERAGE,,,
S3304,Ali,62.67,62.3,89,99.1,1.8,AVERAGE,,,
S3305,Ahmed,93.78,93.44,95.12,6.9,3,AVERAGE,,,
S3306,Sara,72.99,76.73,65.58,69.7,1.44,AVERAGE,,,
S3307,Maria,60.51,92.57,95.59,36.2,2.6,AVERAGE,,,
S3308,Omar,93.27,71.62,70.13,7.8,2.86,AVERAGE,,,
S3309,John,70.89,45.39,81.7,93.5,2.28,AVERAGE,,,
S3310,Emma,87.52,67.8,71.21,59,1.5,AVERAGE,,,
S3311,Maria,77.4,89.32,71.38,75.4,3.6,GOOD,,,
S3312,Omar,69.09,51.65,77.33,24,5.32,AVERAGE,,,
S3313,Ahmed,90.49,45.47,67.8,76.2,2.68,AVERAGE,,,
S3314,John,79.22,59.77,89.64,82.8,2.18,AVERAGE,,,
S3315,Ahmed,69.53,63.33,81.68,43.1,2.42,AVERAGE,,,
S3316,Sara,55.48,58.38,84.49,57.2,5.3,AVERAGE,,,
S3317,Ali,94.77,48.11,61.55,97.2,3.64,GOOD,,,
S3318,John,51.77,55.05,98.48,84.7,1.66,AVERAGE,,,
S3319,Omar,93.16,80.94,83.01,44.5,4.54,GOOD,,,
S3320,Omar,68,63.16,59.86,66.5,1.78,AVERAGE,,,
S3321,Sara,81.97,77.95,87.52,78.4,1.3,GOOD,,,
S3322,Sara,96.11,72.18,58.69,2.4,2.28,AVERAGE,,,
S3323,Liam,57.59,72.94,53.17,58.8,1.84,AVERAGE,,,
S3324,John,78.35,54.91,76.38,98.5,4.02,GOOD,,,
S3325,Ahmed,88.22,71.29,77.68,94.7,3.42,GOOD,,,
S3326,Emma,87.88,41.42,59.45,83.2,4.62,AVERAGE,,,
S3327,Omar,76.28,65.9,67.42,10.6,3.56,AVERAGE,,,
S3328,Omar,81.24,74.36,97.29,99.4,3.1,GOOD,,,
S3329,Sara,87.88,50.92,64.25,61,3.64,AVERAGE,,,
S3330,Maria,92.05,55.39,57.78,22.3,3.18,AVERAGE,,,
S3331,Sara,88.09,53.17,99.63,67.4,1.18,AVERAGE,,,
S3332,Emma,67.7,44.23,65.12,85.7,4.4,AVERAGE,,,
S3333,Ahmed,99.84,60.87,84.01,11.2,5.82,AVERAGE,,,
S3334,Ahmed,71.73,98.74,61.58,91.6,3.12,GOOD,,,
S3335,Maria,51.22,61.23,77.51,92,3.12,AVERAGE,,,
S3336,Omar,68.13,67.63,69.31,1.3,1.22,AT RISK,,,
S3337,Sara,56.39,79.19,98.08,90,5.46,GOOD,,,
S3338,Liam,56.07,78.91,71.64,94.7,5.64,GOOD,,,
S3339,Ahmed,64.08,96.99,79.21,3.8,5.06,AVERAGE,,,
S3340,Emma,52.67,91.45,97.24,29.4,1.54,AVERAGE,,,
S3341,John,84.43,87.64,99.46,37.3,5.5,GOOD,,,
S3342,Ali,53.7,97.1,55.08,34.9,1.12,AVERAGE,,,
S3343,Ali,60.16,53.85,91.72,75.9,3.22,AVERAGE,,,
S3344,Ali,54.64,77.02,69.11,35.8,3.5,AVERAGE,,,
S3345,Liam,53.16,93.23,79.74,95.7,5.18,GOOD,,,
S3346,Omar,63.39,77.45,68.75,99.5,4.76,GOOD,,,
S3347,Sara,78.59,98.65,70.06,31.7,4.98,AVERAGE,,,
S3348,Maria,98.23,46.02,57.94,50.9,5.34,AVERAGE,,,
S3349,Liam,93.78,66.36,78.64,55.8,3.38,AVERAGE,,,
S3350,Liam,93.8,98.64,77.34,57.9,4.9,GOOD,,,
S3351,Ahmed,58.8,62.77,59.47,37.4,1.34,AT RISK,,,
S3352,John,63.25,84.37,77.09,16.6,3.22,AVERAGE,,,
S3353,Liam,53.82,41.82,98.66,5.5,1.16,AT RISK,,,
S3354,Emma,88.92,81.69,85.72,10.6,5.58,AVERAGE,,,
S3355,John,53.49,96.08,74.05,90.1,5.8,GOOD,,,
S3356,Emma,77.83,62.96,95.8,28,1.42,AVERAGE,,,
S3357,Omar,62.39,41.28,78.77,7.7,3.66,AT RISK,,,
S3358,Sara,62.17,41.67,56.75,62.4,2.62,AVERAGE,,,
S3359,Ali,99.54,93.52,77.38,7.5,2.72,AVERAGE,,,
S3360,Liam,87.84,83.35,59.05,7,3.26,AVERAGE,,,
S3361,Sara,91.85,46.4,88.38,62.2,1.62,AVERAGE,,,
S3362,Omar,78.6,43.28,98.36,59.1,1.9,AVERAGE,,,
S3363,Maria,93.55,88.29,68.04,4.1,3.88,AVERAGE,,,
S3364,Maria,82.27,88.59,71.75,46,1.1,AVERAGE,,,
S3365,Omar,97.31,47.23,71.07,43.6,4,AVERAGE,,,
S3366,Emma,64.07,58.09,64.26,54.7,2.6,AVERAGE,,,
S3367,Ahmed,79.77,86.8,89.71,73.8,5.16,GOOD,,,
S3368,Ahmed,84.51,71.52,80.89,28.3,4,AVERAGE,,,
S3369,Emma,69.65,97.4,53.2,43.3,4.54,AVERAGE,,,
S3370,Maria,93.99,68.86,91.94,79.3,1.58,GOOD,,,
S3371,Maria,98.99,80.62,59.35,92.3,2.32,GOOD,,,
S3372,Liam,74.69,70.59,98.96,89.1,5.98,GOOD,,,
S3373,Maria,69.53,96.58,68.83,47.8,3.16,AVERAGE,,,
S3374,Sara,73.6,63.92,80.82,52.1,2.8,AVERAGE,,,
S3375,Maria,92.64,53.79,53.89,52.9,5.36,AVERAGE,,,
S3376,John,82.27,59.6,67.23,86.9,1.16,AVERAGE,,,
S3377,Liam,52.24,91.17,90.12,84,3.68,GOOD,,,
S3378,Ali,77.11,69.88,73.86,31.2,2.06,AVERAGE,,,
S3379,Maria,50.87,61.26,95.23,16.3,2.84,AT RISK,,,
S3380,Emma,88.93,72.66,78.76,37.9,2,AVERAGE,,,
S3381,Ali,66.42,47.99,96.43,28.8,1.18,AT RISK,,,
S3382,Sara,73.6,40.32,99.13,95.1,3.08,AVERAGE,,,
S3383,Emma,89.93,56.84,72.69,26.6,4.94,AVERAGE,,,
S3384,Ali,52.32,76.3,78.26,18.1,5.76,AVERAGE,,,
S3385,Emma,57.93,82.7,91.75,89.9,4.12,GOOD,,,
S3386,Sara,69.9,89.6,61.08,8.6,2.94,AVERAGE,,,
S3387,Liam,61.5,95.6,93.08,26,4.84,AVERAGE,,,
S3388,John,66.9,64.73,79.6,43.9,3.52,AVERAGE,,,
S3389,Sara,99.91,84.43,86.28,59.5,2.84,GOOD,,,
S3390,Sara,91.27,44.48,53.99,32.8,1.9,AT RISK,,,
S3391,Emma,94.2,43.45,88.31,49.6,4.98,AVERAGE,,,
S3392,Liam,96.85,47.49,65.54,19.9,3.5,AVERAGE,,,
S3393,Omar,67.05,66.91,90.26,57.4,5.82,AVERAGE,,,
S3394,Ahmed,64.85,52.68,75.46,40.8,5,AVERAGE,,,
S3395,Maria,61.7,57.22,63.73,84.9,3.1,AVERAGE,,,
S3396,Maria,91.51,78.87,97.64,41.6,4.7,GOOD,,,
S3397,John,83.98,61.51,88.25,44.4,3.26,AVERAGE,,,
S3398,John,61.81,73.44,99.28,59.2,1.4,AVERAGE,,,
S3399,Maria,68.85,64.74,68.22,12.3,3.58,AT RISK,,,
S3400,Ahmed,75.34,50.14,82.46,15.7,5.32,AVERAGE,,,
S3401,Maria,76.41,44.44,80.58,79,5.28,AVERAGE,,,
S3402,Omar,94.44,54.17,84.38,27.3,3.88,AVERAGE,,,
S3403,Ahmed,69.03,43.46,51.92,68.5,2.9,AVERAGE,,,
S3404,John,95.43,77.12,64.59,9.7,1.06,AVERAGE,,,
S3405,Ali,72.07,87.74,95.47,82.2,2.56,GOOD,,,
S3406,Emma,87.32,60.38,71.19,98.8,5.94,GOOD,,,
S3407,Omar,96.51,63.23,98.03,37.4,4.64,AVERAGE,,,
S3408,Omar,95.38,88.97,60.68,50.6,4.58,GOOD,,,
S3409,Liam,52.85,53.36,99.87,44.3,4.8,AVERAGE,,,
S3410,John,60.29,47.15,84.88,89.4,4.1,AVERAGE,,,
S3411,John,73.85,70.07,88.82,1,3.92,AVERAGE,,,
S3412,Sara,71.58,78.77,69.84,65.3,3.26,AVERAGE,,,
S3413,Omar,82.04,75.98,95.35,65.2,3.22,GOOD,,,
S3414,Sara,97.24,82.83,77.27,38.2,5.36,GOOD,,,
S3415,Sara,55.62,43.41,84.05,21.9,2.96,AT RISK,,,
S3416,Emma,72.59,65.69,54.74,24,5.2,AVERAGE,,,
S3417,Sara,59.62,54.31,81.58,80,5.18,AVERAGE,,,
S3418,Ahmed,94.71,85.55,93.95,6.6,4.86,AVERAGE,,,
S3419,Maria,98.23,92.36,58.91,56.4,1.18,AVERAGE,,,
S3420,Ali,73.94,56.88,86.89,30.7,1.74,AVERAGE,,,
S3421,John,55.2,45.71,51.27,26.5,2.58,AT RISK,,,
S3422,Ahmed,89.26,55.21,96.31,50.6,5.24,AVERAGE,,,
S3423,Ali,84.86,46.24,99.15,89.8,5.36,GOOD,,,
S3424,Omar,67.73,59.35,67.71,61.8,1.2,AVERAGE,,,
S3425,Omar,94.37,72.29,55.35,78.9,2.62,AVERAGE,,,
S3426,Omar,98.79,98.42,82.93,60.1,5.26,GOOD,,,
S3427,Ahmed,77.89,63.96,51.49,69.8,2.24,AVERAGE,,,
S3428,Ahmed,78.29,53.2,74.12,43.2,5.88,AVERAGE,,,
S3429,John,64.88,50.01,63.59,92.6,3.44,AVERAGE,,,
S3430,Maria,79.23,50.38,73.67,50.2,5.68,AVERAGE,,,
S3431,Liam,71.98,51.56,50.91,55.2,3.14,AVERAGE,,,
S3432,Sara,65.11,85.74,52.58,52.5,2.62,AVERAGE,,,
S3433,Omar,53.36,43.66,50.8,31.6,2.82,AT RISK,,,
S3434,Emma,62.64,99.84,80.96,23.1,5.42,AVERAGE,,,
S3435,Maria,59.89,71.36,78,7.4,2.66,AT RISK,,,
S3436,Emma,77.1,72.66,61.66,71.8,4.34,AVERAGE,,,
S3437,John,80.08,61.45,82.33,28.9,3.34,AVERAGE,,,
S3438,John,80.43,81.42,94.21,38.9,5.7,GOOD,,,
S3439,John,69.41,68.29,63.87,92,1.8,AVERAGE,,,
S3440,Ali,71.06,59.74,91.6,56.6,3.14,AVERAGE,,,
S3441,Emma,91.71,55.91,83.13,9.7,1.62,AVERAGE,,,
S3442,Maria,73.81,95.54,51.69,80,3.9,GOOD,,,
S3443,Liam,99.39,57.46,68.76,25.6,3.02,AVERAGE,,,
S3444,Maria,71.98,66.18,75.39,55.3,1.3,AVERAGE,,,
S3445,Ahmed,82.48,61.02,86.58,51,5.24,AVERAGE,,,
S3446,Ahmed,52.52,45.17,64.36,23.8,2.88,AT RISK,,,
S3447,Omar,82.67,51.16,99.14,11.6,3.46,AVERAGE,,,
S3448,Liam,92.57,51.37,84.23,21.1,3.04,AVERAGE,,,
S3449,Ahmed,97.12,81.62,68.64,9.7,3.44,AVERAGE,,,
S3450,John,99.87,64.4,54.85,27.6,1.08,AVERAGE,,,
S3451,Maria,64.11,86.92,59.07,99.7,5.08,GOOD,,,
S3452,Emma,78.77,82.54,74.38,40.2,2.66,AVERAGE,,,
S3453,John,72.54,51.52,74.73,86.4,4.62,AVERAGE,,,
S3454,Ali,78.19,73.78,88.39,54.9,1.32,AVERAGE,,,
S3455,Ahmed,57.87,84.57,86.31,66.7,3.62,AVERAGE,,,
S3456,John,92.81,77.98,60.06,15.6,5.54,AVERAGE,,,
S3457,John,95.48,76,79.75,27.5,3,AVERAGE,,,
S3458,Ali,72.48,84.38,51.03,51,1.98,AVERAGE,,,
S3459,Sara,64.02,43.41,69.93,88.1,1.5,AVERAGE,,,
S3460,Maria,57.04,83.89,88.21,4.3,5.3,AVERAGE,,,
S3461,Emma,84.19,56.36,69.98,50.7,2.2,AVERAGE,,,
S3462,Omar,65.61,74.31,91.78,5.1,5.88,AVERAGE,,,
S3463,Sara,95.48,54.54,98.81,45.7,2.24,AVERAGE,,,
S3464,Ahmed,83.55,90.33,80.36,62.9,3.4,GOOD,,,
S3465,John,82.28,68.83,57.25,74.5,3.28,AVERAGE,,,
S3466,Liam,77.97,78.58,68.98,13.9,1.32,AVERAGE,,,
S3467,Ali,52.29,87.64,50.47,16.7,3.66,AVERAGE,,,
S3468,Ali,96.6,93.72,80.14,47,4.36,GOOD,,,
S3469,Liam,81.4,83.92,91.08,99.8,4.72,GOOD,,,
S3470,Maria,99.7,48.93,81.5,35.6,3.62,AVERAGE,,,
S3471,Sara,76.87,91.27,89.3,42.8,5.06,GOOD,,,
S3472,Omar,85.51,77.11,90,43.2,4.76,AVERAGE,,,
S3473,Maria,52.81,76.57,92.55,8.1,1.96,AT RISK,,,
S3474,Liam,81.59,95.28,63.33,77.4,3,GOOD,,,
S3475,John,88.23,54.93,93.56,25.3,1.72,AVERAGE,,,
S3476,Liam,88.93,54.38,82.7,70.4,1.66,AVERAGE,,,
S3477,Maria,88.51,70.79,64.49,47.5,4.56,AVERAGE,,,
S3478,Emma,61.31,85.05,99.36,61.2,3.66,GOOD,,,
S3479,Ali,98.77,66.83,97.51,5.4,4,AVERAGE,,,
S3480,Ali,99.76,78.03,78.72,89,4.66,GOOD,,,
S3481,Ahmed,53.78,67.15,92.16,24.4,2.38,AVERAGE,,,
S3482,Ahmed,96.82,76.62,63.07,67,3,GOOD,,,
S3483,Liam,64.47,89.34,70.8,79.8,4.04,GOOD,,,
S3484,Omar,84.46,50.83,59.2,54,1.48,AVERAGE,,,
S3485,John,66.91,81.72,76.01,33.7,5.16,AVERAGE,,,
S3486,Emma,98.39,87.25,74.8,97.8,2.72,GOOD,,,
S3487,Sara,55.08,66.83,60.64,27.8,4.3,AVERAGE,,,
S3488,Maria,74.89,59.39,83.64,94.9,5.98,GOOD,,,
S3489,Omar,71.4,40.81,55.89,15.6,3.38,AT RISK,,,
S3490,John,66.3,87.83,53.08,38.9,2.08,AVERAGE,,,
S3491,Ahmed,82.28,59.68,69.25,13.8,2.08,AT RISK,,,
S3492,Liam,56.55,61.44,70.49,0.2,1.3,AT RISK,,,
S3493,Maria,85.83,60.16,65.99,26,4.84,AVERAGE,,,
S3494,Ahmed,99.03,69.92,62.9,8.7,2.46,AVERAGE,,,
S3495,Liam,90.23,82.15,66.94,98.6,1.86,GOOD,,,
S3496,Maria,93,86.31,58.17,76.2,4.56,GOOD,,,
S3497,Sara,67.98,63.55,70.17,0.4,2.54,AT RISK,,,
S3498,John,66.24,79.79,95.23,22.4,4,AVERAGE,,,
S3499,Maria,75.85,83.24,61.22,67,3.08,AVERAGE,,,
S3500,Emma,52.29,57.82,84.22,39.9,2.68,AVERAGE,,,
S3501,Omar,97.27,45.8,57.09,83.2,3.44,AVERAGE,,,
S3502,Ali,57.19,93.68,67.7,50.5,2.56,AVERAGE,,,
S3503,Emma,95.15,80.63,66.06,65.4,5.36,GOOD,,,
S3504,Emma,54.18,78.89,96.85,59.7,1.36,AVERAGE,,,
S3505,Omar,91.13,43.53,71.4,63.8,1.16,AVERAGE,,,
S3506,Ali,57.6,89.07,84.52,23,3.04,AVERAGE,,,
S3507,Emma,51.91,73.96,80.12,37.3,1.86,AVERAGE,,,
S3508,Maria,85.97,90.87,57.05,5.1,4.72,AVERAGE,,,
S3509,Maria,64.01,98.47,96.98,58.8,2.76,GOOD,,,
S3510,Maria,85.72,97.43,67.29,45.9,2.3,AVERAGE,,,
S3511,Ali,77.75,91.37,52.24,76.1,2.8,GOOD,,,
S3512,Emma,55.44,40.66,65.02,20.6,2.1,AT RISK,,,
S3513,Liam,96.61,93.14,66.78,43.7,2.5,AVERAGE,,,
S3514,Ali,72.62,44.5,54.64,18.1,3.84,AT RISK,,,
S3515,Maria,86.72,91.07,81,61.4,5.32,GOOD,,,
S3516,Omar,75.05,56.81,67.34,84.8,2.86,AVERAGE,,,
S3517,Emma,80.22,76.6,81.46,76.5,2.6,GOOD,,,
S3518,Emma,65.14,42.28,50.34,94.4,4.9,AVERAGE,,,
S3519,Ahmed,60.02,86.27,99.1,97.2,1.12,GOOD,,,
S3520,Ahmed,77.13,46.7,58.53,77.2,2.52,AVERAGE,,,
S3521,Sara,72.01,64.64,82.97,28.7,3.26,AVERAGE,,,
S3522,Liam,69.51,89.05,85.79,21.9,4,AVERAGE,,,
S3523,Liam,83.63,81.72,58.58,44.8,1.78,AVERAGE,,,
S3524,John,84.53,40.36,55.59,99.4,3.16,AVERAGE,,,
S3525,Liam,52.3,64.18,57.63,41.3,3.84,AVERAGE,,,
S3526,Ahmed,66.94,42.52,62.34,19.9,3.56,AT RISK,,,
S3527,Ali,70.59,80.41,58.41,94.4,3.88,GOOD,,,
S3528,Liam,54.84,98.14,83.7,38.6,4.32,AVERAGE,,,
S3529,Ahmed,61.8,79.32,71.04,69.1,2.9,AVERAGE,,,
S3530,Sara,52.58,53.46,76.89,78.8,1.32,AVERAGE,,,
S3531,Emma,99.81,61.31,52.37,84.3,1.28,AVERAGE,,,
S3532,Liam,86.83,98.6,93.06,82.1,5.3,EXCELLENT,,,
S3533,Sara,54.37,53.44,58.53,83.6,4.38,AVERAGE,,,
S3534,Emma,51.01,73.69,68.01,66.8,4.82,AVERAGE,,,
S3535,Omar,85.96,64.03,53.6,40.4,5.64,AVERAGE,,,
S3536,Omar,71.96,86.1,56.84,66.7,4.76,GOOD,,,
S3537,Emma,89.34,92.04,83.29,83.7,4.46,GOOD,,,
S3538,Liam,96.17,60.45,84.63,35.1,4.28,AVERAGE,,,
S3539,John,79.97,79.62,83.85,29.7,2.3,AVERAGE,,,
S3540,Ahmed,59.36,72.94,77.61,34.4,5.78,AVERAGE,,,
S3541,Ali,89.11,56.71,97.63,55.1,3.72,AVERAGE,,,
S3542,Ali,97.79,56.32,75.36,5.2,2.12,AVERAGE,,,
S3543,Maria,79.01,72.32,72.47,77.9,2.04,AVERAGE,,,
S3544,Emma,84.1,49.24,62.38,13.9,5.08,AVERAGE,,,
S3545,Ali,66.87,88.65,54.94,13.3,2.26,AVERAGE,,,
S3546,Liam,69.08,44.14,77.41,19.8,1.2,AT RISK,,,
S3547,John,86.73,45.67,65.74,57.7,3.14,AVERAGE,,,
S3548,Emma,96.39,60.53,76.2,28.6,5.08,AVERAGE,,,
S3549,John,81.45,47.09,60.31,36.8,3.08,AVERAGE,,,
S3550,Liam,89.49,68.54,91.91,93.2,5.02,GOOD,,,
S3551,Ali,58.58,63.98,99.98,84.7,5.14,GOOD,,,
S3552,Ali,60.6,83.31,66.12,85.2,5.28,GOOD,,,
S3553,Maria,76.6,97.18,92.12,57.8,3.94,GOOD,,,
S3554,Ali,58.83,85.21,93.65,86.6,4.5,GOOD,,,
S3555,Emma,81.75,50.77,99.8,77.9,2.3,AVERAGE,,,
S3556,Liam,64.58,96.13,67.14,95.3,1.5,GOOD,,,
S3557,Omar,89.58,63.53,87.8,6.4,3.66,AVERAGE,,,
S3558,Liam,90.41,68.45,61.44,2.9,1.06,AT RISK,,,
S3559,Emma,73.19,65.29,81.24,17.5,3.32,AVERAGE,,,
S3560,Emma,59.04,56.83,85.24,92.9,1.52,AVERAGE,,,
S3561,Maria,82.34,93.7,87.06,60.6,1.54,GOOD,,,
S3562,Maria,99.64,59.93,60.36,42.6,5.36,AVERAGE,,,
S3563,Ali,81.13,74.72,92.44,51.3,4.2,AVERAGE,,,
S3564,Sara,51.79,54.4,71.05,83,4.22,AVERAGE,,,
S3565,Liam,50.86,87.84,60.82,92.9,3.02,GOOD,,,
S3566,Liam,66.02,86.45,77.13,73,3.06,GOOD,,,
S3567,Sara,59.79,57.78,93.17,76,2.52,AVERAGE,,,
S3568,Maria,90.65,80.89,98.35,32,3.18,AVERAGE,,,
S3569,Ali,92.24,82.23,87.41,46.7,3.94,GOOD,,,
S3570,Sara,62.93,73.75,50.28,88.5,1.94,AVERAGE,,,
S3571,Ali,66.28,76.04,56.74,78.6,2.3,AVERAGE,,,
S3572,Ali,61.81,74.47,53.81,68.4,3.48,AVERAGE,,,
S3573,Ali,95.42,44.91,55.06,6.5,2.92,AT RISK,,,
S3574,Ahmed,75.13,80.22,69.15,4,5.1,AVERAGE,,,
S3575,Emma,82.81,68.19,66.92,13,5.1,AVERAGE,,,
S3576,Ali,70.77,66.31,55.68,58.1,2.68,AVERAGE,,,
S3577,Ahmed,81.55,91.6,94.11,53.6,3.26,GOOD,,,
S3578,Maria,69.29,41.39,80.77,94.3,5.88,GOOD,,,
S3579,Sara,66.98,55.08,89.82,69.5,5.14,AVERAGE,,,
S3580,Emma,81.72,47.28,68.58,29.4,2.08,AT RISK,,,
S3581,Omar,79.55,42.12,70.51,16.1,2.4,AT RISK,,,
S3582,Sara,64.68,56.54,65.88,85,1.42,AVERAGE,,,
S3583,Emma,57.47,99.31,71.92,46,4.38,AVERAGE,,,
S3584,Omar,68.43,56.21,80.52,65.3,2.58,AVERAGE,,,
S3585,Sara,70.76,79.82,74.65,56.5,3.68,AVERAGE,,,
S3586,Emma,81.43,47.1,91.9,10.7,4.84,AVERAGE,,,
S3587,Sara,95.73,76.11,95.01,5.7,5.18,AVERAGE,,,
S3588,Sara,51.81,99.07,73.48,37.7,2.62,AVERAGE,,,
S3589,Omar,62.18,57.51,61.99,36.2,2.18,AT RISK,,,
S3590,Sara,59.69,90.88,97.26,67.4,5.24,GOOD,,,
S3591,Sara,75.11,99.85,86.75,63.2,2.9,GOOD,,,
S3592,Omar,71.49,75.31,82.01,96.9,5.1,GOOD,,,
S3593,Maria,86.45,58.56,87.27,85.8,1.74,AVERAGE,,,
S3594,Ali,62.12,80.41,53.8,49.7,5.56,AVERAGE,,,
S3595,Liam,79.72,90.69,53.38,50,3.42,AVERAGE,,,
S3596,John,94.19,50.28,57.66,67.4,1.86,AVERAGE,,,
S3597,Ahmed,95.53,67.15,57.37,11.4,3.68,AVERAGE,,,
S3598,John,97.94,59.15,71.03,100,5.36,GOOD,,,
S3599,John,88.66,57,57.87,51.9,2.94,AVERAGE,,,
S3600,Emma,95.3,91.65,92.73,91,1.9,GOOD,,,
S3601,Ali,61.73,65.3,78.9,96.7,3.88,GOOD,,,
S3602,Emma,59.88,60.34,68.41,58.2,5.18,AVERAGE,,,
S3603,Ali,50.32,76.21,53.48,10.3,1.6,AT RISK,,,
S3604,Omar,85.34,53.16,79.55,57.3,1.2,AVERAGE,,,
S3605,Omar,96.87,53.79,55.83,59.8,1.28,AVERAGE,,,
S3606,Liam,59.35,71.22,87.16,78.9,2.16,AVERAGE,,,
S3607,Ali,81.85,64.56,90.14,4.8,1.04,AT RISK,,,
S3608,Sara,87.32,57.7,77.2,46.6,3.14,AVERAGE,,,
S3609,Maria,96.38,43.24,57.48,92.3,4.48,GOOD,,,
S3610,Liam,82.34,71.25,89.34,99.1,4.56,GOOD,,,
S3611,Liam,98.51,89,65.39,19.1,4.18,AVERAGE,,,
S3612,Sara,67.23,91.08,61.13,87.1,2.48,GOOD,,,
S3613,Maria,67.5,54.13,73.53,14.6,4.68,AVERAGE,,,
S3614,Emma,77.15,75.98,96.13,84.1,3.88,GOOD,,,
S3615,Maria,69.18,91.35,64.87,27.7,5.3,AVERAGE,,,
S3616,Emma,50.07,64.52,95.28,96,3.4,GOOD,,,
S3617,Omar,86.59,95.93,52.68,69.5,1.9,GOOD,,,
S3618,John,87.59,94.18,54.18,39.9,4.18,AVERAGE,,,
S3619,Omar,87.35,52.49,84.93,28.1,1.76,AVERAGE,,,
S3620,Omar,67.25,55.54,59.53,23.5,5.82,AVERAGE,,,
S3621,John,76.11,50.83,65.83,68.1,4.52,AVERAGE,,,
S3622,Maria,68,51.76,56.82,89.6,4.78,AVERAGE,,,
S3623,Liam,50.8,94.47,66.61,75.5,4.4,GOOD,,,
S3624,Maria,78.12,95.87,64.02,83.5,1.48,GOOD,,,
S3625,Emma,56.19,43.11,86.82,78.1,3.32,AVERAGE,,,
S3626,Sara,54,75.62,85.1,97.9,4.26,GOOD,,,
S3627,Emma,87.77,73.85,97.75,75.8,2.14,GOOD,,,
S3628,Sara,50.48,63.43,86.22,21,4.4,AVERAGE,,,
S3629,Omar,97.95,77.9,84.74,79.2,5.1,GOOD,,,
S3630,John,75.76,96.84,84.71,32.2,2.38,AVERAGE,,,
S3631,Omar,99.15,50.22,94.15,99.6,2,GOOD,,,
S3632,Ali,52.9,47.22,64.81,37.7,5.42,AVERAGE,,,
S3633,Maria,79.18,42,65,29.3,1.02,AT RISK,,,
S3634,Sara,67.47,61.83,87.06,23.9,2.28,AVERAGE,,,
S3635,Emma,92.17,60.26,61.44,65.9,3.04,AVERAGE,,,
S3636,John,68.06,65.85,95.6,10.9,4.36,AVERAGE,,,
S3637,Sara,63.02,70.2,76.74,95.4,5.98,GOOD,,,
S3638,Emma,92.88,85.47,65.01,29.4,2.86,AVERAGE,,,
S3639,Maria,68.73,63.53,88.8,29.5,5.74,AVERAGE,,,
S3640,Omar,50.84,59.84,65.62,4.6,2.84,AT RISK,,,
S3641,Maria,69.51,89.61,98.16,24.6,4.48,AVERAGE,,,
S3642,Ahmed,82.73,90.99,99.15,41.9,1.82,AVERAGE,,,
S3643,Ali,62.72,53.97,83.34,37,3.3,AVERAGE,,,
S3644,Ahmed,71.6,58.88,55.68,27.3,5.36,AVERAGE,,,
S3645,John,52.84,89.51,63.16,4.1,2.6,AT RISK,,,
S3646,Sara,79.4,44.76,75.77,30.1,1.52,AT RISK,,,
S3647,John,87.81,59.55,92.57,77.8,3.62,GOOD,,,
S3648,Omar,70.67,66.9,59.24,43.9,3.2,AVERAGE,,,
S3649,Emma,71.01,51.22,55.22,29.1,2.14,AT RISK,,,
S3650,Maria,54.41,50.79,53.72,30.5,5.52,AT RISK,,,
S3651,Ahmed,60.1,65.49,75.35,55.4,4,AVERAGE,,,
S3652,Liam,57.73,85.27,94.24,30.2,2.74,AVERAGE,,,
S3653,Ahmed,74.08,90.41,52.12,63.1,5.98,GOOD,,,
S3654,Omar,76.46,98.75,60.62,98.9,1.68,GOOD,,,
S3655,Ahmed,97.45,44.44,84.66,4.1,5.24,AVERAGE,,,
S3656,Omar,53.66,53,91.29,16.9,2.16,AT RISK,,,
S3657,Liam,79.99,85.4,90.37,17.9,2.2,AVERAGE,,,
S3658,John,76.32,72.44,89.25,44.7,3.5,AVERAGE,,,
S3659,Maria,75.81,59.66,56.49,4.1,4.3,AT RISK,,,
S3660,Sara,93.66,52.34,69.86,47.8,4.46,AVERAGE,,,
S3661,Emma,60.28,56.83,99.24,92.9,1.12,AVERAGE,,,
S3662,Sara,52.04,65.76,99.44,1.2,2.44,AT RISK,,,
S3663,John,83.61,50.63,80.12,36.5,4.3,AVERAGE,,,
S3664,Emma,67.26,97.85,85.46,76.1,5.44,GOOD,,,
S3665,Ahmed,50.88,46.46,97.56,15.4,4.34,AT RISK,,,
S3666,Liam,62.57,99.13,72.5,7.8,2.32,AVERAGE,,,
S3667,Liam,65.47,90.51,56.84,63.1,3.54,AVERAGE,,,
S3668,Ali,80.84,65.39,83.45,1,4.24,AVERAGE,,,
S3669,John,58.63,84.39,98.01,80.2,1.68,GOOD,,,
S3670,John,70.65,80.29,84.86,6.7,3.72,AVERAGE,,,
S3671,Maria,74.12,52.8,90.17,52.4,3.36,AVERAGE,,,
S3672,Sara,72.96,60.34,71.14,74,2.68,AVERAGE,,,
S3673,John,98.7,70.79,54.82,24.2,4.12,AVERAGE,,,
S3674,John,52.28,78.27,58.44,10.4,4.18,AT RISK,,,
S3675,Ahmed,97.55,72.57,99.13,17.6,5.86,AVERAGE,,,
S3676,Ahmed,79.1,68.38,74.66,85.5,3.14,GOOD,,,
S3677,Emma,89.79,66.59,50.6,70.6,3.66,AVERAGE,,,
S3678,Omar,71.52,69.9,97.77,19.8,1.78,AVERAGE,,,
S3679,Omar,72.69,66.06,74.89,71.6,3.74,AVERAGE,,,
S3680,Ali,93.97,72.48,91.81,70.9,1.18,GOOD,,,
S3681,Omar,94.8,93.28,77.42,99.8,1.74,GOOD,,,
S3682,Maria,61.93,77.97,55.09,39.2,1.86,AVERAGE,,,
S3683,Ali,59.96,83.36,80.78,86.5,4.16,GOOD,,,
S3684,Emma,74.81,75.85,99.87,44.6,3.84,AVERAGE,,,
S3685,Ahmed,95.01,78.58,51.74,89.8,5,GOOD,,,
S3686,Omar,66.12,74.7,92.09,9.2,3.32,AVERAGE,,,
S3687,Sara,82.6,41.61,61.77,17.5,3.38,AT RISK,,,
S3688,Ahmed,85.41,99.98,69.69,85,1.8,GOOD,,,
S3689,Liam,88.93,42.02,68.64,81.9,4.72,AVERAGE,,,
S3690,Maria,78.2,63.71,94.94,30.5,1.02,AVERAGE,,,
S3691,Ahmed,70.12,46.31,75.22,59.7,3.12,AVERAGE,,,
S3692,Maria,98.35,45.82,72.36,38.3,1.94,AVERAGE,,,
S3693,Maria,80.57,87.61,90.9,1,4.86,AVERAGE,,,
S3694,Maria,86.43,65.56,52.45,2.6,4.36,AVERAGE,,,
S3695,Emma,67.25,88.07,54.32,5.4,4.54,AVERAGE,,,
S3696,Maria,83.5,56.37,51.08,59.4,1.74,AVERAGE,,,
S3697,Maria,62.89,55.39,84.4,27.9,4.34,AVERAGE,,,
S3698,Liam,62.25,55.07,76.28,14.4,4.46,AT RISK,,,
S3699,Sara,85.74,76.97,93.8,94.1,1.02,GOOD,,,
S3700,Ali,76.07,88.9,74.93,12.1,2.58,AVERAGE,,,
S3701,John,84.16,67.14,61.09,67.4,1.44,AVERAGE,,,
S3702,Liam,63.47,62.75,90.26,89.4,4.4,GOOD,,,
S3703,Ali,79.94,98.41,64.72,16.4,2.06,AVERAGE,,,
S3704,Maria,72.2,47.01,96.78,21.5,2.32,AVERAGE,,,
S3705,Sara,79.85,69.2,62.52,57.4,1.4,AVERAGE,,,
S3706,Ahmed,64.54,64.51,58.39,50.8,3.42,AVERAGE,,,
S3707,Sara,85.77,45.89,74.67,52.1,1.16,AVERAGE,,,
S3708,Liam,90.3,56.09,52.53,55.5,5.22,AVERAGE,,,
S3709,Maria,63,41.71,51.82,95,1.14,AVERAGE,,,
S3710,Sara,65.03,92.62,74.8,5.4,1.3,AVERAGE,,,
S3711,Omar,83.06,76.47,60.76,76,4.2,GOOD,,,
S3712,Sara,84.78,88.9,50.47,23.3,5.58,AVERAGE,,,
S3713,Maria,85.2,71.29,64.8,37.4,5.46,AVERAGE,,,
S3714,Emma,84.13,75.97,73.87,8.9,1.42,AVERAGE,,,
S3715,Omar,69.64,82.05,69.71,44.6,2.44,AVERAGE,,,
S3716,Sara,69.74,94.48,56.77,80.4,3.6,GOOD,,,
S3717,John,62.74,45.51,78.98,9.9,1.14,AT RISK,,,
S3718,John,57.84,59.86,85.52,27.6,3.64,AVERAGE,,,
S3719,Sara,84.63,82.54,83.78,37.3,3.24,AVERAGE,,,
S3720,Emma,54.66,97.5,69.69,10.4,3.94,AVERAGE,,,
S3721,Ahmed,96.89,98.85,56.88,76.2,5.6,GOOD,,,
S3722,Maria,91.33,78.29,74.97,78.7,2.38,GOOD,,,
S3723,John,92.88,51.62,94.52,83.6,4.2,GOOD,,,
S3724,Ahmed,95.33,47.15,73.44,58.4,3.14,AVERAGE,,,
S3725,Sara,70.43,96.76,59.78,50.7,3.18,AVERAGE,,,
S3726,Liam,92.34,66.04,54.65,26.3,4.24,AVERAGE,,,
S3727,Ahmed,57.9,51.69,97.2,65.5,5.76,AVERAGE,,,
S3728,Omar,51.08,96.03,87.15,44.5,5.32,AVERAGE,,,
S3729,Ali,89.24,46.27,65.65,97.1,4.2,GOOD,,,
S3730,John,53.74,83.77,64.77,96.8,3.3,GOOD,,,
S3731,Sara,99.43,77.52,94.76,90.5,3.12,GOOD,,,
S3732,Liam,83.74,45.26,58.88,36,4.94,AVERAGE,,,
S3733,Maria,87.67,60.32,76.75,36.8,2.1,AVERAGE,,,
S3734,Liam,62.29,49,85.68,85.3,3.94,AVERAGE,,,
S3735,Emma,83.69,76.27,69.82,72.9,3.52,GOOD,,,
S3736,Omar,52.16,68.63,52,70.4,4.24,AVERAGE,,,
S3737,Sara,91.89,40.26,61.39,28,1.94,AT RISK,,,
S3738,Maria,58.48,98.54,95.09,83.3,4.48,GOOD,,,
S3739,Emma,84.87,60.98,76.16,57.9,4.14,AVERAGE,,,
S3740,Emma,61.22,55.49,90.77,44.7,1.9,AVERAGE,,,
S3741,Sara,53.42,53.35,77.78,86.5,3.24,AVERAGE,,,
S3742,Omar,74.07,49.53,97.18,39.4,4.4,AVERAGE,,,
S3743,Ahmed,58.46,99.95,95.46,65.4,5.5,GOOD,,,
S3744,Ahmed,86.47,57.71,74.14,46.6,1.62,AVERAGE,,,
S3745,Emma,61.88,64.33,65.91,59.3,1.04,AVERAGE,,,
S3746,Ahmed,67.12,92.28,80.08,4.1,1.82,AVERAGE,,,
S3747,Ali,78.37,78.51,83.74,46.1,5.94,GOOD,,,
S3748,Emma,64.25,62.12,74.92,55.6,4.84,AVERAGE,,,
S3749,Emma,68.9,93.9,91.11,49.3,4.08,GOOD,,,
S3750,Maria,90.78,84.98,59.17,84.7,1.66,GOOD,,,
S3751,Ahmed,58.96,53.67,66.72,31.1,3.08,AT RISK,,,
S3752,Omar,54.11,78.62,84.32,88.4,4.58,GOOD,,,
S3753,Emma,66.42,95.34,62.33,40.3,5.48,AVERAGE,,,
S3754,Liam,71.22,69.79,71.99,69.5,2.9,AVERAGE,,,
S3755,Omar,77.13,84.02,98.19,8.7,6,AVERAGE,,,
S3756,Ali,68.62,98.27,81.29,20,1.7,AVERAGE,,,
S3757,Maria,89.5,81.42,97.45,76.1,2.94,GOOD,,,
S3758,Sara,51.97,46.15,86.12,1.2,5.38,AT RISK,,,
S3759,Omar,71.59,54.67,86.23,96.9,4.24,GOOD,,,
S3760,Emma,69.11,75.71,79.59,19.1,5.06,AVERAGE,,,
S3761,Ali,82.38,56.53,57.11,90.1,5.54,GOOD,,,
S3762,John,98.31,97.45,75.99,51.6,3.54,GOOD,,,
S3763,Ali,75.52,64.32,62.63,56.5,2.18,AVERAGE,,,
S3764,Ali,99.34,67.43,99.93,8.4,4.46,AVERAGE,,,
S3765,Maria,65.11,82.1,63.35,36.5,3.82,AVERAGE,,,
S3766,Sara,51.54,71.45,61.53,15.6,4.86,AVERAGE,,,
S3767,John,58.28,62.93,81.19,52.6,3.56,AVERAGE,,,
S3768,Ahmed,69.76,44.6,75.55,55.1,5.06,AVERAGE,,,
S3769,Ahmed,65.82,75.79,51.07,71,5.52,AVERAGE,,,
S3770,Omar,54.85,92.05,56.48,87.8,4.74,GOOD,,,
S3771,Ali,71.63,81.15,90.55,46.8,4.72,AVERAGE,,,
S3772,Liam,66.91,62.89,74.18,23.3,3.94,AVERAGE,,,
S3773,Maria,56.13,47.66,57.3,33.4,3.36,AT RISK,,,
S3774,Liam,64.81,88.98,73.26,84.7,5.86,GOOD,,,
S3775,Maria,94.32,96.5,62.66,14.6,4.22,AVERAGE,,,
S3776,Ahmed,65.1,63.3,61.18,62.7,5.2,AVERAGE,,,
S3777,Omar,85.7,83.72,97.89,1.3,3.52,AVERAGE,,,
S3778,Omar,80.6,64.65,68.1,24.6,3.78,AVERAGE,,,
S3779,Omar,71.36,70.14,52.32,59.1,4.32,AVERAGE,,,
S3780,John,61.95,90.19,98.52,45.6,4.64,AVERAGE,,,
S3781,Sara,68.45,45.01,89.74,49.4,3.24,AVERAGE,,,
S3782,John,79.61,71.82,62.72,66.1,2.78,AVERAGE,,,
S3783,Emma,67.54,52.88,70.44,23.5,2.2,AT RISK,,,
S3784,Emma,60.74,60.39,93.11,28.1,3.12,AVERAGE,,,
S3785,Liam,55.82,78.67,67.87,68.4,2.06,AVERAGE,,,
S3786,Sara,93.99,41.63,78.37,53.8,3.08,AVERAGE,,,
S3787,Ahmed,72.02,75.63,76.74,1.5,5.38,AVERAGE,,,
S3788,Sara,81.26,57.01,70.06,67,5.88,AVERAGE,,,
S3789,Maria,74.52,80.17,81.98,62,3.88,GOOD,,,
S3790,Emma,93.63,48.49,73.66,7.9,1.74,AT RISK,,,
S3791,Ali,77.35,84.15,51.06,74.8,3.14,AVERAGE,,,
S3792,Ali,74.04,78.74,90.72,52.2,4.02,AVERAGE,,,
S3793,Ahmed,96.23,98.27,55.66,20.5,2.86,AVERAGE,,,
S3794,Maria,85.98,94.67,73.2,55.9,2.02,AVERAGE,,,
S3795,Liam,55.58,57,79,59.5,2.14,AVERAGE,,,
S3796,John,58.89,41.64,85.28,92,3.36,AVERAGE,,,
S3797,Maria,89.36,79.32,70.54,74.2,2.08,GOOD,,,
S3798,Ali,91.79,76.17,86.78,30.2,2.24,AVERAGE,,,
S3799,Ali,77.26,41.65,56.57,11.8,5.36,AT RISK,,,
S3800,Liam,77.72,47.36,82.67,85.3,4.9,GOOD,,,
S3801,Emma,81.6,75.08,91.32,84.6,1.28,GOOD,,,
S3802,Maria,71.96,94.71,94.47,17.5,2.6,AVERAGE,,,
S3803,Maria,84.01,94.39,78.98,6.2,3.66,AVERAGE,,,
S3804,Ali,55.42,49.09,65.64,71.2,1.3,AVERAGE,,,
S3805,John,98.06,63.07,58.17,72.3,4.42,GOOD,,,
S3806,Ahmed,87.51,42.59,67.28,17.7,2.92,AT RISK,,,
S3807,Omar,81.56,68.16,77,66.8,2.98,AVERAGE,,,
S3808,Ahmed,65.82,85.19,59.82,27.9,2.32,AVERAGE,,,
S3809,Maria,58.05,87.4,97.63,26.1,2.66,AVERAGE,,,
S3810,Ahmed,70.47,69.94,94.86,32.5,5.3,AVERAGE,,,
S3811,Ali,83.08,45.75,51.65,52,4.94,AVERAGE,,,
S3812,Ali,81.69,62.88,78.1,80.4,5.68,GOOD,,,
S3813,Liam,69.13,95.93,89.47,49.9,4.5,GOOD,,,
S3814,Maria,80.66,53.78,62.27,29.8,3.88,AVERAGE,,,
S3815,Liam,90.69,59.19,76.19,88.4,2.3,GOOD,,,
S3816,Maria,51.31,84.81,70.3,5.5,4.34,AVERAGE,,,
S3817,Omar,72.53,84.01,59.83,79.7,5.54,GOOD,,,
S3818,Omar,87.93,94.73,80.74,78.4,1.34,GOOD,,,
S3819,Emma,77.31,63.29,99.68,25.4,3.22,AVERAGE,,,
S3820,Maria,82.57,70.88,68.26,19.8,1.74,AVERAGE,,,
S3821,John,75.83,68.04,77.62,87.5,5.06,GOOD,,,
S3822,Ahmed,99.59,95.67,66.39,55.9,4.08,GOOD,,,
S3823,Maria,52.73,86.16,93.85,4.6,5.4,AVERAGE,,,
S3824,Sara,74.55,89.89,93.23,89.1,1.32,GOOD,,,
S3825,Emma,54.57,47.99,58.94,34.9,5.52,AVERAGE,,,
S3826,Sara,57.99,87.51,95,34.2,1.34,AVERAGE,,,
S3827,Ali,69.15,65.98,57.58,64.3,2.44,AVERAGE,,,
S3828,Omar,57.78,41.4,54.77,66.1,1.78,AT RISK,,,
S3829,Ahmed,98.18,43.61,82.65,35.3,1.72,AVERAGE,,,
S3830,Maria,97.34,80.67,69.3,14.3,1.86,AVERAGE,,,
S3831,Sara,66.81,62.32,76.54,55.2,3.4,AVERAGE,,,
S3832,Ahmed,81.99,92.09,82.63,62.5,4.92,GOOD,,,
S3833,Ali,76.69,84.06,52.64,86,5.5,GOOD,,,
S3834,Omar,90.78,41.3,64.65,48.4,3.84,AVERAGE,,,
S3835,John,81.37,81.21,73.05,64.6,1.78,AVERAGE,,,
S3836,Emma,50.01,51.54,63.33,5.4,1.4,AT RISK,,,
S3837,Ahmed,88.16,65.35,52.45,89.5,3.48,GOOD,,,
S3838,Ahmed,87.34,77.48,54.33,32.7,4.82,AVERAGE,,,
S3839,John,75.49,92.36,90.09,63.2,4.1,GOOD,,,
S3840,Ahmed,95.15,67.37,95.57,91.6,3.92,GOOD,,,
S3841,Ali,95.42,88.51,57.61,81.1,1.24,GOOD,,,
S3842,Ali,76.2,86.98,62.46,63.8,3.06,AVERAGE,,,
S3843,John,80.4,64.87,82.61,70.4,3.76,AVERAGE,,,
S3844,Emma,99.83,70.06,97.71,92.1,4,GOOD,,,
S3845,Maria,64.94,82.03,64.98,81.2,1.02,AVERAGE,,,
S3846,Sara,66.23,41.87,92.76,61,2,AVERAGE,,,
S3847,Maria,59.14,93.45,75.3,65.9,5.74,GOOD,,,
S3848,Ahmed,94.79,86.19,97.83,14.7,3.54,AVERAGE,,,
S3849,Sara,87.22,54.96,56.81,47,4.52,AVERAGE,,,
S3850,Liam,55.28,98.87,98.68,30.1,2.54,AVERAGE,,,
S3851,John,99.09,50.76,72.05,43.2,3.92,AVERAGE,,,
S3852,John,86.55,94.85,97.65,66.2,2.78,GOOD,,,
S3853,Emma,92.53,59.47,72.93,14.9,2.48,AVERAGE,,,
S3854,Sara,52.41,85.79,76.5,1.7,3.06,AT RISK,,,
S3855,Ali,75.25,67.38,90.24,39.7,3.3,AVERAGE,,,
S3856,Sara,84.93,84.19,86.13,32.2,2.66,AVERAGE,,,
S3857,Ahmed,77.15,49.35,80.98,42,2.28,AVERAGE,,,
S3858,Ali,83.33,56.17,70.85,93.1,4.12,GOOD,,,
S3859,Omar,90.89,45.99,89.62,70.7,2.9,AVERAGE,,,
S3860,Omar,68.72,91.91,97.41,32.7,2,AVERAGE,,,
S3861,Liam,92.43,57.78,50.49,17.9,4.8,AVERAGE,,,
S3862,Omar,58.15,81.67,79.39,61.8,4.62,AVERAGE,,,
S3863,John,63.54,89.21,93.3,65.8,5.44,GOOD,,,
S3864,Sara,52.17,94.09,82.66,48.4,3.78,AVERAGE,,,
S3865,Omar,68.22,46.38,90.04,21.3,2.4,AT RISK,,,
S3866,Maria,69,93.58,94.75,2.9,5.32,AVERAGE,,,
S3867,Emma,90.26,51.84,87.55,26.6,2.4,AVERAGE,,,
S3868,Maria,82.66,84.21,85.85,45.7,4.28,AVERAGE,,,
S3869,Omar,71.84,83.73,98.24,78.8,1.96,GOOD,,,
S3870,Liam,82.61,40.51,93.18,85.4,4.14,AVERAGE,,,
S3871,Emma,52.64,53.24,90.77,41.3,5.2,AVERAGE,,,
S3872,Ahmed,59.01,69.51,54.32,79.6,3.7,AVERAGE,,,
S3873,Maria,81.35,65.2,61.95,99.3,3.36,GOOD,,,
S3874,Liam,82.07,95.11,77.84,71.7,5.96,GOOD,,,
S3875,Sara,88.71,61.58,85.48,72.9,1.12,AVERAGE,,,
S3876,Sara,70.15,96.22,65.16,91,2.66,GOOD,,,
S3877,Maria,86.13,67.57,54.67,33.8,5.6,AVERAGE,,,
S3878,Omar,84.2,97.86,65.55,1.1,4.22,AVERAGE,,,
S3879,Liam,98.17,84.24,88.55,98.7,3.72,EXCELLENT,,,
S3880,Sara,60.76,89.76,93.87,49,4.18,AVERAGE,,,
S3881,Ahmed,77.58,46.29,95.65,78.6,2.6,AVERAGE,,,
S3882,Ali,80.09,75.17,68.94,81.2,1.36,AVERAGE,,,
S3883,Omar,99.93,48.56,68.63,39.8,2.38,AVERAGE,,,
S3884,Liam,60.06,57.86,70.34,54.1,2.68,AVERAGE,,,
S3885,Ahmed,76.16,77.41,68.79,54,3.4,AVERAGE,,,
S3886,Liam,67.31,83.57,83.31,22,2.96,AVERAGE,,,
S3887,Emma,76.29,42.35,67.92,11.8,3.6,AT RISK,,,
S3888,Ahmed,61.61,71.86,51.02,54.4,1.98,AVERAGE,,,
S3889,Omar,52.38,73.92,71.95,12,1.92,AT RISK,,,
S3890,Emma,78.63,44.73,61.21,34.6,2.76,AT RISK,,,
S3891,Omar,66.79,70.04,51.44,18.6,3.36,AT RISK,,,
S3892,Sara,59.1,82.83,73.54,70.7,2.7,AVERAGE,,,
S3893,Ali,66.2,43.19,60.3,87.2,3.88,AVERAGE,,,
S3894,Omar,52.46,85.62,72.64,57.8,2.56,AVERAGE,,,
S3895,Omar,97.52,74.59,63.89,41,1.88,AVERAGE,,,
S3896,Sara,79.06,89.99,80.19,99.7,5.32,EXCELLENT,,,
S3897,John,90.74,53.08,99.54,2.1,2,AVERAGE,,,
S3898,Sara,71.16,90,77.36,30.4,5.84,AVERAGE,,,
S3899,Emma,95.17,45.67,82.34,27.9,5.94,AVERAGE,,,
S3900,Sara,74.17,64.23,95.96,35.6,4.48,AVERAGE,,,
S3901,Sara,78.7,51.97,68.7,23.1,3.52,AVERAGE,,,
S3902,Ali,74.59,92.56,58.33,26.4,4.98,AVERAGE,,,
S3903,Sara,86.66,82.3,64.14,25.8,5.36,AVERAGE,,,
S3904,Liam,78.33,41.52,70.14,50.6,4.54,AVERAGE,,,
S3905,Omar,63.58,40.57,82.25,39.1,1.52,AT RISK,,,
S3906,Liam,57.28,57.47,50.23,63.9,1.02,AVERAGE,,,
S3907,Ali,80.31,48.6,92.67,51.4,1.96,AVERAGE,,,
S3908,Maria,74.46,77.82,53.8,18.3,1.94,AVERAGE,,,
S3909,John,54.8,79.83,95.03,81,1.92,AVERAGE,,,
S3910,Liam,69.78,96.52,97.47,47.2,3.54,GOOD,,,
S3911,Ali,75.74,97.12,99.51,15.3,3.6,AVERAGE,,,
S3912,Emma,91.34,79.53,90.48,16.7,4.62,AVERAGE,,,
S3913,Maria,53.81,40.34,57.09,79.7,2,AVERAGE,,,
S3914,Ali,67.42,61.54,85.31,70.3,1.46,AVERAGE,,,
S3915,Ali,91.13,70.79,60.17,50.7,4.34,AVERAGE,,,
S3916,John,82.42,69.95,94.86,30.6,3.42,AVERAGE,,,
S3917,Omar,64.5,76.2,65.83,46.1,4.34,AVERAGE,,,
S3918,Liam,92.27,97.63,66.34,63.6,2.9,GOOD,,,
S3919,Emma,74.66,93.11,95.88,87.9,4.76,GOOD,,,
S3920,Ahmed,74.92,46.53,50.66,55.6,4.42,AVERAGE,,,
S3921,Liam,98.83,55.96,59.7,27.7,4.26,AVERAGE,,,
S3922,Ahmed,97.36,89.99,71.1,4.3,1.14,AVERAGE,,,
S3923,Ali,67.93,89.46,85.04,17.5,5.3,AVERAGE,,,
S3924,Sara,57.03,56.52,82.38,65,2.88,AVERAGE,,,
S3925,Emma,66.28,83.84,83.47,16,1.68,AVERAGE,,,
S3926,Maria,51.52,80.32,94,48.2,4.78,AVERAGE,,,
S3927,Sara,51.04,68.41,56.05,69.9,3.44,AVERAGE,,,
S3928,Sara,69.78,52.09,76.11,30.8,1.16,AT RISK,,,
S3929,Liam,97.05,93.32,86.27,66.9,4.9,GOOD,,,
S3930,Emma,93.57,80.67,81.81,58.1,3.18,GOOD,,,
S3931,Omar,75.57,50.14,72.42,43.9,4.78,AVERAGE,,,
S3932,Ali,78.26,82.29,50.86,89.7,4.78,GOOD,,,
S3933,Ali,50.3,84.49,53.02,69.2,1.5,AVERAGE,,,
S3934,Ali,60.78,93.21,55.95,36.1,4.06,AVERAGE,,,
S3935,Ali,51.24,53.37,67.16,80.4,2.8,AVERAGE,,,
S3936,Liam,87.73,99.33,55.88,73.8,3.74,GOOD,,,
S3937,Ahmed,57.28,49.2,71.3,79.2,1.44,AVERAGE,,,
S3938,Ali,93.45,76.04,58.93,64.1,3.94,AVERAGE,,,
S3939,Ahmed,82.17,79.43,88.96,37.9,4.88,AVERAGE,,,
S3940,Ahmed,61.47,65.14,93.57,34.9,5.94,AVERAGE,,,
S3941,Omar,57.89,68.5,69.48,65.4,2.6,AVERAGE,,,
S3942,Ali,81.38,93.45,75.57,13.1,1.78,AVERAGE,,,
S3943,John,95.04,78.72,97.67,82,2.82,GOOD,,,
S3944,Maria,85.92,69.82,76.78,37,1.1,AVERAGE,,,
S3945,Sara,67.43,47.7,99.75,63,3.04,AVERAGE,,,
S3946,Ahmed,79.37,40.44,57.11,49.9,5.58,AVERAGE,,,
S3947,Emma,65.54,47.5,93.11,51.9,1.98,AVERAGE,,,
S3948,Emma,99.96,97.37,74.86,73.8,3.38,GOOD,,,
S3949,Maria,87.44,85.85,51.14,62.7,3.86,AVERAGE,,,
S3950,Emma,80.72,98.03,98.61,25,1.9,AVERAGE,,,
S3951,John,71.16,42.14,98.25,7.4,2.66,AT RISK,,,
S3952,Emma,80.91,80.81,69.16,84,5.56,GOOD,,,
S3953,Sara,67.08,42.66,97.71,88.5,2.48,AVERAGE,,,
S3954,Sara,51.44,86.92,57.05,16.4,4.18,AVERAGE,,,
S3955,Ahmed,69.75,62.86,84.01,30.9,1.68,AVERAGE,,,
S3956,Ali,96.52,45.75,59.6,28.2,4.34,AVERAGE,,,
S3957,Omar,81.32,74.08,62.33,93.7,2.4,GOOD,,,
S3958,John,54.2,56.81,88.97,20.5,2.16,AT RISK,,,
S3959,Ahmed,94.25,79.57,68.87,16.7,1.62,AVERAGE,,,
S3960,John,63.44,79.49,50.36,18.2,1.24,AT RISK,,,
S3961,Ali,62.19,82.3,70.71,73,5.84,GOOD,,,
S3962,Liam,64.85,99.55,61.4,88.8,3.06,GOOD,,,
S3963,Emma,78.86,63.2,84.17,39.3,4.88,AVERAGE,,,
S3964,Emma,77.23,67.92,59.72,13.6,5.6,AVERAGE,,,
S3965,Omar,74.57,88.28,92.11,58.6,2.02,AVERAGE,,,
S3966,Ali,85.88,74.7,63.35,21,5.34,AVERAGE,,,
S3967,Ahmed,65.83,42.24,69.65,6.4,4.54,AT RISK,,,
S3968,Omar,89.1,90.58,64.9,88.6,3.88,GOOD,,,
S3969,Ali,58.77,43.09,82.2,87.1,5.04,AVERAGE,,,
S3970,Maria,89.13,50.25,55.06,97.6,1.56,AVERAGE,,,
S3971,Sara,83.19,46.12,73.9,47.4,2.32,AVERAGE,,,
S3972,Omar,84.16,44.68,66.72,29.4,1.66,AT RISK,,,
S3973,Omar,74.08,41.54,94.21,77,5.48,AVERAGE,,,
S3974,Ahmed,83.35,43.3,53.67,18,1.5,AT RISK,,,
S3975,John,53.99,66.55,91.48,24.3,5.9,AVERAGE,,,
S3976,Maria,92.58,55.17,58.38,25.6,1.54,AVERAGE,,,
S3977,Ahmed,52.78,47.59,54.43,95.2,4.3,AVERAGE,,,
S3978,Ali,57.44,79.52,60.12,73,4.3,AVERAGE,,,
S3979,Ali,78.84,53.57,55.13,13.4,5.66,AVERAGE,,,
S3980,Ali,86.97,41.14,76.05,9.3,2.62,AT RISK,,,
S3981,Liam,53.81,65.11,99.41,84.3,2.66,AVERAGE,,,
S3982,Ali,96.04,58.63,51.72,80.2,5.24,GOOD,,,
S3983,John,98.68,59.12,73.06,67.1,5.9,GOOD,,,
S3984,Maria,80.3,66.72,69.3,19.6,1.16,AVERAGE,,,
S3985,Emma,74.06,80.13,66.98,48,4.18,AVERAGE,,,
S3986,Sara,87.07,76.99,66.59,60.3,2.22,AVERAGE,,,
S3987,John,66.42,96.24,94.75,93.2,4.64,GOOD,,,
S3988,John,74.66,71.06,50.95,16.9,4.86,AVERAGE,,,
S3989,Liam,95.81,68.35,88.75,51.5,4.82,GOOD,,,
S3990,Emma,97.78,52.8,62.65,15.8,3.18,AVERAGE,,,
S3991,Emma,96.35,85.32,69.16,44.4,1.78,AVERAGE,,,
S3992,Sara,63.12,48.45,71.01,20,3.92,AT RISK,,,
S3993,Sara,61.62,69.47,65.24,83.6,4.94,AVERAGE,,,
S3994,Emma,64.88,65.28,54.68,25.5,5.56,AVERAGE,,,
S3995,Ali,72.07,79.5,55.72,41.7,3.26,AVERAGE,,,
S3996,John,65.71,95.06,64.91,40.8,2.22,AVERAGE,,,
S3997,Ahmed,68.71,96.8,91.09,86.6,1.6,GOOD,,,
S3998,Sara,81.03,50.07,56.73,75.8,4.98,AVERAGE,,,
S3999,Liam,88.13,55.71,87.13,5.8,3.68,AVERAGE,,,
S4000,Liam,86.78,88.7,64.44,6.7,4.38,AVERAGE,,,
S4001,Sara,90.72,71.1,94.17,55.1,1.8,AVERAGE,,,
S4002,Emma,51.61,67.18,71.42,42.8,1.04,AVERAGE,,,
S4003,Maria,52.39,82.64,58.59,27.6,5.84,AVERAGE,,,
S4004,Ahmed,89.47,76.12,99.29,79.3,5.06,GOOD,,,
S4005,Ahmed,76.65,98.24,58.83,12.9,3,AVERAGE,,,
S4006,Sara,78.91,75.04,78.38,97.4,3.28,GOOD,,,
S4007,Ali,52.63,67.96,78.46,2.4,5.64,AVERAGE,,,
S4008,Maria,62.77,72.57,68.64,11.8,2.04,AT RISK,,,
S4009,Ahmed,81.92,88.51,97.57,31.1,5.02,GOOD,,,
S4010,Sara,92.96,76.76,92.19,50.9,1.08,AVERAGE,,,
S4011,Liam,95.85,78.82,91.49,21.6,5.38,AVERAGE,,,
S4012,Ahmed,75.02,98.29,98.71,73.6,3.94,GOOD,,,
S4013,Omar,77.27,77.1,72.86,35.8,3.38,AVERAGE,,,
S4014,Maria,91.65,62.82,54.86,3.9,4.54,AVERAGE,,,
S4015,Maria,76.88,81.48,88.27,87.8,1.34,GOOD,,,
S4016,Omar,75.84,79.57,69.04,94.4,1.98,GOOD,,,
S4017,John,95.25,40.83,59.52,61.9,3.04,AVERAGE,,,
S4018,Liam,89.5,68.04,74.16,80.7,4.08,GOOD,,,
S4019,Omar,95.45,84.57,96.29,12.1,1.72,AVERAGE,,,
S4020,Emma,60.91,69.94,58.57,26.9,2.9,AVERAGE,,,
S4021,Emma,76.22,86.78,92.43,32.5,2.3,AVERAGE,,,
S4022,Sara,92.12,67.05,70.91,96.1,4.22,GOOD,,,
S4023,Maria,55.56,99,56.84,51.2,5.6,AVERAGE,,,
S4024,John,89.73,57.57,92.42,0.7,1.82,AT RISK,,,
S4025,John,59.15,45.53,98.48,38,1.94,AVERAGE,,,
S4026,Ahmed,90.41,65.8,64.56,0.8,4,AVERAGE,,,
S4027,Ahmed,80.6,72.5,65.18,23.8,3.26,AVERAGE,,,
S4028,Omar,59.66,60.95,69.53,45.5,4.6,AVERAGE,,,
S4029,John,73.67,54.54,90.71,32.3,2.44,AVERAGE,,,
S4030,Omar,84.1,80.32,50.52,3.3,3.72,AVERAGE,,,
S4031,Liam,81.69,62.63,61.2,11.6,2.94,AT RISK,,,
S4032,Omar,71.36,77.88,85.29,55.1,2.4,AVERAGE,,,
S4033,Ahmed,94.97,86.74,70.28,69.6,4.64,GOOD,,,
S4034,Maria,75.96,85.66,66.51,40.5,4.98,AVERAGE,,,
S4035,Omar,75.29,62.52,93.61,73.1,2.64,AVERAGE,,,
S4036,Ali,53.11,74.07,95.87,16.3,4.12,AVERAGE,,,
S4037,Maria,96.11,66.98,97.4,12.2,1.9,AVERAGE,,,
S4038,John,58.86,92.25,63.63,83.9,4.96,GOOD,,,
S4039,John,76.42,92.73,95.63,33.9,2.4,AVERAGE,,,
S4040,Omar,90.18,60.62,86.85,43.2,1.86,AVERAGE,,,
S4041,Maria,60.77,45.5,57.71,94.8,5.7,AVERAGE,,,
S4042,Ahmed,76.37,50.05,80.51,42.4,3.12,AVERAGE,,,
S4043,Ahmed,62.03,62.02,51.32,0.3,4.22,AT RISK,,,
S4044,Emma,87.98,73.85,85.42,93.8,5.04,GOOD,,,
S4045,John,78.22,79.41,86.68,1.4,4.44,AVERAGE,,,
S4046,Sara,92.8,59.88,89.47,66.2,3.82,GOOD,,,
S4047,Emma,94.73,80.05,58.63,32.3,2.86,AVERAGE,,,
S4048,Ahmed,82.44,96.26,81.41,47,5.6,GOOD,,,
S4049,Maria,86.27,79.12,58.94,54.7,1.66,AVERAGE,,,
S4050,Liam,77.46,49.51,97.33,40.8,5.42,AVERAGE,,,
S4051,Ahmed,69.22,74.78,83.75,77.4,4.54,GOOD,,,
S4052,Maria,82.41,72.51,54.77,93.1,3.86,GOOD,,,
S4053,Emma,95.41,92.24,59.35,8.6,2.62,AVERAGE,,,
S4054,John,70.83,61.02,83.17,80,1.74,AVERAGE,,,
S4055,Ahmed,65.72,65.38,73.83,12.9,3.22,AT RISK,,,
S4056,Omar,69.42,75.92,86.81,8,4.92,AVERAGE,,,
S4057,Maria,71.77,71.47,64.04,95.6,4.72,GOOD,,,
S4058,John,53.68,83.14,82.9,48.9,4.22,AVERAGE,,,
S4059,Liam,74.92,42.42,58.85,15.3,5.96,AT RISK,,,
S4060,Liam,74.72,73.81,77.19,57,5.86,GOOD,,,
S4061,Sara,79.42,47.3,97.89,26.3,3,AVERAGE,,,
S4062,Maria,68.14,58.91,81.41,46.4,1.96,AVERAGE,,,
S4063,Emma,80.66,79.7,52.5,62.5,3.32,AVERAGE,,,
S4064,Sara,93.91,49.44,99.44,86.9,5.22,GOOD,,,
S4065,Sara,97.77,58.53,57.84,0.3,3.3,AT RISK,,,
S4066,Ali,79.18,82.18,85.9,21.4,2.68,AVERAGE,,,
S4067,Ahmed,52.13,79.05,76.63,9.6,4.7,AVERAGE,,,
S4068,Maria,98.46,45.46,64.72,9.7,4.26,AVERAGE,,,
S4069,Sara,85.29,74.64,58.87,94.6,5.84,GOOD,,,
S4070,Ali,66.8,48.84,58.89,93.6,3.74,AVERAGE,,,
S4071,Emma,57.36,55.14,92.92,74.9,5.84,AVERAGE,,,
S4072,John,57.17,67.55,93.65,64.3,2.46,AVERAGE,,,
S4073,Omar,58.39,46.56,73.26,84.8,5.32,AVERAGE,,,
S4074,Omar,52.28,99.62,55.18,5.8,2.76,AVERAGE,,,
S4075,Maria,95.11,49.92,94.21,11.9,5.04,AVERAGE,,,
S4076,Sara,77.04,86.88,74.35,31.7,5.62,AVERAGE,,,
S4077,Omar,85,89.79,71.94,83.2,4.12,GOOD,,,
S4078,Ahmed,91.41,99.67,70.37,47.2,4.64,GOOD,,,
S4079,Omar,89.58,65.72,68.25,50.4,5.8,AVERAGE,,,
S4080,Omar,94.13,92.45,76.3,22.9,2.88,AVERAGE,,,
S4081,Omar,98.36,97.45,80.23,64.8,3.56,GOOD,,,
S4082,Liam,71.95,50.37,73.32,88.8,5.5,GOOD,,,
S4083,Ali,97.52,68.77,94.83,33,4.36,AVERAGE,,,
S4084,Sara,86.16,43.6,65.88,61.9,5.36,AVERAGE,,,
S4085,Ahmed,53.53,77.24,78.92,33.2,4.1,AVERAGE,,,
S4086,Sara,84.09,74.88,65,79.3,4.7,GOOD,,,
S4087,Liam,84.34,52.25,87.67,47.5,1.06,AVERAGE,,,
S4088,Maria,95.29,87.87,55.11,33.9,2.7,AVERAGE,,,
S4089,Maria,68.65,42.24,59.43,42,4.86,AVERAGE,,,
S4090,Maria,79.25,88.37,90.06,9.1,3.02,AVERAGE,,,
S4091,Emma,50.61,41.6,59.16,86.6,2.82,AVERAGE,,,
S4092,Omar,66.6,79.41,81.29,95.8,5.76,GOOD,,,
S4093,Emma,53.11,44.73,98.51,47.7,3.76,AVERAGE,,,
S4094,Ali,76.09,55.07,76.14,22.1,1.96,AT RISK,,,
S4095,Maria,90.87,83.31,59.37,66.5,3.36,GOOD,,,
S4096,Liam,60.32,56.82,66.03,45.2,3.6,AVERAGE,,,
S4097,Ahmed,76.37,70.67,91.17,25.2,5.94,AVERAGE,,,
S4098,Sara,60.2,94.91,67.58,3.8,4.6,AVERAGE,,,
S4099,Omar,56.03,42.98,86.18,89,3.6,AVERAGE,,,
S4100,John,75.55,88.66,88.87,79.7,3.16,GOOD,,,
S4101,Ahmed,53.96,43.92,75.06,82.9,5.58,AVERAGE,,,
S4102,Omar,79.37,47.61,89.16,44,4.22,AVERAGE,,,
S4103,Emma,51.57,47.16,65.85,75.3,2.78,AVERAGE,,,
S4104,Emma,55.34,99.65,75.81,58.1,3.32,AVERAGE,,,
S4105,Ahmed,77.5,50.81,84.33,37.5,2.4,AVERAGE,,,
S4106,Emma,79.57,93.81,58.4,84.3,5.8,GOOD,,,
S4107,Maria,51.45,99.46,63.68,99.9,4.5,GOOD,,,
S4108,Ali,78.67,63.03,82.6,89.9,2.96,GOOD,,,
S4109,Sara,91.93,77.86,82.77,77.6,1.92,GOOD,,,
S4110,Ali,86.12,86.75,74.67,74.8,1.88,GOOD,,,
S4111,Omar,56.56,63.56,89.78,65,3.38,AVERAGE,,,
S4112,Sara,79.62,49.71,74.1,85.4,3.34,AVERAGE,,,
S4113,Liam,83.61,66.03,94.07,49.3,3.08,AVERAGE,,,
S4114,Sara,51.86,86.31,86.8,18.2,5.26,AVERAGE,,,
S4115,Ali,92.77,86.85,65.73,76.8,5.9,GOOD,,,
S4116,Ahmed,95.31,53.83,69.76,92,2.78,GOOD,,,
S4117,Sara,92.52,50.5,83.38,34.1,2.48,AVERAGE,,,
S4118,Liam,91.23,95.23,94.72,78.3,4.86,GOOD,,,
S4119,Liam,87.25,42.64,58.94,27.4,3.24,AT RISK,,,
S4120,Liam,81.67,84.08,75.73,94.3,2.08,GOOD,,,
S4121,Ali,83.93,42.79,55.94,68.3,1.9,AVERAGE,,,
S4122,Sara,90.32,90.27,63.97,56.9,2.4,AVERAGE,,,
S4123,John,83.12,94.32,84.3,78,1,GOOD,,,
S4124,Ahmed,66.39,57.85,53.89,81.3,5.7,AVERAGE,,,
S4125,Maria,68.8,44.44,83.12,89.2,3.16,AVERAGE,,,
S4126,Sara,94.85,68.84,95.04,90.1,1.42,GOOD,,,
S4127,Liam,50.86,57.91,98.47,5.3,1.82,AT RISK,,,
S4128,John,84.94,65.03,60.83,12.3,2.62,AVERAGE,,,
S4129,Maria,97.74,79.9,87.44,82.6,3.76,GOOD,,,
S4130,Maria,85.31,52.59,96.32,94.6,4.52,GOOD,,,
S4131,Omar,99.7,61.42,54.57,30.8,2.54,AVERAGE,,,
S4132,Sara,84.38,86.95,70.7,0.9,5.78,AVERAGE,,,
S4133,Ali,51.72,78.63,95.97,32.3,4.8,AVERAGE,,,
S4134,Sara,91.35,59.58,60.14,38.3,5.12,AVERAGE,,,
S4135,John,64.23,79.86,96.69,76.1,2.62,GOOD,,,
S4136,Maria,72.3,85.92,76.36,4.8,2.9,AVERAGE,,,
S4137,Sara,65.6,75.55,54.99,21.3,3.7,AVERAGE,,,
S4138,Ali,63.43,54.37,72.49,89.4,3.26,AVERAGE,,,
S4139,Omar,71.57,40.01,66.31,15.5,2.3,AT RISK,,,
S4140,Sara,68.94,88.17,64.11,75.9,5.98,GOOD,,,
S4141,Ahmed,81.67,89.36,77.07,36.1,5.24,AVERAGE,,,
S4142,Omar,90.66,81.86,74.18,66.3,2.18,GOOD,,,
S4143,Ali,64.85,44.59,74.1,7.4,5.46,AT RISK,,,
S4144,John,60.69,75.11,54.41,28.7,3.94,AVERAGE,,,
S4145,Maria,83.34,89.26,90.12,42.5,1.06,AVERAGE,,,
S4146,Sara,83.52,63.38,74.07,85.7,2.74,GOOD,,,
S4147,Ali,95.06,51.88,91.05,56.3,1.12,AVERAGE,,,
S4148,Omar,50.8,75.26,91.23,4.5,1.44,AT RISK,,,
S4149,Ahmed,92.65,89.58,65.86,80.2,1.9,GOOD,,,
S4150,Ali,76.05,42.93,50.22,5.5,3.42,AT RISK,,,
S4151,Emma,81.07,75.82,95.56,93.4,2.9,GOOD,,,
S4152,Liam,54.57,78.59,88.03,21.2,1.74,AVERAGE,,,
S4153,Ahmed,71.63,76.14,55.36,48.8,2.98,AVERAGE,,,
S4154,Omar,61.37,79,85.09,7.2,2.52,AVERAGE,,,
S4155,John,62.71,77.88,51,56.2,3.06,AVERAGE,,,
S4156,Maria,75.2,47.82,51.39,49.7,1.86,AVERAGE,,,
S4157,Omar,90.62,54.1,76.29,41,4.04,AVERAGE,,,
S4158,Liam,87.19,77.14,54.8,3.6,1.22,AT RISK,,,
S4159,John,79.55,41.06,98.22,87.9,2.94,AVERAGE,,,
S4160,Sara,76.97,78.08,94.69,80.3,5.48,GOOD,,,
S4161,Ali,71.37,79.92,82.49,63.3,3.1,AVERAGE,,,
S4162,Emma,98.64,54.35,53.19,57.2,3.2,AVERAGE,,,
S4163,Ahmed,78.01,75.89,66.24,69.5,1.34,AVERAGE,,,
S4164,Ahmed,62.7,72.05,68.59,14.4,4.02,AVERAGE,,,
S4165,Ali,61.5,55.64,74.04,93.3,5.68,GOOD,,,
S4166,Emma,80.57,67.78,58.45,28.5,2.46,AVERAGE,,,
S4167,Ali,76.14,94.58,78.88,65.6,2.96,GOOD,,,
S4168,Sara,50.38,65.6,71.79,60.7,3.94,AVERAGE,,,
S4169,Liam,91.5,77.79,97.36,63.7,1.46,GOOD,,,
S4170,John,85.21,42.12,96.81,87.9,5.76,GOOD,,,
S4171,Omar,83.09,44.67,78.27,29.6,3.34,AVERAGE,,,
S4172,Ahmed,53.44,44.88,82.22,74.9,1.58,AVERAGE,,,
S4173,Sara,68.1,86.69,56.89,59.8,2.68,AVERAGE,,,
S4174,John,96.77,61.02,61.17,7.6,2.86,AVERAGE,,,
S4175,Sara,93.13,53.66,95.04,41.4,2.72,AVERAGE,,,
S4176,Emma,64.28,84.84,84.96,83.8,4.46,GOOD,,,
S4177,Ahmed,57.85,50.2,59.47,31.5,2.72,AT RISK,,,
S4178,Omar,72.45,54.79,78.51,48.2,2.62,AVERAGE,,,
S4179,Ali,67.79,65.86,96.74,48.9,2.62,AVERAGE,,,
S4180,Ali,84.11,59.89,67.26,61.8,4.88,AVERAGE,,,
S4181,John,98.32,75.12,59.29,88.4,2.54,GOOD,,,
S4182,Omar,68.15,60.27,97.1,17.4,1.06,AT RISK,,,
S4183,Liam,53.11,63.58,73.06,50.5,2.82,AVERAGE,,,
S4184,Maria,94.88,91.77,70.86,42.4,2.4,AVERAGE,,,
S4185,Emma,51.9,93.07,63.38,29.6,5.54,AVERAGE,,,
S4186,John,97.64,89.66,94.58,92,3.38,EXCELLENT,,,
S4187,Maria,83.23,91.89,92.28,0.8,2.18,AVERAGE,,,
S4188,Sara,97.08,74.18,70.15,12.2,5.9,AVERAGE,,,
S4189,Emma,59.98,78.77,51.53,73.3,2.24,AVERAGE,,,
S4190,Sara,52.03,73.43,72.33,26.3,4.82,AVERAGE,,,
S4191,Liam,74.41,87.14,59.04,72.3,4.24,GOOD,,,
S4192,Omar,72.53,73.06,57.14,83.2,3.32,AVERAGE,,,
S4193,Ahmed,66.57,46.66,69.65,25.5,3.02,AT RISK,,,
S4194,Emma,97.88,88.57,54.95,19.2,5.36,AVERAGE,,,
S4195,Maria,91.13,85.64,97.87,14.5,3.38,AVERAGE,,,
S4196,Liam,83.08,89.22,52.38,20,2.88,AVERAGE,,,
S4197,Ahmed,58.14,51.43,70.07,26.7,2.78,AT RISK,,,
S4198,Ali,86.72,56.3,58.14,86.9,2.38,AVERAGE,,,
S4199,Maria,86.35,57.75,84.44,77,3.04,AVERAGE,,,
S4200,John,71.25,70.48,53.94,0.2,1.6,AT RISK,,,
S4201,Ali,96.24,48.03,77.34,87.4,1.32,AVERAGE,,,
S4202,Liam,58.35,63.12,88.66,7.9,3.7,AT RISK,,,
S4203,Ali,63.37,50.93,97.5,65.5,3.28,AVERAGE,,,
S4204,John,53.16,55.89,84.93,15.1,1.86,AT RISK,,,
S4205,Emma,89.77,82.38,54.97,6.2,1.54,AVERAGE,,,
S4206,Ali,81.09,91.29,54.43,76,1.72,AVERAGE,,,
S4207,Omar,65.75,41.37,86.58,46.7,2.58,AVERAGE,,,
S4208,Maria,58.19,73.95,60.77,59.9,3.26,AVERAGE,,,
S4209,Ahmed,52.01,42.16,72.36,42.5,1.96,AT RISK,,,
S4210,Ali,58.34,45.11,98.83,6.7,4.78,AT RISK,,,
S4211,Maria,72.66,82.31,91,74,1.96,GOOD,,,
S4212,Sara,62.36,84.14,92.33,82,1.62,GOOD,,,
S4213,Maria,62.95,88.84,93.04,4.1,5.98,AVERAGE,,,
S4214,Ahmed,93.78,68.45,80.98,37.6,3.24,AVERAGE,,,
S4215,Maria,75.76,91.59,87.2,55.7,1.86,AVERAGE,,,
S4216,John,86.46,50.01,67.95,60.5,5.48,AVERAGE,,,
S4217,Liam,51.79,54.98,99.92,57.8,2.16,AVERAGE,,,
S4218,Ahmed,68.26,48.07,63.98,69.3,5.62,AVERAGE,,,
S4219,Liam,73.96,87.85,79.5,96.7,1.6,GOOD,,,
S4220,Emma,59.32,53.72,64.1,39.1,5.2,AVERAGE,,,
S4221,Liam,56.01,49.33,55.6,55.7,1.92,AT RISK,,,
S4222,Sara,93.52,77.39,78.38,69.9,5.7,GOOD,,,
S4223,John,96.97,44.62,67.67,59.2,3.88,AVERAGE,,,
S4224,Emma,53.94,42.69,79.16,38.7,1.94,AT RISK,,,
S4225,Maria,67.45,46.4,77.93,62.4,5.22,AVERAGE,,,
S4226,Ahmed,97.91,40.01,77.11,65,2.96,AVERAGE,,,
S4227,Sara,54.16,81.82,56.17,58.5,4.66,AVERAGE,,,
S4228,John,82.18,73.73,72.01,20.5,4.22,AVERAGE,,,
S4229,Emma,98.61,52.59,90.6,50.6,4.58,AVERAGE,,,
S4230,Emma,98.91,53.98,65.76,88.4,2.72,GOOD,,,
S4231,Sara,73.56,88.66,72.19,86.9,5.7,GOOD,,,
S4232,Omar,58.14,70.11,74.69,75.1,3.8,AVERAGE,,,
S4233,Maria,60.1,81.91,93.14,69.7,1.38,AVERAGE,,,
S4234,Sara,94.48,67.17,82.78,15.3,1.34,AVERAGE,,,
S4235,Emma,95.58,54.26,55.01,45.9,4.7,AVERAGE,,,
S4236,Ali,80.39,98.22,93.26,11.1,5.24,AVERAGE,,,
S4237,John,88.31,73.94,91.6,81.7,4.48,GOOD,,,
S4238,Sara,87,47.86,87.68,29.1,2.38,AVERAGE,,,
S4239,Omar,83.09,64.37,73.3,76.7,2.12,AVERAGE,,,
S4240,Emma,91.36,59.76,87.88,81.5,3.82,GOOD,,,
S4241,Maria,84.27,52.85,73.94,89.2,1.98,AVERAGE,,,
S4242,Liam,76.7,96.01,86.83,75.4,2.9,GOOD,,,
S4243,Emma,61.85,92.86,94.01,56.5,4.14,GOOD,,,
S4244,Maria,87.19,51.95,94.53,59.8,2.42,AVERAGE,,,
S4245,Sara,73.67,61.13,72.73,32.1,2.88,AVERAGE,,,
S4246,Maria,64.74,85.74,92.97,17.7,2.8,AVERAGE,,,
S4247,Ahmed,90.1,52.51,55.07,13.1,3.3,AT RISK,,,
S4248,Ahmed,84.84,75.49,55.09,18.2,4.38,AVERAGE,,,
S4249,Ahmed,96.87,81.99,77.41,93.4,4.92,GOOD,,,
S4250,Omar,58.27,79.24,82.59,16.4,4.32,AVERAGE,,,
S4251,Omar,82.46,82.38,57.65,72.4,1.14,AVERAGE,,,
S4252,Ali,62.21,82.4,73.61,18.5,5.48,AVERAGE,,,
S4253,Omar,95.18,97.89,54.72,97.5,3.9,GOOD,,,
S4254,Liam,54.97,60.79,80.1,36.7,5.6,AVERAGE,,,
S4255,Sara,82.81,92.72,92.75,41.2,5.82,GOOD,,,
S4256,Emma,89.55,41.31,86.88,40.5,3.34,AVERAGE,,,
S4257,Emma,67.75,57.29,68.91,81.6,5.58,AVERAGE,,,
S4258,Ali,97.71,42.92,99.69,21.8,2.82,AVERAGE,,,
S4259,Omar,92.54,79.07,83.15,83.1,2.3,GOOD,,,
S4260,Liam,64.73,46.05,90.76,65.7,1.36,AVERAGE,,,
S4261,Maria,50.38,90.74,83.48,22,3.26,AVERAGE,,,
S4262,Ali,64.83,78.8,99.47,6.5,4.44,AVERAGE,,,
S4263,Liam,64.07,41.73,91.07,77.5,5.88,AVERAGE,,,
S4264,Maria,94.5,82.89,75.97,21.9,3.6,AVERAGE,,,
S4265,Liam,98.36,91.72,68.34,88.9,4.68,GOOD,,,
S4266,Maria,53.52,79.67,84.11,13,5.48,AVERAGE,,,
S4267,John,73.56,41.83,79.51,61.6,3.72,AVERAGE,,,
S4268,Liam,77.42,91.48,81.47,69.2,1.84,GOOD,,,
S4269,Emma,54.65,83.95,67.15,65.8,5.24,AVERAGE,,,
S4270,Ahmed,68.87,62.71,71.44,31.6,3.88,AVERAGE,,,
S4271,Omar,65.85,59.72,77.9,87.6,4.8,GOOD,,,
S4272,Maria,76.8,68.79,91.96,77,4.3,GOOD,,,
S4273,John,83.06,92.03,88.15,51,1.3,AVERAGE,,,
S4274,Liam,85.17,55.12,55.93,60.3,1.84,AVERAGE,,,
S4275,Emma,56.84,46.06,62.28,56.6,2.44,AVERAGE,,,
S4276,Ahmed,90.65,91.88,51.33,94.7,2.42,GOOD,,,
S4277,Maria,83.93,41.58,50.4,89.6,5.2,AVERAGE,,,
S4278,Liam,94.45,94.66,61.22,23.5,4,AVERAGE,,,
S4279,Liam,72.47,58.34,89.97,26.3,1.42,AVERAGE,,,
S4280,Maria,94.69,70.49,95.24,98.1,2.94,GOOD,,,
S4281,Ali,93.29,47.94,69.59,23.7,3.78,AVERAGE,,,
S4282,Ali,71.92,94.14,78.16,95.3,2.26,GOOD,,,
S4283,Emma,69.06,84.99,85.3,65,1.2,AVERAGE,,,
S4284,Ahmed,96.64,95.45,97.65,5,2.9,AVERAGE,,,
S4285,Maria,85.76,80.99,95.65,33.6,3.3,AVERAGE,,,
S4286,Emma,96.41,51.08,52.86,47.6,5.52,AVERAGE,,,
S4287,Emma,89.85,58.5,62.41,83.3,5.54,GOOD,,,
S4288,Sara,80.46,69.21,52.46,32.9,3.5,AVERAGE,,,
S4289,Liam,55.79,76.44,80.83,31.1,3.36,AVERAGE,,,
S4290,Omar,64.57,95.59,85.52,92,4.2,GOOD,,,
S4291,Liam,98.44,63.04,65.41,7.9,2.3,AVERAGE,,,
S4292,Ali,65.97,82.18,92.69,55.2,2.42,AVERAGE,,,
S4293,Ahmed,54.66,97.66,72.64,50.4,1.02,AVERAGE,,,
S4294,Liam,85.38,49.14,99.92,5.7,1.4,AT RISK,,,
S4295,Maria,86.7,91.76,50.02,8.8,1.9,AVERAGE,,,
S4296,Emma,64.27,65.24,55.47,38.2,4.2,AVERAGE,,,
S4297,Maria,64.88,83.95,65.09,13.4,2.06,AVERAGE,,,
S4298,Sara,73.44,57.61,51.28,47.8,1.62,AVERAGE,,,
S4299,Ahmed,51.09,60.04,89.12,60.9,4.08,AVERAGE,,,
S4300,Emma,89.47,41.63,52.64,69.1,4.26,AVERAGE,,,
S4301,Maria,65.85,98.28,87.45,54.6,1.3,AVERAGE,,,
S4302,Ali,92.69,88.81,52.63,38,4.86,AVERAGE,,,
S4303,Omar,90.13,45.64,62.64,13,4.04,AT RISK,,,
S4304,Sara,83.07,99.97,92.06,24.7,2.98,AVERAGE,,,
S4305,Ahmed,66.24,76.3,97.55,41.9,5.92,AVERAGE,,,
S4306,Sara,75.82,91.22,70.73,92.4,1.06,GOOD,,,
S4307,Ali,72.24,44,98.5,20.3,3.72,AVERAGE,,,
S4308,Ahmed,66.94,63.37,81.34,41.3,1.8,AVERAGE,,,
S4309,Sara,92.41,80.18,70.79,73.2,2.64,GOOD,,,
S4310,John,74.18,46.39,90.14,70.5,1.66,AVERAGE,,,
S4311,Ali,91.64,69.33,64.77,96.6,4.34,GOOD,,,
S4312,Ali,55.26,66.56,63.29,19.1,3,AT RISK,,,
S4313,Ali,57.05,52.96,82.83,1.7,5.94,AT RISK,,,
S4314,John,98.87,58.02,69.52,32.2,4.26,AVERAGE,,,
S4315,John,79.39,98.03,56.8,15,5.58,AVERAGE,,,
S4316,Maria,75.49,57.32,53.35,54.8,2.2,AVERAGE,,,
S4317,Emma,76.16,52.81,89.39,89.9,2.6,AVERAGE,,,
S4318,Omar,60.76,72.17,83.8,68.8,2.82,AVERAGE,,,
S4319,Sara,85.94,80.26,70.59,13.6,5.2,AVERAGE,,,
S4320,Maria,54.24,83.51,94.81,11.6,2.06,AVERAGE,,,
S4321,Sara,78.67,85.25,70.54,91.1,5.74,GOOD,,,
S4322,Omar,78.54,42.21,85.51,48.8,1.22,AVERAGE,,,
S4323,Emma,95.71,63.63,95.46,92.4,5.44,GOOD,,,
S4324,John,76.31,86.44,92.04,73.6,3.26,GOOD,,,
S4325,Emma,56.85,94.29,75.56,99.3,3.62,GOOD,,,
S4326,John,78.64,76.13,84.03,87.1,5.98,GOOD,,,
S4327,Omar,54.57,43.14,70.68,41.4,5.36,AVERAGE,,,
S4328,Emma,60.19,63.8,82.36,75.8,5.52,AVERAGE,,,
S4329,Maria,51.56,44.45,62.88,47.1,3.92,AT RISK,,,
S4330,Ahmed,75.66,84.91,71.74,23.3,5.78,AVERAGE,,,
S4331,Maria,54.23,43.81,60.48,24.1,4.44,AT RISK,,,
S4332,Sara,73.47,51.14,51.91,39.7,5.1,AVERAGE,,,
S4333,Maria,96.65,65.02,79.43,11.1,4.6,AVERAGE,,,
S4334,Omar,85.99,67.76,93.22,17.8,4.9,AVERAGE,,,
S4335,Ali,53.87,64.39,51.28,50.1,4.18,AVERAGE,,,
S4336,Sara,61.21,67.8,59.8,95.4,4.64,GOOD,,,
S4337,Emma,83.68,82.79,73.01,57.8,3.18,AVERAGE,,,
S4338,Sara,94.74,62.16,83.29,40.8,4.54,AVERAGE,,,
S4339,Ahmed,51.65,72.87,58.56,24.3,2.38,AT RISK,,,
S4340,John,90.62,58.2,52.83,19.6,4.18,AVERAGE,,,
S4341,Emma,78.09,61.22,75.95,65.8,3.62,AVERAGE,,,
S4342,Liam,77.3,76.83,90.94,84.8,5.5,GOOD,,,
S4343,Sara,97.89,69.43,51.76,39.9,4.36,AVERAGE,,,
S4344,Emma,87.38,83.38,67.47,55.1,3.98,AVERAGE,,,
S4345,Emma,92.51,73.63,83.18,70.7,2.56,GOOD,,,
S4346,Emma,67.7,88.21,56.54,5.8,5.32,AVERAGE,,,
S4347,John,77.72,66.6,61.8,35.1,1.28,AVERAGE,,,
S4348,Liam,80.77,69.46,76.77,73,5.5,GOOD,,,
S4349,Omar,66.08,80.2,97.66,68.5,4.26,GOOD,,,
S4350,Maria,78.51,53.27,64.37,5.3,1.94,AT RISK,,,
S4351,Emma,61.83,63.16,74.38,23.8,5.52,AVERAGE,,,
S4352,Ali,57.17,77.49,70,68,2.64,AVERAGE,,,
S4353,Omar,68.7,41.73,94.87,27.1,1.84,AT RISK,,,
S4354,Ahmed,86.96,66.22,53.59,81.4,2.6,AVERAGE,,,
S4355,John,95.81,75.93,78.31,3,5.8,AVERAGE,,,
S4356,Sara,72.89,98.04,92.31,19,4.76,AVERAGE,,,
S4357,John,82.14,92.62,99.41,28.1,5.58,GOOD,,,
S4358,Sara,55.15,56.84,84.94,92.5,2.5,AVERAGE,,,
S4359,John,95.22,70.43,69,79.6,1.42,AVERAGE,,,
S4360,Sara,78.43,43.38,70.59,88.4,3.82,AVERAGE,,,
S4361,Emma,89.02,54.45,67.58,44,3.42,AVERAGE,,,
S4362,Maria,89.72,86.49,80.18,82.3,4.6,GOOD,,,
S4363,Sara,62.82,47.4,86.97,85.3,3.72,AVERAGE,,,
S4364,Liam,76.46,55.46,90.97,40,2.98,AVERAGE,,,
S4365,Sara,98.02,96.64,70.83,99.4,1.02,GOOD,,,
S4366,Ali,54.48,89.43,85.84,85.1,3.34,GOOD,,,
S4367,Sara,84.15,86.91,95.81,97.4,1.6,GOOD,,,
S4368,Ali,98.11,91.87,96.04,86.6,5.62,EXCELLENT,,,
S4369,Ahmed,65.03,84.98,85.2,77.6,5.6,GOOD,,,
S4370,Emma,93.07,47.24,81.85,94.4,5.02,GOOD,,,
S4371,Ali,96.68,70.99,76.58,42,1.78,AVERAGE,,,
S4372,Maria,87.35,66.65,59.16,78.3,1.74,AVERAGE,,,
S4373,Omar,61.57,58.67,56.18,21.3,3.82,AT RISK,,,
S4374,Emma,66.7,90.04,74.29,73.3,4.64,GOOD,,,
S4375,Ali,51.79,67.85,57.97,78.5,5.52,AVERAGE,,,
S4376,Emma,91.57,43.62,78.85,71.7,5.48,AVERAGE,,,
S4377,Liam,92.48,56.5,82.29,85,1.78,AVERAGE,,,
S4378,Emma,81.64,53.72,76.28,41.3,5.98,AVERAGE,,,
S4379,Emma,67.63,93.25,51.82,54.5,1.78,AVERAGE,,,
S4380,Ahmed,53.84,78.85,52.89,1.1,5.2,AT RISK,,,
S4381,Maria,87.65,73.62,55.67,14.6,3.94,AVERAGE,,,
S4382,John,86.33,70.4,57.68,64.4,4.4,AVERAGE,,,
S4383,John,95.63,79.01,99.49,56.2,4.02,GOOD,,,
S4384,Ali,86.53,85.29,67.22,19.7,5.34,AVERAGE,,,
S4385,Emma,91.43,73.26,64.6,24.3,4.18,AVERAGE,,,
S4386,Ali,87.3,96.3,52.61,34.4,5.24,AVERAGE,,,
S4387,Ahmed,81.53,98.61,81.77,71.6,1.78,GOOD,,,
S4388,Ahmed,71.35,99.72,82.61,61,5.34,GOOD,,,
S4389,Sara,95.11,80.16,58.77,7,5.96,AVERAGE,,,
S4390,Liam,82.55,95.96,95.96,76,4.3,GOOD,,,
S4391,Ahmed,69.92,64.27,90.02,26.3,5.88,AVERAGE,,,
S4392,Sara,54.17,91.58,61.52,67.2,2.1,AVERAGE,,,
S4393,Maria,64.54,94.55,74.29,12.3,5.14,AVERAGE,,,
S4394,Ali,77.19,94.25,72.92,99.8,1.84,GOOD,,,
S4395,Omar,63.78,89.85,67.43,8,3.58,AVERAGE,,,
S4396,Maria,61.06,64.4,90.88,74.2,4.32,AVERAGE,,,
S4397,Ahmed,76.37,49.53,55.46,54.1,4.3,AVERAGE,,,
S4398,Maria,58.49,60.04,70.77,8.6,4.36,AT RISK,,,
S4399,Maria,90.02,86.04,71.4,2.7,2.6,AVERAGE,,,
S4400,Liam,74.22,53.97,73.44,36.3,5.86,AVERAGE,,,
S4401,Liam,78.69,68.7,93.07,80.2,1.04,AVERAGE,,,
S4402,Liam,57.37,73.92,60.91,4.1,4.1,AT RISK,,,
S4403,Maria,66.23,76.23,55.15,70.4,5.34,AVERAGE,,,
S4404,Ahmed,70.5,96.14,80.89,65.5,5.46,GOOD,,,
S4405,Omar,90.41,79.69,58.69,26.6,4.6,AVERAGE,,,
S4406,Emma,88.51,87.18,53.75,7.7,3.88,AVERAGE,,,
S4407,Maria,61.15,74.91,71.33,91.5,3.28,GOOD,,,
S4408,Sara,80.81,90.01,60.98,30,3.24,AVERAGE,,,
S4409,Ahmed,62.17,55.82,68.06,11.1,3.12,AT RISK,,,
S4410,Maria,99.41,52.59,62.99,68.2,4.5,AVERAGE,,,
S4411,Omar,97.61,95.58,54.63,21.7,4.66,AVERAGE,,,
S4412,Emma,78.16,81.61,78.02,47.6,3.58,AVERAGE,,,
S4413,Liam,84.95,80.29,51.35,5,4.7,AVERAGE,,,
S4414,Ahmed,90.07,68.04,98.32,99.3,3.64,GOOD,,,
S4415,John,86.05,62.6,67.07,44.8,1.48,AVERAGE,,,
S4416,Emma,84.99,73.34,84.76,99.9,5.26,GOOD,,,
S4417,Sara,97.93,47.23,90.52,38.6,5.36,AVERAGE,,,
S4418,Maria,79.82,67.28,63.96,34.8,2.34,AVERAGE,,,
S4419,Omar,81.82,67.32,87.44,91.5,4.94,GOOD,,,
S4420,John,92.46,72.3,91.62,32.9,3.56,AVERAGE,,,
S4421,Omar,83.49,78.08,62.07,43.2,1.62,AVERAGE,,,
S4422,John,86.65,97.44,99.62,7.8,2.98,AVERAGE,,,
S4423,Ahmed,61.71,79.13,51.03,95.5,1.38,AVERAGE,,,
S4424,John,68.56,93.02,60.85,8.5,4.94,AVERAGE,,,
S4425,Sara,57.37,73.38,89,77.1,1.98,AVERAGE,,,
S4426,Sara,75.29,77.62,59.71,53.9,1.82,AVERAGE,,,
S4427,Ali,72.79,44.19,84.91,6.1,2.04,AT RISK,,,
S4428,Sara,99.86,48,92.78,0.2,2.14,AT RISK,,,
S4429,Emma,80.56,74.78,97.96,93.6,4.36,GOOD,,,
S4430,John,89.32,63.74,73.71,74.2,4.2,GOOD,,,
S4431,Sara,66.7,87.93,98.56,68.6,1.64,GOOD,,,
S4432,Ahmed,91.58,72.59,70.58,43.9,4.62,AVERAGE,,,
S4433,Omar,80.75,92.94,60.91,23.9,2.74,AVERAGE,,,
S4434,Liam,84.85,98.34,75.7,68,3.28,GOOD,,,
S4435,Omar,64.72,48.86,82.49,60.8,1.62,AVERAGE,,,
S4436,Ali,77.43,63.69,72.9,72.6,4.54,AVERAGE,,,
S4437,Omar,81.7,79.9,78.35,36.6,2.88,AVERAGE,,,
S4438,John,79.45,58.33,70.82,98.7,4.16,GOOD,,,
S4439,Ali,95.76,56.02,76.24,6.7,3.14,AVERAGE,,,
S4440,John,94.91,88.82,97.63,8,1.24,AVERAGE,,,
S4441,Ahmed,98.55,98.82,74.99,91.7,4.52,EXCELLENT,,,
S4442,Ali,83.37,86.43,62.66,64.8,3.76,GOOD,,,
S4443,Maria,98.6,71.42,87.94,32.6,3.18,AVERAGE,,,
S4444,Emma,91.62,66.55,66.88,76.2,2,AVERAGE,,,
S4445,Emma,63.54,72.38,90.81,45.3,4.12,AVERAGE,,,
S4446,John,71.37,67.77,52.84,2.1,2.38,AT RISK,,,
S4447,Omar,61.92,70.17,66.61,65.1,3.14,AVERAGE,,,
S4448,Liam,50.21,52.21,54.72,24.3,1.28,AT RISK,,,
S4449,Liam,59.4,94.22,54.27,11.5,4.88,AVERAGE,,,
S4450,Maria,50.2,85.27,82.92,22.5,1.46,AVERAGE,,,
S4451,Ali,85.99,80.86,69.27,47.6,5.46,AVERAGE,,,
S4452,Maria,71.28,97,93.57,5,5.34,AVERAGE,,,
S4453,Maria,65.63,57.06,75.82,88.3,5.86,GOOD,,,
S4454,Omar,88.09,44.87,64.77,56,5.54,AVERAGE,,,
S4455,Liam,91.62,89.57,86.04,29.3,5.86,GOOD,,,
S4456,Ali,98.76,99.91,81.2,68.7,5.44,GOOD,,,
S4457,Ahmed,82.1,74.71,89.98,80.4,1.56,GOOD,,,
S4458,Omar,73.08,43.53,82.18,61.4,3.18,AVERAGE,,,
S4459,Maria,65.26,86.83,58.35,20.2,1.38,AVERAGE,,,
S4460,Maria,61.12,44.42,83.52,11,3.72,AT RISK,,,
S4461,Ahmed,60.65,72.4,69.58,86,3.64,AVERAGE,,,
S4462,Maria,70.46,56.65,73.16,23.5,5.62,AVERAGE,,,
S4463,Maria,99.59,94.9,96.08,2,5.84,AVERAGE,,,
S4464,Maria,50.04,67.08,68,64.3,2.3,AVERAGE,,,
S4465,Emma,59.86,93.91,80.6,15.3,3.92,AVERAGE,,,
S4466,Omar,59.42,57.94,68.17,99.1,3.32,AVERAGE,,,
S4467,Sara,85.86,63.24,54.74,87,3.74,AVERAGE,,,
S4468,Omar,67.62,96.83,72.68,60.8,3.66,GOOD,,,
S4469,Ahmed,72.86,52.08,79.85,83.4,5.58,GOOD,,,
S4470,Maria,57.43,74.71,70.38,47.1,5.48,AVERAGE,,,
S4471,Omar,70.25,63.31,69.53,78.8,1.62,AVERAGE,,,
S4472,Emma,55.16,86.45,91.02,64.7,2.72,AVERAGE,,,
S4473,Liam,76.65,47.76,51.48,2.9,4.76,AT RISK,,,
S4474,Ahmed,54.9,66.23,64.78,94.9,4.42,AVERAGE,,,
S4475,John,89.53,81.94,90.59,86.1,4.16,GOOD,,,
S4476,Omar,78.33,64.42,96.03,95.3,5.96,GOOD,,,
S4477,John,86.2,43.51,70.61,73.1,2.68,AVERAGE,,,
S4478,Maria,70.93,82.31,94.44,41.2,3.58,AVERAGE,,,
S4479,Emma,69.07,70.19,59.95,20.7,5.9,AVERAGE,,,
S4480,Emma,54.91,40.68,61.07,18,4.48,AT RISK,,,
S4481,Omar,76.19,76.76,92.31,14.5,4.24,AVERAGE,,,
S4482,Ahmed,75.73,95.19,95.16,22.1,1.78,AVERAGE,,,
S4483,Ahmed,73.41,46.66,61.14,55.1,2.24,AVERAGE,,,
S4484,Emma,87.03,75.44,52.97,68.4,2.88,AVERAGE,,,
S4485,Ahmed,91.63,83.72,54.52,31.4,3.32,AVERAGE,,,
S4486,Emma,87.54,44.25,63.07,54.9,3.48,AVERAGE,,,
S4487,Omar,57.19,41.36,88.07,34.1,5.52,AVERAGE,,,
S4488,Sara,81.1,67.85,75.5,69.7,1.54,AVERAGE,,,
S4489,Emma,54.02,87.47,72.78,98.8,2.24,GOOD,,,
S4490,John,84.73,49.64,79.21,68.9,1.72,AVERAGE,,,
S4491,Ahmed,69.09,90.2,94.51,5.9,4.68,AVERAGE,,,
S4492,Emma,56.62,79.39,54.52,47.7,5.86,AVERAGE,,,
S4493,Emma,93.1,59.93,84.74,77,5.46,GOOD,,,
S4494,Omar,80.7,70.95,96.34,54.2,4.62,GOOD,,,
S4495,Ahmed,67.74,97.93,60.67,95.1,1.1,GOOD,,,
S4496,Sara,51.54,52.99,91.89,5.5,2.74,AT RISK,,,
S4497,Omar,76.87,69.97,84.9,29.1,5.32,AVERAGE,,,
S4498,Sara,96.16,77.47,50.72,22.1,4.26,AVERAGE,,,
S4499,Liam,79.82,48.28,61.58,76.8,2.04,AVERAGE,,,
S4500,Omar,98.58,42.61,80.29,52.4,3.34,AVERAGE,,,
S4501,Ahmed,56.82,40.81,75.12,13.8,1.44,AT RISK,,,
S4502,Ali,78.42,59.48,76.4,28.6,3.6,AVERAGE,,,
S4503,Ahmed,89.91,44.44,61.6,52.3,5.5,AVERAGE,,,
S4504,Ahmed,76.28,88.23,83.75,99.6,1.2,GOOD,,,
S4505,Sara,54.55,99.84,63.32,36.4,4.06,AVERAGE,,,
S4506,Sara,79.14,43.68,69.47,15.7,2.16,AT RISK,,,
S4507,Ahmed,80.59,65.96,68.45,49.7,5.96,AVERAGE,,,
S4508,Ahmed,86.44,41.54,83.6,31,1.32,AVERAGE,,,
S4509,Ahmed,88.06,48.04,54.51,56.6,4.08,AVERAGE,,,
S4510,Sara,88.54,59.38,60.28,46.7,2.28,AVERAGE,,,
S4511,Ahmed,83.17,63.62,60.02,68.9,5.42,AVERAGE,,,
S4512,Ahmed,60.79,96.39,55.42,91.4,1.6,GOOD,,,
S4513,Liam,70.21,63.75,60.38,20.1,3.14,AT RISK,,,
S4514,Maria,88.81,69.78,80.35,82.1,1.92,GOOD,,,
S4515,Ali,97.67,54.74,86.61,94.9,5,GOOD,,,
S4516,John,53.95,40.01,83.02,37.4,2.76,AT RISK,,,
S4517,Ali,76.78,93.96,73.76,11.4,1.94,AVERAGE,,,
S4518,Maria,65.63,44.9,52.62,82.2,4.62,AVERAGE,,,
S4519,John,61.27,97.85,97.95,70.1,5.08,GOOD,,,
S4520,Omar,75.29,47.85,58.4,21.3,3.32,AT RISK,,,
S4521,Ahmed,80.3,76.29,83.42,44.5,2.9,AVERAGE,,,
S4522,Maria,50.49,99.96,95.64,57.8,4.16,GOOD,,,
S4523,Liam,89.01,48.31,84.89,17,4.26,AVERAGE,,,
S4524,Omar,90.99,65.44,60.9,71.5,4.3,AVERAGE,,,
S4525,Ahmed,98.28,86.83,65.79,69,2.38,GOOD,,,
S4526,Sara,59.03,41.93,51.51,88.7,5.7,AVERAGE,,,
S4527,Emma,79.73,81.39,80.64,56.7,2.06,AVERAGE,,,
S4528,Maria,71.33,44.82,80.65,57.4,2.88,AVERAGE,,,
S4529,Sara,66.74,54.19,86.28,61.9,2.42,AVERAGE,,,
S4530,Maria,78.28,49.6,50.55,27.4,5.66,AVERAGE,,,
S4531,Liam,89.12,94.44,90.89,75.9,5.14,GOOD,,,
S4532,Maria,51.15,50.83,86.94,66.2,5.06,AVERAGE,,,
S4533,Sara,98.47,42.43,57.04,83.9,1.02,AVERAGE,,,
S4534,Liam,90.49,75.26,67.38,76.9,4.42,GOOD,,,
S4535,John,87.56,60.77,81.93,63.9,2.16,AVERAGE,,,
S4536,Ali,88.02,64.34,74.79,16.1,5.84,AVERAGE,,,
S4537,Ahmed,69.45,47.14,55.75,91.9,3.66,AVERAGE,,,
S4538,Maria,87.58,84.89,54.37,36.7,3.82,AVERAGE,,,
S4539,Ahmed,69.34,76.09,89.07,96.4,2.78,GOOD,,,
S4540,Emma,94.94,61.85,57.8,40.2,3.68,AVERAGE,,,
S4541,Sara,58.86,50.29,58.6,14.6,4.74,AT RISK,,,
S4542,Ahmed,64.62,75.61,91.55,88.5,3.8,GOOD,,,
S4543,Sara,77.57,86.72,80.61,79.5,4.2,GOOD,,,
S4544,Ahmed,65.96,58.74,80.24,78.6,3.36,AVERAGE,,,
S4545,Ali,71.21,41.55,73.97,8.9,4.58,AT RISK,,,
S4546,Ali,74.62,52.86,78.45,87.9,5.5,GOOD,,,
S4547,Liam,92.82,80.94,80.09,59.6,1.26,AVERAGE,,,
S4548,Ali,76.16,99.35,98.39,47,1.54,AVERAGE,,,
S4549,Liam,68.12,40.8,61.15,91.3,4.42,AVERAGE,,,
S4550,Ali,62.39,58.37,60.73,66.6,2.88,AVERAGE,,,
S4551,Ali,70.43,43.72,52.86,13.3,2.4,AT RISK,,,
S4552,Ali,75.79,58.98,82.91,52,1.9,AVERAGE,,,
S4553,Sara,87.31,64.35,77.45,63.7,3.86,AVERAGE,,,
S4554,Maria,56.05,95.25,55.56,89.9,2.74,GOOD,,,
S4555,Liam,61.08,44.83,68.23,28,3.54,AT RISK,,,
S4556,Ahmed,68.98,86.63,58.93,79.4,5.8,GOOD,,,
S4557,Ali,68.02,63.73,66.57,80,4.8,AVERAGE,,,
S4558,Sara,69.59,88.68,97.56,12.8,4.98,AVERAGE,,,
S4559,Sara,89.68,70.8,84.17,1.7,1.62,AVERAGE,,,
S4560,Sara,66.21,42.36,50.38,58.1,2.62,AVERAGE,,,
S4561,Liam,75.09,96.77,62.63,78.9,1.54,GOOD,,,
S4562,Maria,81.2,44.96,50.52,55.4,5.84,AVERAGE,,,
S4563,Liam,61.61,75.86,85.74,81.3,4.42,GOOD,,,
S4564,Ahmed,85.93,92.66,73.47,62.2,1.1,AVERAGE,,,
S4565,Maria,77.36,44.79,99.7,65.3,3.38,AVERAGE,,,
S4566,John,72.34,73.23,86.68,2.8,2.32,AVERAGE,,,
S4567,Omar,90.49,89.46,75.9,8.9,3.7,AVERAGE,,,
S4568,Sara,62.17,99.18,90.24,72.5,1.9,GOOD,,,
S4569,Liam,94.16,83.46,85.24,76.3,1.28,GOOD,,,
S4570,John,78.05,56.7,62.19,54.2,2.62,AVERAGE,,,
S4571,Emma,80.46,81.97,76.51,59,2.48,AVERAGE,,,
S4572,Liam,93.75,82.35,77.8,61.4,4.58,GOOD,,,
S4573,Ali,90.88,82,72.56,10.5,3.38,AVERAGE,,,
S4574,Omar,80.08,91.26,58.96,66.8,2.46,AVERAGE,,,
S4575,Ali,87.66,45.24,61.17,47.8,3.86,AVERAGE,,,
S4576,Maria,71.67,46.51,64.05,60.3,1.36,AVERAGE,,,
S4577,Omar,77.37,78.44,50.51,56.3,4.32,AVERAGE,,,
S4578,Liam,53.1,97.23,95.85,76.3,1.74,GOOD,,,
S4579,Ahmed,54.49,67.95,84.3,31.9,2.4,AVERAGE,,,
S4580,John,91.47,97.63,84.48,37.4,2.42,AVERAGE,,,
S4581,Ahmed,52.98,96.29,78.62,39.2,3.32,AVERAGE,,,
S4582,Liam,58.47,94.17,84.47,76.2,5.76,GOOD,,,
S4583,Maria,89.79,94.59,99.09,43.1,2.62,GOOD,,,
S4584,Ali,50.06,93.9,69.26,17.7,2.4,AVERAGE,,,
S4585,Omar,64.12,89.19,85.63,98.3,1.84,GOOD,,,
S4586,Ahmed,79.2,81.7,67.98,49.3,2.96,AVERAGE,,,
S4587,Liam,79.77,41.46,92.71,10.9,1.92,AT RISK,,,
S4588,Ahmed,88.86,47.94,92.9,67,1.68,AVERAGE,,,
S4589,Liam,75.3,48.05,95.11,73.9,5.28,AVERAGE,,,
S4590,Ali,75.47,41.41,50.27,50,1.26,AT RISK,,,
S4591,Omar,86.27,47,64.91,64.6,4.56,AVERAGE,,,
S4592,John,74.93,95.18,56.7,17.3,2.02,AVERAGE,,,
S4593,Ali,80.42,79.83,72.7,36.8,1.06,AVERAGE,,,
S4594,Ahmed,94.89,58.72,74.77,16.2,4.98,AVERAGE,,,
S4595,John,70.07,87.6,62.8,38.7,4.52,AVERAGE,,,
S4596,Liam,69.26,69.3,86.17,56.3,2.68,AVERAGE,,,
S4597,John,50.18,48.53,63.49,44.3,1.4,AT RISK,,,
S4598,Liam,80.67,93.07,92.69,59.3,2.8,GOOD,,,
S4599,Ali,51.49,60.32,58.88,50.2,1.9,AVERAGE,,,
S4600,Ahmed,75.21,81.93,68.36,31.8,5.66,AVERAGE,,,
S4601,Maria,90.21,57.44,81.11,14.3,3.64,AVERAGE,,,
S4602,Ahmed,77.5,70,80.27,25.3,5.82,AVERAGE,,,
S4603,Liam,63.48,88.98,53.9,20.1,2.76,AVERAGE,,,
S4604,Sara,89.31,49.41,92.31,70.7,3.78,AVERAGE,,,
S4605,Omar,63.49,98.64,79.9,82,1.96,GOOD,,,
S4606,Emma,86.65,44.21,93.49,72,5.04,AVERAGE,,,
S4607,Maria,80.51,72.04,93.38,64.4,1.2,AVERAGE,,,
S4608,John,58.5,94.96,77.3,30.8,4.48,AVERAGE,,,
S4609,Maria,95.26,96.74,95.54,71.1,2.96,GOOD,,,
S4610,Omar,60.03,53.93,92.42,60.5,3.9,AVERAGE,,,
S4611,John,99.48,48.64,97.91,4.7,3.96,AVERAGE,,,
S4612,Omar,50.37,83.46,92.52,90.8,4.56,GOOD,,,
S4613,John,63.17,42.52,91.06,8,2.02,AT RISK,,,
S4614,Maria,59.99,69.11,73.47,50.3,3.66,AVERAGE,,,
S4615,John,50.7,87.78,60.6,51.3,3.14,AVERAGE,,,
S4616,John,86.62,73.62,95.54,83.7,2.42,GOOD,,,
S4617,Sara,84.67,51.28,86.13,91.3,3.48,GOOD,,,
S4618,Ahmed,89.62,69.22,64.09,94,5.76,GOOD,,,
S4619,Ahmed,62.83,95.28,67.05,57,5.74,GOOD,,,
S4620,Emma,72.22,77.03,84.3,67.9,2.4,AVERAGE,,,
S4621,Emma,82.96,83.29,73.89,8.9,5.42,AVERAGE,,,
S4622,Liam,71.99,60.18,54.07,48.8,5.38,AVERAGE,,,
S4623,Liam,84.87,51.31,57.07,89.8,2.24,AVERAGE,,,
S4624,Liam,81.7,55.34,87.28,45.6,4,AVERAGE,,,
S4625,Sara,55.73,71.99,66.43,7,5.34,AVERAGE,,,
S4626,Emma,89.05,56.81,75.38,20.1,3.58,AVERAGE,,,
S4627,Omar,86.03,72.52,88.33,43,2.84,AVERAGE,,,
S4628,Liam,82.79,82.47,87.56,23.8,4.26,AVERAGE,,,
S4629,Liam,57.75,84.06,58.35,39.2,1.86,AVERAGE,,,
S4630,Maria,63.4,49.88,54.92,33.3,1.8,AT RISK,,,
S4631,Ali,69.66,85.03,79.56,31.9,5.16,AVERAGE,,,
S4632,Omar,64,80.36,87.08,9.1,1.2,AVERAGE,,,
S4633,Liam,61.39,40.72,57.45,88.3,5.02,AVERAGE,,,
S4634,Liam,90.27,43.53,68.6,69.3,2.46,AVERAGE,,,
S4635,Liam,81.91,78.77,93.51,62.3,3.42,GOOD,,,
S4636,Ali,78.27,63.02,97.21,60.6,3.72,AVERAGE,,,
S4637,Ali,61.3,48.77,72.7,39.7,4.84,AVERAGE,,,
S4638,Sara,95.9,42.66,53.98,82.3,5.42,AVERAGE,,,
S4639,Omar,59.56,49.56,62.88,93,5.02,AVERAGE,,,
S4640,Sara,89.75,97.45,61.65,0.6,3.86,AVERAGE,,,
S4641,John,98.33,83.65,61.95,7.9,2.74,AVERAGE,,,
S4642,Ali,86.35,71.66,74.69,67.5,3.64,GOOD,,,
S4643,Maria,99.64,96.49,79.16,23.6,1.16,AVERAGE,,,
S4644,Emma,82.55,77.15,56.13,91.2,2.22,GOOD,,,
S4645,Maria,60.87,83.54,94.47,66.7,2.84,AVERAGE,,,
S4646,Emma,60.19,56.96,81,36.8,2.6,AVERAGE,,,
S4647,Ali,66.23,75.34,79.86,41.5,1.48,AVERAGE,,,
S4648,Ali,50.36,48.61,99.36,69.1,1.26,AVERAGE,,,
S4649,Ali,84.08,64.27,81.41,14.1,3.1,AVERAGE,,,
S4650,Sara,63.43,41.99,96.45,88.3,1.38,AVERAGE,,,
S4651,Omar,90.76,53,64.31,0.5,2.44,AT RISK,,,
S4652,Emma,67.96,44.49,62.01,97.9,3.38,AVERAGE,,,
S4653,Omar,74,63.27,75.83,16.8,2.04,AVERAGE,,,
S4654,Sara,98.28,90.58,75.43,74.2,1.4,GOOD,,,
S4655,Sara,62.11,62.68,61.32,4,3.16,AT RISK,,,
S4656,Ahmed,86.06,89.9,84.98,43.1,3.24,AVERAGE,,,
S4657,Maria,87.76,79.39,51.48,63,5.58,GOOD,,,
S4658,Maria,61.05,70.57,84.53,7,1.64,AT RISK,,,
S4659,John,75.05,54.21,72.86,44.3,4.08,AVERAGE,,,
S4660,Liam,67.51,95.33,84.45,30.3,2.6,AVERAGE,,,
S4661,Sara,88.6,43.25,73.85,49.8,1.62,AVERAGE,,,
S4662,Emma,81.12,81.33,98.87,50.5,2.96,AVERAGE,,,
S4663,Ahmed,73.8,77.27,66.73,78.5,3.14,AVERAGE,,,
S4664,Ahmed,88.97,66.46,99.13,12.4,2.82,AVERAGE,,,
S4665,Liam,61.76,54.42,53.25,8.3,4.82,AT RISK,,,
S4666,Omar,87.68,65.84,84.19,40.2,5.2,AVERAGE,,,
S4667,Liam,93.27,92.37,72.71,88.8,1.74,GOOD,,,
S4668,Liam,93.93,90.21,91.11,85.5,1.84,GOOD,,,
S4669,Liam,89.18,96.48,89.48,56,3.1,GOOD,,,
S4670,Maria,70.4,58.47,90.01,88.9,2.6,AVERAGE,,,
S4671,Sara,99.09,63.23,54.74,80.5,5.1,GOOD,,,
S4672,John,68.98,41.12,91.12,27.8,5.98,AVERAGE,,,
S4673,Sara,81.93,96.58,60.7,17,1.9,AVERAGE,,,
S4674,Omar,58.05,59.76,51.28,30.1,4.82,AVERAGE,,,
S4675,Ali,99.02,64.25,60.89,22.7,4.04,AVERAGE,,,
S4676,Liam,85.2,94.47,73.96,62.3,4.22,GOOD,,,
S4677,Sara,87.67,71.6,87.11,58.5,2.32,AVERAGE,,,
S4678,Omar,53.29,73.97,60.93,59.8,1.48,AVERAGE,,,
S4679,Ali,88.17,50.57,55.65,18.9,3.72,AVERAGE,,,
S4680,Ali,88.74,69.92,82.3,79.2,4.06,GOOD,,,
S4681,Liam,83.59,95.09,99.19,43.4,5.82,GOOD,,,
S4682,John,64.6,73.52,80.04,47.2,4.38,AVERAGE,,,
S4683,Emma,74.48,55.31,84.55,99.7,3.22,GOOD,,,
S4684,Maria,55.52,41.87,78.06,28.2,5.98,AVERAGE,,,
S4685,Sara,73.58,60.18,89.12,39.4,2.86,AVERAGE,,,
S4686,Ali,62.19,74.36,98.79,67.6,1.82,AVERAGE,,,
S4687,Sara,67.45,42.56,77.21,88,4.08,AVERAGE,,,
S4688,Emma,58.13,76.59,70.84,12.7,2.34,AT RISK,,,
S4689,Maria,61.5,71.4,93.02,73.5,5.62,GOOD,,,
S4690,Emma,53.83,87.01,98.49,91.8,3.14,GOOD,,,
S4691,Maria,96,41.73,56.46,42.3,1.74,AVERAGE,,,
S4692,Ahmed,76.52,86.85,78.91,28.7,1.7,AVERAGE,,,
S4693,Maria,69.84,71.25,89.62,67.8,4.24,GOOD,,,
S4694,Liam,76.75,62.23,76.67,24.6,2.82,AVERAGE,,,
S4695,John,81.41,97.92,70.46,38.4,2.82,AVERAGE,,,
S4696,Emma,96.09,49.61,82.76,89.7,4.06,GOOD,,,
S4697,Ali,58.93,72.48,63.51,59,2.1,AVERAGE,,,
S4698,Liam,64.78,59.26,67.46,9.5,1.72,AT RISK,,,
S4699,Ahmed,98.79,71.65,99.61,33,4.28,AVERAGE,,,
S4700,John,68.56,73.14,81.82,62.7,1.02,AVERAGE,,,
S4701,Sara,51.13,45.37,93.65,48.1,5.54,AVERAGE,,,
S4702,Liam,57.38,79.67,90.39,66,1.92,AVERAGE,,,
S4703,Emma,51.32,78.07,82.61,76.1,3.24,AVERAGE,,,
S4704,Omar,99.5,86.17,92.04,48.1,2.06,GOOD,,,
S4705,Omar,63.94,45.44,64.36,98.7,2.1,AVERAGE,,,
S4706,Ali,96.18,57.84,81.86,91.5,5.18,GOOD,,,
S4707,Maria,99.79,79.01,79.53,6,3.92,AVERAGE,,,
S4708,Ali,79.99,48.2,81.12,26.6,2.56,AVERAGE,,,
S4709,Omar,51.66,80.66,58.43,30.1,2.26,AVERAGE,,,
S4710,Sara,54.08,43.54,63.86,18.4,2.06,AT RISK,,,
S4711,Ahmed,74.08,60.1,64.33,31.2,3.78,AVERAGE,,,
S4712,Ahmed,70.31,90.8,80.1,42.5,4.66,AVERAGE,,,
S4713,Emma,80.31,86.46,98.63,5.2,2.26,AVERAGE,,,
S4714,Ahmed,71.94,78.69,97.7,12.7,2.66,AVERAGE,,,
S4715,Emma,96.7,92.23,61.36,9.6,4.6,AVERAGE,,,
S4716,Liam,76.74,82.56,65.24,4.6,4.68,AVERAGE,,,
S4717,Emma,84.69,71.16,51.8,48.1,2.04,AVERAGE,,,
S4718,Liam,94.82,98.78,69.94,33.4,2.92,AVERAGE,,,
S4719,Emma,57.34,81.69,91.73,93.5,5.34,GOOD,,,
S4720,Omar,61.49,76.08,95.79,10.3,4.7,AVERAGE,,,
S4721,Omar,55.37,64.53,61.82,92.6,1.82,AVERAGE,,,
S4722,Maria,56.98,94.14,63.29,8.7,2.92,AVERAGE,,,
S4723,Liam,75.63,57.74,61.04,61.9,5.86,AVERAGE,,,
S4724,John,66.06,40.55,67.51,24.8,3.62,AT RISK,,,
S4725,Liam,71.16,51.8,90.24,82.7,4.6,GOOD,,,
S4726,Emma,99.12,46.57,82.34,6.1,1.46,AT RISK,,,
S4727,Emma,57.84,59.14,89.3,95.3,5.16,GOOD,,,
S4728,John,77.04,89.55,79.15,4.7,4.02,AVERAGE,,,
S4729,Ali,54.94,79.09,62.89,24.1,1.88,AT RISK,,,
S4730,Emma,65.92,50.14,61.4,46.4,2.9,AVERAGE,,,
S4731,Maria,76.38,87.33,50.45,75.6,1.42,AVERAGE,,,
S4732,Ahmed,97.33,70.25,89.05,95.1,4.88,GOOD,,,
S4733,Ahmed,69.56,70.76,92.36,42.8,4.72,AVERAGE,,,
S4734,Sara,53.25,61.73,88.41,75.7,3.46,AVERAGE,,,
S4735,Sara,69.41,91.88,53.72,72.7,3.26,AVERAGE,,,
S4736,Ahmed,57.29,59.1,88.11,57.1,3.32,AVERAGE,,,
S4737,Ahmed,61.5,45.65,52.29,69.1,1.18,AVERAGE,,,
S4738,Omar,80.9,58.16,55.28,3.8,2.84,AT RISK,,,
S4739,Maria,53.37,82.92,72.02,44.2,1.64,AVERAGE,,,
S4740,John,73.24,79.45,73.81,78.6,1.92,AVERAGE,,,
S4741,Sara,80.47,51.28,90.81,47.4,5.82,AVERAGE,,,
S4742,Omar,71.09,46.71,83.98,87.4,2.3,AVERAGE,,,
S4743,Omar,50.96,79.65,57.67,83.4,3.42,AVERAGE,,,
S4744,John,99.28,80.58,61.31,86.3,5.44,GOOD,,,
S4745,Omar,68.36,61.97,64.28,13,3.06,AT RISK,,,
S4746,Liam,88.93,90.57,56.18,24.4,3.64,AVERAGE,,,
S4747,Maria,66.28,98.69,64.38,3,1.84,AVERAGE,,,
S4748,Ahmed,73.75,52.34,86.43,98.3,2.42,AVERAGE,,,
S4749,Emma,69.42,74.62,62.07,23.6,3.54,AVERAGE,,,
S4750,John,67.13,40.32,91.77,36.7,2.82,AVERAGE,,,
S4751,Ahmed,51.09,82.78,73.48,27.5,1.2,AVERAGE,,,
S4752,Ahmed,68,64.86,66.15,4,3,AT RISK,,,
S4753,Ali,94.47,51.6,70.62,26.1,5.08,AVERAGE,,,
S4754,Liam,84.52,85.13,85.47,9.8,1.58,AVERAGE,,,
S4755,John,57.27,88.64,75.84,39.4,1.1,AVERAGE,,,
S4756,Omar,79.56,46.67,50.36,96.7,1.6,AVERAGE,,,
S4757,Emma,94.61,42.46,96.12,69.8,4.44,AVERAGE,,,
S4758,John,85,60.04,53.3,70.7,4.98,AVERAGE,,,
S4759,Omar,57.43,77.56,96.93,45.3,1.24,AVERAGE,,,
S4760,Ahmed,93.39,87.61,51.41,81.1,5.44,GOOD,,,
S4761,Emma,65.08,72.76,88.55,90.8,4.14,GOOD,,,
S4762,Omar,72.7,74.84,76.73,96.2,3.6,GOOD,,,
S4763,Maria,76.31,87.99,75.29,9.9,2.26,AVERAGE,,,
S4764,Omar,92.53,71.73,53.64,88,2.86,GOOD,,,
S4765,Ali,96.58,76.67,61.94,22.5,5.74,AVERAGE,,,
S4766,Liam,96.48,70.97,88.88,39.7,5.56,GOOD,,,
S4767,Ahmed,50.4,92.83,94.56,34.5,4.12,AVERAGE,,,
S4768,Omar,96.09,54.13,76.46,67.5,3.9,AVERAGE,,,
S4769,Liam,52.72,55.84,67.67,59.8,2.06,AVERAGE,,,
S4770,Sara,63.29,47.68,53,10.9,5.76,AT RISK,,,
S4771,Sara,75.75,89.17,84.11,78.3,4.78,GOOD,,,
S4772,Liam,74,64.71,63.92,44,2.92,AVERAGE,,,
S4773,Liam,80.24,60.87,52.75,0.2,5.08,AT RISK,,,
S4774,Ali,73.97,98.88,83.29,41.5,2.06,AVERAGE,,,
S4775,Maria,96.72,95.61,74.29,51.6,2.06,GOOD,,,
S4776,Ahmed,62.03,98.32,50.6,6.9,4.96,AVERAGE,,,
S4777,John,63.7,48.54,55.55,15.1,3.8,AT RISK,,,
S4778,Ali,96.04,93.48,84.96,99.4,3.78,EXCELLENT,,,
S4779,Maria,53.84,59.72,53.18,87.1,3.86,AVERAGE,,,
S4780,Liam,80.48,40.76,93.3,13.3,1.62,AT RISK,,,
S4781,John,84.09,63.48,65.57,58,2.74,AVERAGE,,,
S4782,Liam,75.28,70.55,54.43,37.9,3.86,AVERAGE,,,
S4783,Liam,84.71,46.49,87.99,54.4,2.24,AVERAGE,,,
S4784,Sara,58.64,72.26,76.22,47.1,3.52,AVERAGE,,,
S4785,Sara,92.63,89.17,65.33,4.8,3.78,AVERAGE,,,
S4786,John,57,62.66,70.3,31.5,5.72,AVERAGE,,,
S4787,Ali,70.04,61.16,51.07,12.6,2.22,AT RISK,,,
S4788,Sara,53.76,60.33,83.13,48.9,3.2,AVERAGE,,,
S4789,Ahmed,77.26,95.39,68.29,90.7,5.9,GOOD,,,
S4790,Liam,83.49,42.93,85.7,99.6,1.94,AVERAGE,,,
S4791,Emma,97.06,66.7,81.41,94.4,4.9,GOOD,,,
S4792,Omar,86.97,55.88,82.56,98.6,1.88,GOOD,,,
S4793,John,77.06,93.63,89.64,1.5,5.26,AVERAGE,,,
S4794,John,96.63,45.76,81.56,72.9,3.44,AVERAGE,,,
S4795,Sara,73.92,64.69,70.94,27.3,5.86,AVERAGE,,,
S4796,Ali,78.06,64.41,69.5,86.6,1.86,AVERAGE,,,
S4797,Liam,79.8,93.3,55.98,81.4,4.44,GOOD,,,
S4798,Ahmed,70.5,52.93,88.97,42.4,4.48,AVERAGE,,,
S4799,Ali,91.92,78.69,88.06,47.3,4.6,GOOD,,,
S4800,Maria,59.26,48.06,62.31,26.5,1.5,AT RISK,,,
S4801,Maria,77.74,97.24,93.13,28.9,2.44,AVERAGE,,,
S4802,Emma,86.11,75.58,79.45,98.1,2.7,GOOD,,,
S4803,Sara,95.2,77.58,73.93,88.9,2.62,GOOD,,,
S4804,Sara,94.2,66.03,50.87,19.2,4.38,AVERAGE,,,
S4805,Sara,75.44,60.54,69.14,27.6,1.28,AT RISK,,,
S4806,Emma,82.16,52.76,82.03,10.9,4.66,AVERAGE,,,
S4807,Maria,69.71,76.24,54.49,98.9,3.64,GOOD,,,
S4808,Ali,73.41,97.27,72.98,90.7,1.86,GOOD,,,
S4809,Emma,95.31,61.59,99.67,55.2,2.14,AVERAGE,,,
S4810,Emma,96.54,92.99,85.83,69.3,1.48,GOOD,,,
S4811,Ali,94.77,48.93,77.34,74.8,3.3,AVERAGE,,,
S4812,Sara,56.92,96.17,76.65,20.4,3.98,AVERAGE,,,
S4813,Ahmed,92.5,61.03,52.19,93.5,3.9,GOOD,,,
S4814,Ali,97.42,62.78,97.87,52.7,5.82,GOOD,,,
S4815,Maria,68.06,67.77,96.41,9.2,2.48,AVERAGE,,,
S4816,John,75.93,83.09,84.12,39.7,4.82,AVERAGE,,,
S4817,Liam,88.95,83.18,54.95,60.2,4.62,GOOD,,,
S4818,John,78.1,68.78,60.39,35.3,1.3,AVERAGE,,,
S4819,Omar,99.67,71.39,59.2,69.9,5.66,GOOD,,,
S4820,Omar,72.79,41.8,75.98,88.2,5.66,AVERAGE,,,
S4821,Emma,85.7,58.26,60.39,77.2,2.98,AVERAGE,,,
S4822,Liam,89.63,60.76,84.79,64.3,3.08,AVERAGE,,,
S4823,John,74.71,73.52,77.26,51.2,5.1,AVERAGE,,,
S4824,Ahmed,92.85,73.5,50.88,25.4,3.48,AVERAGE,,,
S4825,Sara,77.31,82.59,87.2,45.5,5,AVERAGE,,,
S4826,Maria,70.58,83.02,59.44,29.3,1.18,AVERAGE,,,
S4827,Omar,55.39,54.11,91.24,93.4,2.26,AVERAGE,,,
S4828,Ahmed,69.67,86.21,67.75,90.7,1.46,GOOD,,,
S4829,Maria,86.7,41.18,66.93,15.6,3.28,AT RISK,,,
S4830,Maria,96.06,82.97,50.59,82.3,5.28,GOOD,,,
S4831,Sara,62.58,46.12,99.39,70.3,3.84,AVERAGE,,,
S4832,Liam,67.76,83.78,80.6,97.5,3.6,GOOD,,,
S4833,Emma,57.7,71.63,71.14,46.3,2.84,AVERAGE,,,
S4834,John,84.54,66.24,54.83,72.2,1.32,AVERAGE,,,
S4835,Sara,98.01,81.44,84.96,51.8,4.84,GOOD,,,
S4836,Ahmed,82.05,42.18,64.14,6.9,3.86,AT RISK,,,
S4837,Emma,80.85,53.41,99.41,4.7,5.66,AVERAGE,,,
S4838,Ahmed,77.67,76.99,97.53,12.2,3.16,AVERAGE,,,
S4839,Emma,54.42,90.83,86.76,29.6,3,AVERAGE,,,
S4840,Liam,86.48,62.87,98.55,25.9,5.88,AVERAGE,,,
S4841,Omar,80.1,55.53,55.28,72.8,1.7,AVERAGE,,,
S4842,Ahmed,83.07,71.12,64,71.6,2.26,AVERAGE,,,
S4843,Sara,94.94,77.34,62.66,97.1,3.44,GOOD,,,
S4844,Emma,89.2,65.21,53.6,31,3.62,AVERAGE,,,
S4845,Emma,89.05,92.6,98.61,93.8,3.74,EXCELLENT,,,
S4846,Maria,96.36,71.41,53,61.3,2.06,AVERAGE,,,
S4847,Maria,99.5,42.15,92.83,49.5,5.64,AVERAGE,,,
S4848,Ali,79.06,53.38,88.41,66.8,4.52,AVERAGE,,,
S4849,Ahmed,55.44,67.04,68.79,70.3,2.3,AVERAGE,,,
S4850,Maria,72.96,81.86,50.94,17.2,2.48,AVERAGE,,,
S4851,Ali,89.38,53.19,50.3,75.2,5.4,AVERAGE,,,
S4852,Omar,51.39,98.58,60.2,72.5,2.9,AVERAGE,,,
S4853,Omar,52.84,59.11,74.69,99.8,3.78,AVERAGE,,,
S4854,Maria,53.36,71.95,72.9,91.2,1.6,AVERAGE,,,
S4855,Ahmed,86.55,41.14,79.26,68.5,2.26,AVERAGE,,,
S4856,Emma,75.06,93.09,88.6,71.2,3.08,GOOD,,,
S4857,John,68.44,87.33,68.87,94.6,4.28,GOOD,,,
S4858,Liam,55.28,51.73,58.02,96.7,2.4,AVERAGE,,,
S4859,Ahmed,86.61,95.99,90,82.7,5.76,EXCELLENT,,,
S4860,Liam,66.05,58.95,66.63,76.7,2.1,AVERAGE,,,
S4861,Sara,63.27,81.53,64.34,11.1,4.9,AVERAGE,,,
S4862,Omar,82.62,89.14,88.22,83,2.82,GOOD,,,
S4863,Maria,77.95,84.45,96.71,25.3,5.16,AVERAGE,,,
S4864,Maria,68.12,95.05,95.75,56.4,5.62,GOOD,,,
S4865,Liam,82.07,91.86,56.87,40.5,1.94,AVERAGE,,,
S4866,Emma,63.56,99.68,75.16,34.6,3.46,AVERAGE,,,
S4867,Liam,89.74,50.96,54.64,31,1.78,AT RISK,,,
S4868,Sara,61.47,58.29,98.05,85.5,4.52,GOOD,,,
S4869,Emma,57.94,78.17,60.76,76.9,5.16,AVERAGE,,,
S4870,Sara,89.12,83.98,59.87,52.3,2.94,AVERAGE,,,
S4871,John,85.39,72.08,94.44,66.4,2.98,GOOD,,,
S4872,Omar,59.13,44.44,98.39,98.5,2.02,AVERAGE,,,
S4873,Maria,55.81,90.5,84.88,39.8,2.54,AVERAGE,,,
S4874,Maria,91.92,97.65,56.05,55.1,2.62,AVERAGE,,,
S4875,John,88.83,64.33,74.29,53.4,1.78,AVERAGE,,,
S4876,Ali,66.36,53.49,90.83,93.6,2.54,AVERAGE,,,
S4877,Omar,82.91,41.16,78.62,35.2,5.54,AVERAGE,,,
S4878,Emma,56.21,54.24,56.63,98.6,2.62,AVERAGE,,,
S4879,John,75.35,82,58.59,30.5,2.38,AVERAGE,,,
S4880,Emma,50.94,94.7,93.21,10.9,2.92,AVERAGE,,,
S4881,Liam,69.58,45.61,76.35,19.1,5.8,AVERAGE,,,
S4882,Ahmed,53.74,73.2,85.29,42.6,4.82,AVERAGE,,,
S4883,Maria,73.76,81.73,68.65,65,2,AVERAGE,,,
S4884,Emma,71.08,56.58,76.62,51.7,4.76,AVERAGE,,,
S4885,Sara,72.22,74.19,98.86,37.6,4.84,AVERAGE,,,
S4886,Emma,52.27,82.91,66.49,56.2,5.76,AVERAGE,,,
S4887,Ahmed,68.08,90.26,83.74,83.9,5.46,GOOD,,,
S4888,Omar,87.82,67.15,58.63,83.9,1.48,AVERAGE,,,
S4889,Maria,68.45,84.87,56.09,72.6,3.28,AVERAGE,,,
S4890,Liam,85.76,58.11,89.18,95.2,4.52,GOOD,,,
S4891,John,68.47,52.78,92.21,59,5.86,AVERAGE,,,
S4892,Liam,71.16,51.24,83.42,0.8,1.42,AT RISK,,,
S4893,Ahmed,78.19,61.53,57.91,29.1,2.84,AVERAGE,,,
S4894,Maria,97.53,42.15,62.03,32.8,3.46,AVERAGE,,,
S4895,Emma,55.44,56.98,95.56,54.7,3.06,AVERAGE,,,
S4896,Omar,51.65,79.13,64.44,90.5,3.28,AVERAGE,,,
S4897,Ali,80.4,78.88,90.94,83.8,2.84,GOOD,,,
S4898,Omar,97.45,44.41,64.3,23.2,5.86,AVERAGE,,,
S4899,Ali,99.49,57.24,96.97,51.9,5.02,GOOD,,,
S4900,Sara,74.21,74.17,95.72,65.9,4.68,GOOD,,,
S4901,Omar,73.4,59.11,52.16,98.8,3.06,AVERAGE,,,
S4902,Maria,82.25,65.08,88.52,3.1,5.4,AVERAGE,,,
S4903,Ali,77.78,82.77,58.47,46.4,1.46,AVERAGE,,,
S4904,John,81.7,40.56,60.76,98.8,1.72,AVERAGE,,,
S4905,Maria,93.7,56.58,72.99,97.7,5.78,GOOD,,,
S4906,John,87.32,48.54,78.82,33.1,3.84,AVERAGE,,,
S4907,Omar,74.84,47.66,66.29,0,1.8,AT RISK,,,
S4908,John,73.09,97.54,78.77,58.7,5.74,GOOD,,,
S4909,Ali,81.98,62.59,58.53,86.7,5.88,GOOD,,,
S4910,Maria,72.79,71.63,51.12,32.4,5.4,AVERAGE,,,
S4911,Emma,72.89,84.03,78.56,93.4,2.2,GOOD,,,
S4912,Ahmed,50.82,42.85,75.87,33.3,2.4,AT RISK,,,
S4913,Ali,58.7,54.46,84.48,61,3.04,AVERAGE,,,
S4914,Ali,74.43,89.93,82.49,72.2,3.9,GOOD,,,
S4915,Emma,91.13,91.72,94.87,34.5,5.96,GOOD,,,
S4916,Maria,63.94,62.38,72.97,35.2,5.78,AVERAGE,,,
S4917,Maria,76.13,62.49,50.42,47,5.6,AVERAGE,,,
S4918,Liam,67.25,85.41,81.53,83.5,1.44,GOOD,,,
S4919,Omar,55.24,57.7,83.76,10.1,4.78,AT RISK,,,
S4920,John,97.91,47.03,76.07,63.1,5.38,AVERAGE,,,
S4921,Omar,92.73,55.45,84.47,67.7,2.66,AVERAGE,,,
S4922,Emma,53.92,63.24,66.18,55.8,2.1,AVERAGE,,,
S4923,Omar,85.99,43.13,57.44,93.6,4.74,AVERAGE,,,
S4924,Emma,67.38,68.72,83.23,60.2,1.46,AVERAGE,,,
S4925,Maria,99.74,84.4,62.26,63.5,5.7,GOOD,,,
S4926,John,65.12,70.82,72.82,60,1.78,AVERAGE,,,
S4927,Omar,61.94,44.31,74.58,72.2,3.28,AVERAGE,,,
S4928,Ali,78.39,66.41,73.86,13.5,5.92,AVERAGE,,,
S4929,Sara,91.76,82.53,79.92,89.4,5.94,GOOD,,,
S4930,Liam,59.63,43.49,51.47,4.2,4.88,AT RISK,,,
S4931,Ahmed,85.47,43.59,99.48,64.1,5.2,AVERAGE,,,
S4932,Ali,53.07,62.24,85.82,61.5,5.84,AVERAGE,,,
S4933,Maria,95.95,51.7,71.27,20.8,5.64,AVERAGE,,,
S4934,Ahmed,54.05,96.09,59.57,4.1,4.12,AVERAGE,,,
S4935,Sara,95.71,74.88,54.01,13.9,4.68,AVERAGE,,,
S4936,Sara,74.54,57.24,83.61,27.2,3.96,AVERAGE,,,
S4937,John,72.4,82.29,65.85,88.2,3.54,GOOD,,,
S4938,Ahmed,98.67,62.5,61.47,85.6,5.4,GOOD,,,
S4939,John,99.52,47.93,69,6.4,4.7,AVERAGE,,,
S4940,Ali,82.51,54.23,79.65,28.9,5.3,AVERAGE,,,
S4941,Emma,56.36,78.56,83.59,88.9,1.48,AVERAGE,,,
S4942,Emma,75.31,43.11,82.26,23.7,3.88,AVERAGE,,,
S4943,Emma,76.46,56.36,93.16,99.6,2.64,GOOD,,,
S4944,Ahmed,75.72,52.5,60.94,25.7,3.56,AVERAGE,,,
S4945,Emma,78.47,52.07,81.84,73.9,4.06,AVERAGE,,,
S4946,Ali,50.94,80.97,55.06,41.7,5.22,AVERAGE,,,
S4947,John,85.56,89.55,77.4,13.6,1.16,AVERAGE,,,
S4948,Ahmed,85.62,82.95,79.2,25.5,1.82,AVERAGE,,,
S4949,John,55.77,78.74,60.81,67.5,5.6,AVERAGE,,,
S4950,Ahmed,78.51,94.99,69.58,33.7,5.84,AVERAGE,,,
S4951,John,78.42,43.5,91.36,60.4,1.28,AVERAGE,,,
S4952,Sara,84.12,50.05,57.42,20.6,2.66,AT RISK,,,
S4953,John,54.27,64.86,71.73,44.9,1.04,AVERAGE,,,
S4954,Emma,81.33,62.35,96.64,51.2,4.78,AVERAGE,,,
S4955,Sara,64.04,65.08,75.21,41.3,4.4,AVERAGE,,,
S4956,John,75.35,52.39,86.26,19.8,3.82,AVERAGE,,,
S4957,Ahmed,88.67,48.97,91.34,46.2,4.46,AVERAGE,,,
S4958,Ahmed,85.28,70.55,60.19,69.3,3.68,AVERAGE,,,
S4959,Liam,55.95,95.68,60.91,96.5,2.2,GOOD,,,
S4960,Ahmed,79.56,63.52,87.93,79,4.78,GOOD,,,
S4961,Maria,98.46,42.6,87.67,16.1,4.92,AVERAGE,,,
S4962,Ali,57.84,82.37,53.01,27.3,5.28,AVERAGE,,,
S4963,Ahmed,92.65,57.47,66.12,7.9,5.78,AVERAGE,,,
S4964,Sara,85.13,54.71,69.93,13.6,4.74,AVERAGE,,,
S4965,Liam,88.7,59.46,91.45,25.1,1.28,AVERAGE,,,
S4966,Ahmed,64.1,83.43,71.09,20,1.1,AVERAGE,,,
S4967,Maria,64.39,89.13,96.3,21.4,4.7,AVERAGE,,,
S4968,Emma,95.3,75.28,99.83,23.1,1.28,AVERAGE,,,
S4969,Sara,67.99,59.35,89.04,30.1,2.58,AVERAGE,,,
S4970,Maria,53.15,58.63,83.32,12.6,1.68,AT RISK,,,
S4971,Emma,80.03,47.46,69.59,27.8,5.84,AVERAGE,,,
S4972,Omar,56.24,96,53.35,68.8,2.58,AVERAGE,,,
S4973,Omar,89.83,78.29,78.66,23.6,1.28,AVERAGE,,,
S4974,Sara,82.09,41.62,68.09,17.2,5.74,AVERAGE,,,
S4975,John,93.74,79.74,67.54,6.8,4.04,AVERAGE,,,
S4976,Ali,89.24,66.83,84.39,50,1.18,AVERAGE,,,
S4977,Liam,55.61,98.35,73.18,84.2,5.16,GOOD,,,
S4978,Ali,69.05,89.14,87.6,5.9,1.76,AVERAGE,,,
S4979,Maria,88.73,50.28,69.91,54.2,5.02,AVERAGE,,,
S4980,Emma,70.87,83.21,57.54,65.1,4.02,AVERAGE,,,
S4981,Ali,98.62,69.13,73.07,59.2,1.88,AVERAGE,,,
S4982,Emma,86.79,51.22,97.55,87.8,4.76,GOOD,,,
S4983,Emma,50.77,81.92,90.08,86.6,3.28,GOOD,,,
S4984,Maria,94,72.84,60.29,5.7,4.2,AVERAGE,,,
S4985,Maria,55.04,41.82,69.57,36.1,5.34,AVERAGE,,,
S4986,Maria,57.03,78.8,96.39,67.1,2.3,AVERAGE,,,
S4987,Ali,86.72,78.1,56.18,95.2,2.82,GOOD,,,
S4988,Omar,93.25,48.65,62.7,80.5,5.98,GOOD,,,
S4989,Maria,76.82,60.94,63.11,17.7,3.54,AVERAGE,,,
S4990,Liam,64.45,75.15,78.55,27.9,3.8,AVERAGE,,,
S4991,Ali,67.57,48.33,70.54,76.4,2.42,AVERAGE,,,
S4992,Maria,67.14,91.16,53.99,47.1,3.08,AVERAGE,,,
S4993,Ahmed,66.33,41.65,81.46,54.7,3.5,AVERAGE,,,
S4994,Emma,62.15,46.17,54.95,60.9,2.3,AVERAGE,,,
S4995,Liam,80.44,46.97,80.32,10.3,2.2,AT RISK,,,
S4996,Maria,95.02,71.69,75.35,85.6,4,GOOD,,,
S4997,Sara,65.35,77.21,74.68,86.3,1.92,AVERAGE,,,
S4998,Emma,59.33,64.22,53.37,46.8,3.76,AVERAGE,,,
S4999,Emma,91.93,57.32,81.96,62.7,4.54,AVERAGE,,,
S5000,Maria,87.09,88.56,71.57,66,2,GOOD,,,
S5001,Omar,96.54,44.1,70.56,19,4.72,AVERAGE,,,
S5002,John,58.28,56.82,79.82,11.3,2.8,AT RISK,,,
S5003,Omar,57.21,42.35,80.31,2.1,5.96,AT RISK,,,
S5004,Maria,77.07,40.83,50.75,91.3,5.9,AVERAGE,,,
S5005,Emma,80.72,61.2,56.26,34.6,5,AVERAGE,,,
S5006,Liam,74.01,51.69,61.83,8.6,2.72,AT RISK,,,
S5007,Sara,79.95,56.1,83.9,46.6,5.68,AVERAGE,,,
S5008,Liam,59.02,89.26,78.84,7.6,6,AVERAGE,,,
S5009,Liam,73.98,49.78,87.88,8.5,3.32,AT RISK,,,
S5010,Emma,82.9,86.81,87.03,48.9,4.08,GOOD,,,
S5011,Omar,71.64,80.5,92.66,50.9,1.02,AVERAGE,,,
S5012,Sara,83.97,59.59,68.84,58,1.22,AVERAGE,,,
S5013,Ali,72.56,72.79,67.25,65.6,3.5,AVERAGE,,,
S5014,Ahmed,66.68,66.67,91.55,66.8,4.04,AVERAGE,,,
S5015,Emma,65.18,47.7,61.88,43.3,2.56,AT RISK,,,
S5016,Maria,70.55,94.43,73.06,64.4,1.5,AVERAGE,,,
S5017,Ali,51.15,74.18,59.72,30.5,4.92,AVERAGE,,,
S5018,Ahmed,83.43,92.81,95.69,44.1,3.1,GOOD,,,
S5019,Maria,92.26,89.43,70.39,39.3,4.24,AVERAGE,,,
S5020,Liam,67.73,44.79,60.62,32.9,4.26,AVERAGE,,,
S5021,John,52.3,52.44,84.6,23.9,3.74,AT RISK,,,
S5022,Maria,99.34,48.72,62.23,7.8,1.9,AT RISK,,,
S5023,Sara,63.18,89.85,97.18,50.6,4.08,AVERAGE,,,
S5024,Sara,56.33,91.75,68.38,53.7,2.62,AVERAGE,,,
S5025,John,68.49,71.68,83.23,33.6,5.1,AVERAGE,,,
S5026,Ali,86.93,46.25,67.26,97.6,1.96,AVERAGE,,,
S5027,Ahmed,64.7,48.14,90.36,55.7,2.46,AVERAGE,,,
S5028,Maria,78.74,88.81,94.85,88.9,3.2,GOOD,,,
S5029,Sara,70.78,95.75,89.4,57,4.7,GOOD,,,
S5030,Ali,55.89,51.97,92.42,19,4.6,AVERAGE,,,
S5031,John,66.51,40.67,55.09,97.5,2.68,AVERAGE,,,
S5032,Omar,86.24,59.86,96.2,88.5,3.56,GOOD,,,
S5033,Emma,80.6,41.83,81.22,47.1,2.18,AVERAGE,,,
S5034,Omar,55.99,89.68,93.46,24.3,4.86,AVERAGE,,,
S5035,Omar,58.17,69.49,84.22,22.3,1.98,AVERAGE,,,
S5036,Sara,82.04,78.51,60.09,80.6,5.1,GOOD,,,
S5037,Liam,90.67,64.69,80.48,6.9,5.68,AVERAGE,,,
S5038,Liam,67.47,60.73,54.55,63.8,5.96,AVERAGE,,,
S5039,John,79.77,53.33,84.79,64,5.28,AVERAGE,,,
S5040,Maria,58.53,86.23,70.45,18.2,2.1,AVERAGE,,,
S5041,Liam,65.57,81.73,57.59,70.5,3.08,AVERAGE,,,
S5042,Omar,51.01,61.64,98.96,70.5,1.44,AVERAGE,,,
S5043,Liam,88.41,59.27,95.05,35,1.82,AVERAGE,,,
S5044,Omar,70.05,40.07,94.68,48.3,1.24,AVERAGE,,,
S5045,Ahmed,90.81,43.81,89.44,83.3,4.2,GOOD,,,
S5046,Sara,85.42,77.4,84.6,52.3,3.66,AVERAGE,,,
S5047,Sara,91.44,70.88,82.75,61.8,5.58,GOOD,,,
S5048,Maria,64.28,66.09,55.3,41.3,3.32,AVERAGE,,,
S5049,Liam,59.26,89.65,95.03,15,4.22,AVERAGE,,,
S5050,Liam,98.6,70.23,94.06,99.8,3,GOOD,,,
S5051,Emma,85.87,63.07,87.39,53.2,5.14,AVERAGE,,,
S5052,Ali,91.7,49.68,96.37,33.6,5.64,AVERAGE,,,
S5053,Ahmed,50.66,89.24,77.65,71.4,3.16,AVERAGE,,,
S5054,Sara,67.72,74.57,72.38,62.1,1.42,AVERAGE,,,
S5055,Ahmed,87.14,45.55,98.4,23.3,1.82,AVERAGE,,,
S5056,Sara,53.9,78.93,73.21,87.7,4.6,GOOD,,,
S5057,Ahmed,78.37,65.5,82.07,7.1,2.62,AVERAGE,,,
S5058,John,71.45,88.68,68.65,60.6,4.92,GOOD,,,
S5059,Omar,50.88,95.13,81.82,47.8,4.74,AVERAGE,,,
S5060,Sara,61.8,76.03,86,31.8,4.48,AVERAGE,,,
S5061,Ahmed,64.24,83.9,81.23,82.6,5.08,GOOD,,,
S5062,Liam,55.59,43.4,75.73,65.6,4.78,AVERAGE,,,
S5063,Ali,81.58,73.62,65.01,75.9,4.16,GOOD,,,
S5064,John,62.12,85.32,82.19,41.5,1.02,AVERAGE,,,
S5065,John,63.88,69.81,95.42,94.2,3.58,GOOD,,,
S5066,Ali,94.91,75.61,50.35,34.5,3.98,AVERAGE,,,
S5067,Ahmed,73.36,93.94,56.7,53.1,5.8,GOOD,,,
S5068,Liam,69.61,51.89,55.99,93.4,4.26,AVERAGE,,,
S5069,Maria,86.19,45.89,96.16,8.3,3.88,AVERAGE,,,
S5070,Ali,95.48,81.44,83.14,10.9,3.7,AVERAGE,,,
S5071,Ahmed,51.25,89.37,97.59,99.4,1.52,GOOD,,,
S5072,Ali,72.41,91.03,79.14,97.1,3.14,GOOD,,,
S5073,Ali,80.54,78.5,73.09,77.2,1.68,AVERAGE,,,
S5074,Sara,65.93,89.99,89.62,48.4,1.26,AVERAGE,,,
S5075,Ahmed,88.62,82.04,58.05,50.6,2.64,AVERAGE,,,
S5076,Maria,98.57,45.24,69.07,25.7,4.22,AVERAGE,,,
S5077,Omar,97.17,85.72,73.31,43.3,5.34,GOOD,,,
S5078,Sara,63.3,50.76,64.92,43.1,5.06,AVERAGE,,,
S5079,Ali,61.32,54.2,68.56,3.6,2.48,AT RISK,,,
S5080,Omar,97.87,63.68,53.91,45.3,1.22,AVERAGE,,,
S5081,Emma,72.93,58.87,59.9,48,3.02,AVERAGE,,,
S5082,Omar,60.41,59.3,66.77,66.6,2.58,AVERAGE,,,
S5083,Ali,85.35,50.16,89.79,51.6,2.86,AVERAGE,,,
S5084,Ali,64.22,57.63,59.12,86.2,3.8,AVERAGE,,,
S5085,Liam,63.36,41.18,67.33,36.8,1.16,AT RISK,,,
S5086,Ahmed,93.96,68.37,53.25,41,2.86,AVERAGE,,,
S5087,Ahmed,58.12,86.12,77.86,57.1,3.8,AVERAGE,,,
S5088,Sara,53.22,91.73,80.56,20.3,3.16,AVERAGE,,,
S5089,Maria,63.46,89.23,93.28,39.3,4.34,AVERAGE,,,
S5090,Sara,80.35,64.99,90.96,68.6,1.94,AVERAGE,,,
S5091,John,56.15,83.83,64.27,41.2,1.76,AVERAGE,,,
S5092,Ali,73.58,57.27,56.85,90.7,2.54,AVERAGE,,,
S5093,Omar,81.37,43.33,57.8,61.5,1.5,AVERAGE,,,
S5094,Emma,92.44,80.56,98.45,15.4,2.18,AVERAGE,,,
S5095,Ali,61.49,78.93,83.66,48.7,1.44,AVERAGE,,,
S5096,Ali,90.87,88.1,52.13,76.5,3,GOOD,,,
S5097,Sara,61.75,76.97,56.84,64.3,4.56,AVERAGE,,,
S5098,Emma,83.84,49.41,74.29,88.5,2.44,AVERAGE,,,
S5099,Emma,71.53,91.19,60.39,75,1.02,AVERAGE,,,
S5100,Emma,55.73,77.64,90.18,6.2,3.78,AVERAGE,,,
S5101,Sara,85.71,88.46,78.66,11.3,4.46,AVERAGE,,,
S5102,Ali,60.89,86.45,80.63,65,2.96,AVERAGE,,,
S5103,Sara,58.83,57.87,73.14,23.8,2.48,AT RISK,,,
S5104,Ahmed,67.92,44.47,62.8,58.8,3.46,AVERAGE,,,
S5105,Ahmed,82.66,50.59,79.47,79.2,1.5,AVERAGE,,,
S5106,Sara,61.7,45.57,85.85,57.7,4.22,AVERAGE,,,
S5107,Emma,59.18,54.6,68.55,41.5,4.66,AVERAGE,,,
S5108,Liam,50.5,67.57,75.25,64.6,4.52,AVERAGE,,,
S5109,Ali,73.58,94.41,91.98,14.4,2.64,AVERAGE,,,
S5110,Sara,71.43,92.32,57.43,72.3,5.22,GOOD,,,
S5111,Sara,61.69,83.12,77.26,69.7,5.74,GOOD,,,
S5112,Sara,52.68,41.45,67.42,51.4,2.48,AT RISK,,,
S5113,Liam,71.46,60.48,85.14,27.9,2.32,AVERAGE,,,
S5114,Liam,89.41,80.94,50.94,79.8,4.52,GOOD,,,
S5115,John,85.76,47.74,83.52,51.1,4.54,AVERAGE,,,
S5116,Ahmed,93.04,88.07,55.14,5.9,3.56,AVERAGE,,,
S5117,Omar,50.48,94.87,53.24,91.9,5.62,GOOD,,,
S5118,Emma,98.32,61.25,86.23,76.8,1.74,GOOD,,,
S5119,Maria,67.07,82.35,82.02,58.5,3.38,AVERAGE,,,
S5120,Liam,99.52,48.89,94.75,43.7,1.18,AVERAGE,,,
S5121,Omar,62.63,81.45,75.98,96,1.26,GOOD,,,
S5122,Liam,73.58,41.29,76.5,77.5,1.26,AVERAGE,,,
S5123,Emma,67.7,49.05,85.35,53.5,3.46,AVERAGE,,,
S5124,Maria,67.79,82.59,66.17,65.3,3.94,AVERAGE,,,
S5125,John,92.11,82.71,51.85,28.1,1.02,AVERAGE,,,
S5126,Sara,87.32,78.47,61.5,19.6,4.16,AVERAGE,,,
S5127,John,99.61,68.64,61.9,27.3,3.44,AVERAGE,,,
S5128,Liam,80.68,80.49,66.78,29.3,2.12,AVERAGE,,,
S5129,John,73.16,86.43,97.17,74,1.08,GOOD,,,
S5130,Omar,54.5,97.99,90.24,14,1.78,AVERAGE,,,
S5131,Ali,99.83,93.32,96.8,77.8,4,GOOD,,,
S5132,Liam,77.58,87.67,99.93,52.3,4.3,GOOD,,,
S5133,Liam,85.02,81.69,71.69,38.5,4.24,AVERAGE,,,
S5134,Omar,70.34,74.45,61.35,30,1.76,AVERAGE,,,
S5135,Ahmed,77.39,47.24,78,51.3,5.56,AVERAGE,,,
S5136,Maria,97.13,49.93,94.06,31.8,3.06,AVERAGE,,,
S5137,Sara,58.32,89.22,73.29,42.9,4.84,AVERAGE,,,
S5138,Omar,64.62,88.2,75.27,73.9,1.84,AVERAGE,,,
S5139,Maria,57.6,76.87,56.72,62.6,3.36,AVERAGE,,,
S5140,Emma,89.61,66.33,71.02,74.8,3.6,GOOD,,,
S5141,Maria,53.1,41.56,69.35,71.3,4.86,AVERAGE,,,
S5142,Emma,54.08,59.63,67.58,81.5,4.1,AVERAGE,,,
S5143,Omar,64.92,65.24,94.36,20.2,3,AVERAGE,,,
S5144,Liam,75.71,69.15,52.97,99.5,2.42,AVERAGE,,,
S5145,Liam,70.31,95.76,98.61,47.6,5.86,GOOD,,,
S5146,Ahmed,52.24,46.52,50.41,71.8,2.42,AVERAGE,,,
S5147,Omar,97.87,71.13,97.28,67.8,1.64,GOOD,,,
S5148,Emma,97.64,62.08,77.4,56.6,2.5,AVERAGE,,,
S5149,Maria,63.97,99.41,85.12,99.6,2.64,GOOD,,,
S5150,Maria,86.58,91.71,59.36,21.7,1.64,AVERAGE,,,
S5151,Emma,78.93,66.33,82.71,42.2,4.54,AVERAGE,,,
S5152,John,61.87,99.98,94.1,12.8,4.1,AVERAGE,,,
S5153,Ahmed,63.11,70.84,56.97,18.2,2.58,AT RISK,,,
S5154,Ali,74.56,50.03,56.35,71.3,5.96,AVERAGE,,,
S5155,Liam,70.96,73.35,65.2,0.5,4.28,AVERAGE,,,
S5156,Sara,64.56,53.57,58.09,89,4.52,AVERAGE,,,
S5157,Maria,90.38,78.18,55.53,63.3,3.78,AVERAGE,,,
S5158,Sara,74.07,96.25,83.92,44.1,3.76,AVERAGE,,,
S5159,Ali,82.74,87.17,60.69,33.1,1.1,AVERAGE,,,
S5160,Omar,59.46,56.39,83.35,12.6,4.86,AVERAGE,,,
S5161,Sara,76.68,57.81,93.1,92.2,5.56,GOOD,,,
S5162,Ali,65.9,44.16,82.6,71.2,1.62,AVERAGE,,,
S5163,Liam,76.32,57.15,55.97,33.6,4.98,AVERAGE,,,
S5164,Emma,89.04,45.56,78.68,7.1,3.68,AT RISK,,,
S5165,John,88.45,69.97,69.68,32.6,2.42,AVERAGE,,,
S5166,Liam,67.71,82.5,67.17,18.5,5.6,AVERAGE,,,
S5167,Maria,84.71,85.07,65.93,78.6,1.08,AVERAGE,,,
S5168,Ali,97.06,43.57,96.47,72,2.38,AVERAGE,,,
S5169,Sara,81.28,60.4,87.13,49.8,5.44,AVERAGE,,,
S5170,Maria,57.42,57.29,56.69,88.6,3.4,AVERAGE,,,
S5171,John,83.99,46.26,73.8,18.1,4,AVERAGE,,,
S5172,Emma,55.25,61.75,65.91,45.2,4.74,AVERAGE,,,
S5173,Omar,93.61,57.96,98.9,71.1,1.74,AVERAGE,,,
S5174,Maria,75.83,78.07,98.9,6.8,2.08,AVERAGE,,,
S5175,Omar,69.26,93,65.98,37.3,6,AVERAGE,,,
S5176,Ali,52.85,67.29,67.61,57.2,2.18,AVERAGE,,,
S5177,John,69.04,84.8,79.97,36.7,3.7,AVERAGE,,,
S5178,Sara,95.16,48.76,73.97,48,2.5,AVERAGE,,,
S5179,John,51.05,93.7,60.66,60.8,5.26,AVERAGE,,,
S5180,John,73.73,49.16,83.02,36.8,5.8,AVERAGE,,,
S5181,Ahmed,96.56,51.53,66.71,10.6,1.7,AT RISK,,,
S5182,John,69.74,46.39,82.69,13.9,4,AT RISK,,,
S5183,John,71.41,58.58,69.18,52.7,5.06,AVERAGE,,,
S5184,Liam,78.93,73.14,85.01,17.5,5.12,AVERAGE,,,
S5185,Maria,73.15,99.28,83.39,89,3.2,GOOD,,,
S5186,Sara,58.43,87.6,75.44,83.4,2.12,AVERAGE,,,
S5187,Liam,50.93,62.83,85.24,34.9,2.94,AVERAGE,,,
S5188,Liam,80.49,74.55,73.05,83.1,4.76,GOOD,,,
S5189,Maria,96.04,77.4,55.81,53.3,5.96,GOOD,,,
S5190,Maria,55.32,89.36,59.11,15.9,3.78,AVERAGE,,,
S5191,Ali,60.55,84.19,62.3,61.4,1.98,AVERAGE,,,
S5192,Maria,68.51,74.16,53.16,67.9,1.2,AVERAGE,,,
S5193,Ahmed,90.44,80.15,85.57,8.4,5.72,AVERAGE,,,
S5194,Ahmed,63.46,84.76,68.37,31.4,3.42,AVERAGE,,,
S5195,Liam,94.1,47.99,54.68,0.5,4.58,AT RISK,,,
S5196,Omar,52.75,52.03,91,31.6,4.3,AVERAGE,,,
S5197,Ali,97.05,81.32,84.18,33.5,5.46,GOOD,,,
S5198,Omar,78.04,91.03,72.61,63,2.34,AVERAGE,,,
S5199,Omar,82.94,64.56,62.37,19.9,3.2,AVERAGE,,,
S5200,Liam,68.38,98.79,57.59,3,5.56,AVERAGE,,,
S5201,Emma,89.1,52.96,72.92,31.6,3.92,AVERAGE,,,
S5202,Liam,58.33,65,94.26,82.6,1.36,AVERAGE,,,
S5203,Sara,52.45,62.71,59.42,39.9,1.98,AT RISK,,,
S5204,Sara,69.78,95.82,78.43,41.5,2.18,AVERAGE,,,
S5205,Maria,92.68,57.12,98.08,46.9,5.96,GOOD,,,
S5206,Maria,87.75,68.25,81.86,75.2,2.12,AVERAGE,,,
S5207,Emma,75.86,51.23,72,48,5.34,AVERAGE,,,
S5208,Maria,78.61,71.28,85.82,9.1,1.4,AVERAGE,,,
S5209,Sara,56.49,91.44,91.23,20.6,1.9,AVERAGE,,,
S5210,Omar,92.03,58.24,79.53,18.8,5.36,AVERAGE,,,
S5211,Liam,89.35,88.65,93.59,50.8,5.5,GOOD,,,
S5212,John,82.82,94.68,75.73,3,1.88,AVERAGE,,,
S5213,Ahmed,73.31,44.38,91.5,28.4,2.14,AVERAGE,,,
S5214,John,98.22,85.39,97.6,60.7,3.66,GOOD,,,
S5215,John,93.95,55.32,75.06,35.5,1.26,AVERAGE,,,
S5216,Sara,82.22,50.52,80.25,70.8,5.72,AVERAGE,,,
S5217,John,68.59,76.07,80.47,39.1,2.82,AVERAGE,,,
S5218,Liam,80.9,82.34,89.07,97.9,3.44,GOOD,,,
S5219,Emma,78.77,63.69,91.15,96.5,1.52,GOOD,,,
S5220,Ali,69.71,42.35,51.36,80,1.16,AVERAGE,,,
S5221,Maria,65.33,94.52,86.67,95.4,3.34,GOOD,,,
S5222,Ali,70.35,83.84,89.19,20.5,1.6,AVERAGE,,,
S5223,Omar,78.7,56.3,85.02,75.1,4.16,AVERAGE,,,
S5224,Liam,71.41,69.81,85.68,32.2,4.98,AVERAGE,,,
S5225,Liam,63.18,41.67,52.07,72.5,1.16,AVERAGE,,,
S5226,Ahmed,88.05,60.36,72.1,37.4,4.06,AVERAGE,,,
S5227,Liam,76.57,71.35,90.91,28.9,5.08,AVERAGE,,,
S5228,Maria,53.38,71.03,96.7,95.9,3.2,GOOD,,,
S5229,Liam,68.42,52.49,61.47,21,5.8,AVERAGE,,,
S5230,John,94.25,86.6,78.96,75.9,1.56,GOOD,,,
S5231,Ahmed,87.76,57.93,90.22,67.5,2.62,AVERAGE,,,
S5232,Maria,66.16,74.82,87.62,30.3,2.16,AVERAGE,,,
S5233,Emma,96.91,56.29,80.94,45.8,5.98,AVERAGE,,,
S5234,Emma,53.83,65.51,50.93,14.3,2.48,AT RISK,,,
S5235,Emma,98.06,52.45,86.19,92.1,2.94,GOOD,,,
S5236,Emma,62.29,77.98,88.66,96.8,5.24,GOOD,,,
S5237,John,50.45,65.54,86.14,73.2,5.64,AVERAGE,,,
S5238,Liam,71.69,40.97,88.29,84.9,5.68,AVERAGE,,,
S5239,Ali,67.95,41.69,71.55,8.3,3.8,AT RISK,,,
S5240,Maria,76.95,68.27,99.69,38.4,4.32,AVERAGE,,,
S5241,John,89.84,50.99,88.54,33.1,2.74,AVERAGE,,,
S5242,Emma,92.12,75.1,78.93,56.5,4.04,GOOD,,,
S5243,Omar,70.06,64.49,96.71,18.3,2.52,AVERAGE,,,
S5244,Liam,71.49,79.27,95.41,56.3,4.74,GOOD,,,
S5245,Ali,57.41,97.14,90.73,65.4,2.54,GOOD,,,
S5246,Omar,52.38,71.72,78.18,13.2,5.4,AVERAGE,,,
S5247,Ahmed,82.06,87.24,76.36,13.2,1.72,AVERAGE,,,
S5248,Omar,53.22,85.18,66.44,3.5,3.86,AVERAGE,,,
S5249,Ahmed,86.69,95.31,62.54,76.1,3.6,GOOD,,,
S5250,Ahmed,76.95,52.84,75.62,33.1,2.32,AVERAGE,,,
S5251,Emma,59.93,89.64,78.89,22.5,1.14,AVERAGE,,,
S5252,Ahmed,76.98,94.33,62.23,77.8,1.74,GOOD,,,
S5253,Sara,59.15,63.57,96.13,14.3,5.84,AVERAGE,,,
S5254,Maria,71.94,58.83,77.86,42.7,5.7,AVERAGE,,,
S5255,Maria,89.98,97.12,76.33,74.5,1.6,GOOD,,,
S5256,Emma,73.1,77.66,71.78,57.4,2.88,AVERAGE,,,
S5257,Sara,57.43,62.84,52.9,55.4,3.32,AVERAGE,,,
S5258,Omar,86.19,87.51,94.12,15.7,3.4,AVERAGE,,,
S5259,John,59.34,58.27,65.85,18.1,2.5,AT RISK,,,
S5260,Omar,86.93,50.58,82.12,58.3,5.56,AVERAGE,,,
S5261,Liam,73.97,72.64,80.37,2.4,5.54,AVERAGE,,,
S5262,John,72.69,73.97,79.22,86.9,1.1,AVERAGE,,,
S5263,Ahmed,92.57,89.54,76.29,35,4.26,AVERAGE,,,
S5264,Ali,85.43,67.42,59.07,41.7,1.38,AVERAGE,,,
S5265,John,51.65,88.88,64.03,25.8,3.98,AVERAGE,,,
S5266,Ali,64.81,58.68,76.21,87.7,5.34,GOOD,,,
S5267,Maria,93.55,74.52,89.47,64.3,4.24,GOOD,,,
S5268,Ali,50.92,52.51,71.6,45,3.34,AVERAGE,,,
S5269,Maria,77.26,63.13,60.2,58.5,5.78,AVERAGE,,,
S5270,Sara,86.39,91.45,54.4,38,4.74,AVERAGE,,,
S5271,Sara,81.09,52.96,83.15,46.6,2.24,AVERAGE,,,
S5272,Emma,88.03,88.61,71.17,35.8,2.94,AVERAGE,,,
S5273,Emma,86.28,56.97,56.27,41.1,4.8,AVERAGE,,,
S5274,Ahmed,84.6,42.07,83.72,31.5,1.1,AT RISK,,,
S5275,John,91.08,46.6,60.38,7.8,1.32,AT RISK,,,
S5276,Ahmed,82.28,84.75,75.45,3.7,5.3,AVERAGE,,,
S5277,Maria,70.12,55.72,65.31,17.4,1.22,AT RISK,,,
S5278,Ahmed,73.6,79.25,96.58,25.2,4.4,AVERAGE,,,
S5279,Ali,85.84,81.95,61.41,89,2.6,GOOD,,,
S5280,Maria,93.82,60.71,71,61.1,5.12,AVERAGE,,,
S5281,Emma,63.61,68.5,97.97,95.8,5.24,GOOD,,,
S5282,Sara,67.1,64.23,65.94,34,5.76,AVERAGE,,,
S5283,Emma,96.54,96.84,82.23,40.2,1.48,AVERAGE,,,
S5284,John,78.93,59.2,65.84,72,3.12,AVERAGE,,,
S5285,Maria,58.95,51,55.53,57.8,3.86,AVERAGE,,,
S5286,Maria,83.18,61.94,81.38,52.8,5.58,AVERAGE,,,
S5287,Ali,99.54,80.17,95.8,57.6,2.34,GOOD,,,
S5288,John,91.17,81.84,72.63,58.4,1.36,AVERAGE,,,
S5289,Sara,87.29,95.44,81.31,76.6,2,GOOD,,,
S5290,Omar,60.4,92.91,80.44,66.8,3.48,GOOD,,,
S5291,Maria,93.81,57.3,70.75,95.7,4.4,GOOD,,,
S5292,Maria,76.29,67.31,80.74,94.8,4.46,GOOD,,,
S5293,Ali,94.46,84.84,62.97,42.2,1.38,AVERAGE,,,
S5294,Ahmed,66.49,94.99,68.9,3.6,4.8,AVERAGE,,,
S5295,Liam,53.1,60.23,72.12,1.1,4.3,AT RISK,,,
S5296,Sara,73.8,66.67,93.2,12.3,3.04,AVERAGE,,,
S5297,Emma,63.49,93.97,67.42,7.5,3.86,AVERAGE,,,
S5298,John,85.76,61.51,81.76,37.3,4.84,AVERAGE,,,
S5299,Maria,97.86,68.83,60.67,5.3,2.32,AVERAGE,,,
S5300,Maria,84.55,94.27,62.63,62.5,5.7,GOOD,,,
S5301,Emma,94.35,88.13,82.42,19,1.68,AVERAGE,,,
S5302,Sara,72.65,54.61,88.12,51.4,5.52,AVERAGE,,,
S5303,Liam,88.58,59.49,73.11,10.3,4.7,AVERAGE,,,
S5304,Ahmed,92.15,61.18,66.75,82.8,4.3,GOOD,,,
S5305,Maria,85.54,94.76,95.51,78,1.42,GOOD,,,
S5306,Liam,75.39,99.94,56.79,38.6,5.6,AVERAGE,,,
S5307,Sara,81.29,86.44,86.04,91.1,2.48,GOOD,,,
S5308,Emma,85.03,69.06,84.51,18.6,4.72,AVERAGE,,,
S5309,Ali,62.65,40.61,84.51,81.4,5.42,AVERAGE,,,
S5310,Ahmed,90.48,81.85,96.77,54.6,2.22,GOOD,,,
S5311,John,97.52,63.36,86.41,33,5.58,AVERAGE,,,
S5312,Maria,73.26,77.98,65.08,8.4,4.06,AVERAGE,,,
S5313,Sara,85.05,76.4,67.67,17.1,4.3,AVERAGE,,,
S5314,Ali,86.85,68.85,69.56,86.3,5.58,GOOD,,,
S5315,John,83.11,96.66,51.54,60.7,3.64,GOOD,,,
S5316,Omar,77.36,41.39,95.68,23.7,3.2,AVERAGE,,,
S5317,Sara,94.08,82.73,53.68,49.6,4.16,AVERAGE,,,
S5318,Sara,72.45,64.59,84.99,10.8,3.78,AVERAGE,,,
S5319,John,53.06,82.83,86.51,9.9,1.3,AT RISK,,,
S5320,Ali,92.23,80.51,92.19,90.8,1.9,GOOD,,,
S5321,Omar,83.7,40.61,77.67,45.8,1.06,AVERAGE,,,
S5322,Liam,92.46,57.12,86.26,36.2,1.54,AVERAGE,,,
S5323,Liam,56.93,51.35,65.14,94.9,4.64,AVERAGE,,,
S5324,Emma,51.54,50.02,87.28,39.9,1.02,AT RISK,,,
S5325,Ali,96.72,83.71,67.17,33.6,2.52,AVERAGE,,,
S5326,Ahmed,57.39,54.37,95.14,27.3,3.24,AVERAGE,,,
S5327,Maria,90.48,68.48,58.17,56.5,5.68,AVERAGE,,,
S5328,John,91.16,54.82,65.79,55.8,2.64,AVERAGE,,,
S5329,Emma,85.44,74.81,74.94,1.6,4.92,AVERAGE,,,
S5330,Omar,56.56,83.23,88.79,65.4,3.04,AVERAGE,,,
S5331,John,83.37,59.86,87.44,78.8,1.5,AVERAGE,,,
S5332,John,94.45,76.18,60.54,61.6,1.5,AVERAGE,,,
S5333,Ali,71.28,89.49,57.21,87,3.16,GOOD,,,
S5334,Maria,70.68,45.65,65.2,27.6,1.28,AT RISK,,,
S5335,Ahmed,72.14,82.64,74.19,19.2,3.86,AVERAGE,,,
S5336,Liam,54.11,59.39,76.95,69.7,3.46,AVERAGE,,,
S5337,Sara,94.6,47.36,71.46,18.9,4.52,AVERAGE,,,
S5338,Sara,93.46,72.74,83.15,9.1,1.92,AVERAGE,,,
S5339,John,99.9,53.58,71.38,9.7,3.96,AVERAGE,,,
S5340,Liam,79.26,89.28,97.32,76.8,1.88,GOOD,,,
S5341,Liam,87.56,42.57,63.05,2.9,4.62,AT RISK,,,
S5342,Maria,60.13,45.92,81.37,28.9,2.54,AT RISK,,,
S5343,Omar,83.38,71.26,80.57,12.9,4.08,AVERAGE,,,
S5344,Omar,82.49,75.34,64.08,75.5,5.42,GOOD,,,
S5345,Emma,95.06,83.79,70.58,50.3,3.44,AVERAGE,,,
S5346,Ali,91.54,55.56,68.27,20.5,1.96,AVERAGE,,,
S5347,Maria,96.92,90.51,58.62,75,5.44,GOOD,,,
S5348,Maria,93.44,97.19,73.86,75,2.8,GOOD,,,
S5349,Ali,93.43,69.94,69.33,52.3,4.66,AVERAGE,,,
S5350,Liam,53.19,85.63,58.92,27.6,2.6,AVERAGE,,,
S5351,Omar,92.3,71.49,72.49,58.6,2.5,AVERAGE,,,
S5352,Omar,80.37,44.17,71.09,93.4,4.22,AVERAGE,,,
S5353,Liam,69.02,59.57,56.57,5.2,1.78,AT RISK,,,
S5354,Omar,52.83,45.25,56.56,26.7,5.34,AT RISK,,,
S5355,John,83.88,99.33,82.38,28.5,2.94,AVERAGE,,,
S5356,Maria,66.41,53.74,85.33,63.2,1.1,AVERAGE,,,
S5357,Sara,73.39,78.15,97.06,65.1,2.52,AVERAGE,,,
S5358,Ali,84.09,57.06,54.35,20.6,4.92,AVERAGE,,,
S5359,Omar,95.59,79.19,55.89,21.6,5.3,AVERAGE,,,
S5360,Emma,91.27,52.62,52.59,92.8,3.84,AVERAGE,,,
S5361,Omar,72.53,87.12,76.61,75.6,2.48,GOOD,,,
S5362,Omar,69.39,46.65,81.14,93.4,3.64,AVERAGE,,,
S5363,Ahmed,61.99,93.71,70.18,83,5.18,GOOD,,,
S5364,John,68.62,90.43,89.9,40.2,2.58,AVERAGE,,,
S5365,Ali,55.55,80.73,84.33,12.2,2.92,AVERAGE,,,
S5366,Ahmed,98.56,44.04,99.29,63,3.7,AVERAGE,,,
S5367,Ahmed,78.7,52.51,56.89,35.2,5.44,AVERAGE,,,
S5368,Emma,56.39,91.56,52.92,42.5,3.92,AVERAGE,,,
S5369,Maria,67.64,47.32,63.74,42.6,2.04,AT RISK,,,
S5370,Emma,77.35,49.36,50.95,93.7,1.44,AVERAGE,,,
S5371,Maria,76.64,72.64,96.63,6.9,1.48,AVERAGE,,,
S5372,Maria,51.78,56.45,65.2,19.3,5.76,AT RISK,,,
S5373,Ali,97.54,53.32,77.62,60.8,5.12,AVERAGE,,,
S5374,Omar,63.77,74.55,65.9,88.4,4.82,GOOD,,,
S5375,Ali,50.81,62.35,62.29,91.8,3.48,AVERAGE,,,
S5376,John,53.82,48.43,57.62,55.9,4.36,AVERAGE,,,
S5377,Maria,79.01,72.09,66.02,3.5,1.64,AT RISK,,,
S5378,Ahmed,56.89,63.22,80.77,36.3,4.1,AVERAGE,,,
S5379,Omar,52.09,84.07,98.58,91.9,5.06,GOOD,,,
S5380,Sara,68.98,46.17,77.9,50,1.32,AVERAGE,,,
S5381,John,81.14,77.24,76.64,72.7,2.48,AVERAGE,,,
S5382,Ali,55.59,66.19,51.76,26.9,1.56,AT RISK,,,
S5383,Emma,65.67,64.36,92,2.5,2.3,AT RISK,,,
S5384,John,70.89,53.94,52.24,57.8,4.86,AVERAGE,,,
S5385,John,57.97,41.83,95.31,83.5,2.66,AVERAGE,,,
S5386,Omar,75.3,90.86,76.93,99,4.44,GOOD,,,
S5387,John,54.26,59.58,58.42,84.7,4.86,AVERAGE,,,
S5388,John,52.33,80.87,72.59,55.4,5.08,AVERAGE,,,
S5389,Sara,75.99,96.86,99.75,60.9,5.36,GOOD,,,
S5390,Liam,62.39,73.9,65.25,82.4,3.98,AVERAGE,,,
S5391,Emma,54.77,63.83,63.47,2,2.4,AT RISK,,,
S5392,Emma,71.2,56.1,55.9,95.2,1.76,AVERAGE,,,
S5393,Emma,95.76,96.04,79.86,53.1,3.52,GOOD,,,
S5394,Maria,86.21,80.92,54.46,95.2,1.52,GOOD,,,
S5395,Ahmed,90.78,79.92,88.3,76.5,5.56,GOOD,,,
S5396,Liam,93.6,65.57,95.96,15.2,3.22,AVERAGE,,,
S5397,Emma,98.63,90.7,96.59,16.5,5.36,GOOD,,,
S5398,John,88.16,82.82,55.4,35.4,4.54,AVERAGE,,,
S5399,John,80.42,56.99,77.91,26.4,5.28,AVERAGE,,,
S5400,Emma,68.27,75.97,54.86,43.9,5.42,AVERAGE,,,
S5401,Omar,59.08,65.81,78.6,60.4,1.26,AVERAGE,,,
S5402,Emma,84.33,40.4,90.75,43.7,4.62,AVERAGE,,,
S5403,John,99.75,88.46,76.89,5.6,2.14,AVERAGE,,,
S5404,Maria,73.37,47.37,93.6,97.6,5.94,GOOD,,,
S5405,Ali,86.18,70.6,90.08,42.5,4.9,AVERAGE,,,
S5406,Ali,74.75,60.17,63.83,85.1,1.02,AVERAGE,,,
S5407,Liam,71.6,60.53,81.51,7.4,5.64,AVERAGE,,,
S5408,Liam,70.52,68.64,50.37,81,2.46,AVERAGE,,,
S5409,Emma,75.23,99.82,69.8,17.3,3.08,AVERAGE,,,
S5410,Sara,68.34,64.5,61.9,67.9,4.06,AVERAGE,,,
S5411,Emma,87.44,50.94,96.86,66.2,5.58,GOOD,,,
S5412,Omar,93.71,76.82,70.27,91,5.64,GOOD,,,
S5413,Emma,94.14,54.18,82.7,32.1,3.82,AVERAGE,,,
S5414,Liam,61.38,46.33,86.6,10.9,2.58,AT RISK,,,
S5415,Ali,94.8,43.01,88.66,86.5,2.4,AVERAGE,,,
S5416,John,67.08,41.37,86.79,33.2,2.82,AVERAGE,,,
S5417,Emma,65.47,65.87,64.46,23.3,1.9,AT RISK,,,
S5418,John,86.34,65.6,84.3,48.6,4.34,AVERAGE,,,
S5419,John,65.23,51.13,77.45,14.6,3.64,AT RISK,,,
S5420,Sara,52.65,87.04,79.87,29.7,4.86,AVERAGE,,,
S5421,John,68.68,47.76,50.04,38.5,1.48,AT RISK,,,
S5422,Ali,86.07,94.92,62.91,27.7,3,AVERAGE,,,
S5423,Maria,66.35,75.25,96.53,45,2.2,AVERAGE,,,
S5424,Maria,81.48,41.66,64.5,38.5,3.68,AVERAGE,,,
S5425,Ahmed,83.01,97.78,71.9,77.5,3.34,GOOD,,,
S5426,Omar,86.69,58.48,59.33,91.8,3.24,AVERAGE,,,
S5427,Emma,94.86,67,56.93,10.1,2.58,AVERAGE,,,
S5428,Omar,71.63,57.06,60.43,82.3,4.64,AVERAGE,,,
S5429,Ali,58.32,83.71,77.68,93.2,3.4,GOOD,,,
S5430,John,65.95,69.14,95.95,68.7,2.02,AVERAGE,,,
S5431,Maria,71.61,47.94,66.31,99.6,3.74,AVERAGE,,,
S5432,Omar,85.69,46.25,66.17,33.5,3.98,AVERAGE,,,
S5433,Ali,50.66,83.52,78.21,83,1.1,AVERAGE,,,
S5434,Maria,65.79,54.22,67.84,67.4,2.02,AVERAGE,,,
S5435,John,88.99,48.27,95.52,32.3,2.22,AVERAGE,,,
S5436,Omar,83.54,69.97,68.89,70.5,2.24,AVERAGE,,,
S5437,Maria,86.59,88.17,74.52,51,2.2,AVERAGE,,,
S5438,Emma,90.59,56.73,76.67,18.9,2.36,AVERAGE,,,
S5439,Liam,89.16,56.59,89.1,17.4,2.32,AVERAGE,,,
S5440,Emma,84.11,90.03,78.2,71.3,5.42,GOOD,,,
S5441,Ahmed,71.98,48.87,61.96,71.2,2.6,AVERAGE,,,
S5442,Ahmed,99.18,77,56.2,53.1,2.74,AVERAGE,,,
S5443,Maria,78.45,97.3,96.89,50.1,2.34,GOOD,,,
S5444,Liam,60.14,90.48,90.08,18,5.84,AVERAGE,,,
S5445,Ali,64.64,43.71,51.15,42.9,3.68,AT RISK,,,
S5446,Emma,84.68,59.19,91.08,87.1,4.06,GOOD,,,
S5447,Ali,96.24,48.54,79.53,85.5,4.68,GOOD,,,
S5448,Liam,58.94,96.95,75.94,66.1,2.66,AVERAGE,,,
S5449,Ali,54.12,99.16,50.61,99.7,5.84,GOOD,,,
S5450,Liam,94.08,54.1,89.04,89.3,1.76,GOOD,,,
S5451,Maria,95.76,80.18,59.9,14.5,3.28,AVERAGE,,,
S5452,Ali,63.82,90.5,86.4,39.9,1.72,AVERAGE,,,
S5453,Emma,68.86,54.02,50.79,13.2,4.96,AT RISK,,,
S5454,John,83.01,51.26,89.82,46.6,1.54,AVERAGE,,,
S5455,Ahmed,66.5,40.67,51.15,77.6,3.76,AVERAGE,,,
S5456,John,93.86,64.72,61.79,15.6,1.52,AVERAGE,,,
S5457,Ali,55.38,93.97,63.41,88,3.26,GOOD,,,
S5458,John,51.9,94.18,57.88,56.9,2.4,AVERAGE,,,
S5459,Emma,60.42,47.66,74.05,74.9,5.52,AVERAGE,,,
S5460,Emma,64.3,52.26,64.18,4.5,1.26,AT RISK,,,
S5461,Ali,55.65,64.48,99.66,9.4,4.24,AVERAGE,,,
S5462,Maria,53.28,86.84,79,62.1,4.48,AVERAGE,,,
S5463,John,87.78,76.71,78.32,83.8,5.44,GOOD,,,
S5464,Maria,58.21,70.83,61.04,87.4,5.38,GOOD,,,
S5465,Maria,95.7,75.52,70.43,68.8,5.88,GOOD,,,
S5466,Liam,68.4,45.77,56.2,20.1,2.26,AT RISK,,,
S5467,Sara,83.53,68.66,88.13,19.5,2.38,AVERAGE,,,
S5468,Ali,61.27,99.52,66.56,88.1,2.98,GOOD,,,
S5469,Ahmed,62.02,45.31,87.6,11.3,3.68,AT RISK,,,
S5470,Emma,78.74,71.15,68.58,68.6,2.84,AVERAGE,,,
S5471,Emma,78.03,57.74,99.44,53.4,4.7,AVERAGE,,,
S5472,Ali,88.44,72.39,58.56,42.1,1.04,AVERAGE,,,
S5473,Liam,87.89,74.43,50.08,44,1.08,AVERAGE,,,
S5474,Omar,83.53,74.65,79.74,94.5,4.58,GOOD,,,
S5475,Omar,72.46,91.13,97.65,86.1,5.42,GOOD,,,
S5476,Omar,94.53,63.38,82.35,86.5,4.88,GOOD,,,
S5477,Liam,81.13,70.98,54.29,40.7,1.58,AVERAGE,,,
S5478,Ahmed,99.51,40.66,77.02,10.7,5.68,AVERAGE,,,
S5479,Emma,90.97,87.37,95.47,99.8,3.6,EXCELLENT,,,
S5480,Ali,52.22,55.57,50.33,14.5,4.72,AT RISK,,,
S5481,Liam,66.03,88.99,58.35,51.6,2,AVERAGE,,,
S5482,Emma,78.59,55.94,90.73,26.5,3.74,AVERAGE,,,
S5483,Maria,86.07,40.65,94.7,51.1,2.66,AVERAGE,,,
S5484,John,77.52,49.29,85.36,30.5,5.88,AVERAGE,,,
S5485,John,89.31,99.14,99.58,89.7,3.38,EXCELLENT,,,
S5486,Liam,64.13,59.19,54.51,96.8,4.78,AVERAGE,,,
S5487,Emma,59.2,46.53,77.28,41,4.02,AVERAGE,,,
S5488,Sara,52.7,47.13,84.25,7,1.48,AT RISK,,,
S5489,Ahmed,78.67,58.62,85.13,66.3,3.72,AVERAGE,,,
S5490,Omar,84.43,42.26,89.67,37.7,3.7,AVERAGE,,,
S5491,Ahmed,66.31,70.69,95.88,98.6,4.58,GOOD,,,
S5492,Ahmed,80.68,52.82,68.08,8.9,2.6,AT RISK,,,
S5493,Liam,52.61,71.16,52.15,11.9,5.3,AT RISK,,,
S5494,Maria,54.96,48.45,68.12,69.9,4.12,AVERAGE,,,
S5495,Ahmed,85.09,65.79,83.58,75.9,1.2,AVERAGE,,,
S5496,John,68.4,75.88,60.67,47.1,4.54,AVERAGE,,,
S5497,Maria,83.57,43.72,90.5,27.7,5.54,AVERAGE,,,
S5498,Ali,91.59,63.92,60.99,31,4.42,AVERAGE,,,
S5499,Ahmed,92.63,58.15,50.5,33.8,2.9,AVERAGE,,,
S5500,Ahmed,58.61,54.42,75.4,22.5,3.96,AT RISK,,,
S5501,Ali,74.31,76.27,86.32,85.1,1.86,GOOD,,,
S5502,Ahmed,86.7,75.31,67.48,6.5,4,AVERAGE,,,
S5503,Ali,88.7,77.84,87.44,40.7,3.5,AVERAGE,,,
S5504,Maria,89.23,49.53,71.92,74.8,1.14,AVERAGE,,,
S5505,John,61.41,57.14,58.59,0.4,2.6,AT RISK,,,
S5506,Ali,59.63,52.58,54.53,87.8,1.96,AVERAGE,,,
S5507,Sara,79.5,72.43,85.53,70.6,2.96,GOOD,,,
S5508,Liam,87.05,67.66,69.29,7.3,2.2,AVERAGE,,,
S5509,Liam,65.96,59.82,95.64,89.5,5.18,GOOD,,,
S5510,Ali,55.24,87.16,77.01,48.7,4.48,AVERAGE,,,
S5511,Liam,85.84,45.64,67.42,65.2,4.7,AVERAGE,,,
S5512,Ahmed,64.98,98.49,67.45,88.2,2.8,GOOD,,,
S5513,Omar,58.32,46.99,56.57,88.1,1.02,AVERAGE,,,
S5514,Omar,57.39,86.38,79.69,40.9,2.1,AVERAGE,,,
S5515,Liam,65.75,62.09,79.11,23.8,4.78,AVERAGE,,,
S5516,Maria,79.63,91.92,90,25.7,4.02,AVERAGE,,,
S5517,Emma,67.92,44.45,60.06,76.6,3.7,AVERAGE,,,
S5518,Maria,51.03,62.48,64.54,92.9,2.4,AVERAGE,,,
S5519,Emma,54.85,60.13,54.86,7.2,1.38,AT RISK,,,
S5520,Omar,64.53,99.59,64.77,1.5,4.92,AVERAGE,,,
S5521,Omar,82.99,99.13,71.41,82.3,1.2,GOOD,,,
S5522,Ali,54.93,51.39,98.2,38.7,1.3,AVERAGE,,,
S5523,John,78.03,77.8,82.65,27.6,2.48,AVERAGE,,,
S5524,Sara,55.99,72.13,89.14,18.8,3.86,AVERAGE,,,
S5525,Maria,60.58,49.26,66.28,34.6,5.96,AVERAGE,,,
S5526,Ahmed,58.61,50.07,57.23,97.1,1.46,AVERAGE,,,
S5527,Emma,53.36,99.36,62.84,97.7,3.36,GOOD,,,
S5528,Liam,83.57,67.16,62.82,33.2,4,AVERAGE,,,
S5529,Ahmed,73.17,47.55,79.16,96.4,5.12,GOOD,,,
S5530,John,91.55,52.89,67.07,30,4.44,AVERAGE,,,
S5531,Emma,54.94,56.1,92.87,85.4,5.04,AVERAGE,,,
S5532,Maria,57.24,70.66,99.43,21.2,3.62,AVERAGE,,,
S5533,Ali,65.32,60.13,67.16,82.6,3.16,AVERAGE,,,
S5534,Ahmed,88.29,67.3,85.25,35.4,4.1,AVERAGE,,,
S5535,John,65.29,49.99,82.87,19.6,5.5,AVERAGE,,,
S5536,Maria,70.42,59.6,59.72,93.5,3.76,AVERAGE,,,
S5537,Omar,65.08,44.22,95.9,21.4,4.02,AVERAGE,,,
S5538,Omar,54.01,93.38,59.97,99.2,2.68,GOOD,,,
S5539,Maria,96.97,51.93,86.85,10.9,3.98,AVERAGE,,,
S5540,Maria,77.43,85.41,67.38,1,4.14,AVERAGE,,,
S5541,Maria,89.39,60.97,68.35,87.1,4.76,GOOD,,,
S5542,Emma,82.92,68.46,72.77,58.7,3.86,AVERAGE,,,
S5543,Maria,75.71,57.48,93.23,42.2,1.98,AVERAGE,,,
S5544,Ahmed,54.48,81.79,57.01,8.2,3.9,AT RISK,,,
S5545,John,82.14,90.67,52.73,57.5,2.48,AVERAGE,,,
S5546,Emma,57.77,57.18,70.1,39.4,1.44,AT RISK,,,
S5547,Maria,70.72,54.53,52.78,48.4,5.12,AVERAGE,,,
S5548,Sara,81.46,80.89,84.38,63,1.34,AVERAGE,,,
S5549,Liam,89.11,51.71,88.02,64,4.16,AVERAGE,,,
S5550,Sara,84.25,78.39,92.74,96.1,5.94,EXCELLENT,,,
S5551,John,83.58,45.67,87.19,65.5,1.44,AVERAGE,,,
S5552,Omar,57.45,77.21,95.82,33.9,2.1,AVERAGE,,,
S5553,Ali,67.31,70.8,87.42,33,4.8,AVERAGE,,,
S5554,Ali,52.15,46.83,96.8,47.7,1.48,AVERAGE,,,
S5555,Liam,85.97,78.95,59.66,25.9,5.16,AVERAGE,,,
S5556,Omar,97.63,66.79,74.99,37.6,1,AVERAGE,,,
S5557,Emma,63.21,53.03,99.7,84.2,5.44,GOOD,,,
S5558,Emma,54.38,61.2,84.08,86,1.34,AVERAGE,,,
S5559,Emma,73.78,69.53,93.93,62.8,5.6,GOOD,,,
S5560,Ali,92.83,45.49,51.52,58.3,5.32,AVERAGE,,,
S5561,Sara,77.6,97.46,93.59,42.7,3.7,GOOD,,,
S5562,Ali,52.34,79.93,84.89,63.6,4.88,AVERAGE,,,
S5563,Ahmed,98.71,46.15,58.54,80.6,1.38,AVERAGE,,,
S5564,Maria,91.43,89.37,51.28,73.8,1.68,AVERAGE,,,
S5565,Emma,56.58,59.35,63,3.5,2.84,AT RISK,,,
S5566,Sara,96.09,75.81,95.79,73.1,3.68,GOOD,,,
S5567,John,72.53,56.63,83.41,72,5.34,AVERAGE,,,
S5568,Liam,68.59,84,95.97,9.9,3.72,AVERAGE,,,
S5569,John,73.05,83.38,72.31,15,4.32,AVERAGE,,,
S5570,Maria,91.73,73.12,96.83,78.8,4.4,GOOD,,,
S5571,Sara,82.97,54.46,73.15,55.9,5.38,AVERAGE,,,
S5572,Ali,52.96,55.22,60.21,82.2,4.88,AVERAGE,,,
S5573,Ali,97.88,62.97,57.57,18.5,5.88,AVERAGE,,,
S5574,Ahmed,57.39,48.7,99.69,3.1,1.1,AT RISK,,,
S5575,Ahmed,87.28,60.26,66.69,16.2,2.04,AVERAGE,,,
S5576,Ali,81.81,81.06,58,45.3,5.66,AVERAGE,,,
S5577,John,59.38,89.85,50.42,52.3,4.96,AVERAGE,,,
S5578,Liam,58.54,59.95,64.28,85.8,2.34,AVERAGE,,,
S5579,Emma,93.52,54.02,94.46,71.6,5.88,GOOD,,,
S5580,John,70.98,89.96,76.7,99,5.34,GOOD,,,
S5581,Liam,82.73,93.44,81.62,7.9,1.32,AVERAGE,,,
S5582,Ahmed,75.2,64.6,96.12,13,5.06,AVERAGE,,,
S5583,Maria,86.37,41.61,75.64,8.4,4.92,AVERAGE,,,
S5584,Liam,73.96,81.7,91.91,53.8,2.1,AVERAGE,,,
S5585,Ali,64.37,87.04,66.19,26.7,4.34,AVERAGE,,,
S5586,Ahmed,68.17,41.08,98.86,68.4,5.86,AVERAGE,,,
S5587,Ahmed,92.95,75.7,53.94,13.3,4.38,AVERAGE,,,
S5588,Emma,73.4,75.3,86.24,10.3,5.06,AVERAGE,,,
S5589,Ali,60.67,62.72,83.03,46,1.5,AVERAGE,,,
S5590,Emma,96.73,84.99,59.58,37.6,4.64,AVERAGE,,,
S5591,Ali,89.83,65.69,69.44,82.9,2.02,AVERAGE,,,
S5592,Emma,52.78,80.61,65.64,83.8,1.36,AVERAGE,,,
S5593,Liam,99.95,71.03,54.72,11.7,3.76,AVERAGE,,,
S5594,John,84.75,54.91,79.24,81.2,4.76,GOOD,,,
S5595,Maria,58.01,76.39,99.68,56.4,3.74,AVERAGE,,,
S5596,Maria,61.86,84.21,77.98,50.4,5.66,AVERAGE,,,
S5597,Ali,84.62,98.43,77.26,9.5,4.48,AVERAGE,,,
S5598,Sara,88.99,62.81,52.02,74,1.58,AVERAGE,,,
S5599,Omar,61.95,43.87,56.96,6,5.68,AT RISK,,,
S5600,Ahmed,62.85,99.28,75.66,27.8,1.76,AVERAGE,,,
S5601,Ahmed,65.36,77.43,99.26,9.5,4.8,AVERAGE,,,
S5602,Ali,79.9,96.79,93.83,53.1,1.74,GOOD,,,
S5603,Liam,58.59,46.23,67.01,64.5,6,AVERAGE,,,
S5604,Emma,55.21,60.52,77.15,89.1,2.66,AVERAGE,,,
S5605,Sara,83.94,48.04,77.64,73.4,3.48,AVERAGE,,,
S5606,John,88.95,90.13,84.27,96.1,3.34,GOOD,,,
S5607,Emma,75.05,92.82,84.39,76.1,1.5,GOOD,,,
S5608,Emma,68.19,70.08,89.49,29.8,3.48,AVERAGE,,,
S5609,Ali,71.6,51.2,51.25,54.8,1.74,AVERAGE,,,
S5610,Ali,69.42,47.63,97.18,45.8,5,AVERAGE,,,
S5611,Liam,98,75.29,53.5,56.6,5.8,GOOD,,,
S5612,Ahmed,88.4,70.38,73.81,57.2,5.04,GOOD,,,
S5613,Ali,60.4,81.69,95.98,70.2,3.16,GOOD,,,
S5614,Ali,69.21,58.31,74.38,8.3,1.02,AT RISK,,,
S5615,Ali,77.2,64.14,53.18,74.7,1.18,AVERAGE,,,
S5616,Liam,80.65,41.28,61.46,14.4,3.48,AT RISK,,,
S5617,Ahmed,73.41,76.61,78.93,2.6,4.4,AVERAGE,,,
S5618,John,90.51,65.39,54.39,51.9,5.1,AVERAGE,,,
S5619,John,88.38,95.19,71.18,58.1,4,GOOD,,,
S5620,Omar,75.26,78.51,66.45,3.5,5.9,AVERAGE,,,
S5621,Omar,92.72,63.92,90.76,51.5,3.46,AVERAGE,,,
S5622,Ali,87.55,55.82,55.51,53.5,4,AVERAGE,,,
S5623,Omar,88.93,94.32,84.14,5.2,2.16,AVERAGE,,,
S5624,Ahmed,97.82,40.98,70.33,71.2,2.7,AVERAGE,,,
S5625,Liam,63.32,59.61,79.39,21,4.42,AVERAGE,,,
S5626,John,63.38,96.61,60.28,79.4,4,GOOD,,,
S5627,Emma,94.45,79.24,80.49,31.1,2.84,AVERAGE,,,
S5628,John,88.61,71.96,83.7,47.8,1.56,AVERAGE,,,
S5629,John,96.33,52.21,53.51,89.2,2.72,AVERAGE,,,
S5630,Ahmed,53.16,90,91.22,80.6,1.22,AVERAGE,,,
S5631,Omar,81.39,52.25,93.06,78.2,3.9,GOOD,,,
S5632,Emma,57.23,54.9,53.18,16,2.62,AT RISK,,,
S5633,Ahmed,75.19,51.51,80.16,4.8,2.9,AT RISK,,,
S5634,Ali,57.79,49.49,79.7,60.6,3.88,AVERAGE,,,
S5635,Liam,56.4,97.2,50.62,41.1,3.9,AVERAGE,,,
S5636,Maria,50.61,76.12,67.12,90.9,3.94,AVERAGE,,,
S5637,John,81.51,78.27,98.45,35,3.46,AVERAGE,,,
S5638,Maria,67.95,97.26,77.77,41.1,3.44,AVERAGE,,,
S5639,Liam,55.26,53.83,96.66,52.6,5.1,AVERAGE,,,
S5640,Liam,66.14,40.36,83.78,79.6,3.34,AVERAGE,,,
S5641,Ahmed,58.45,75.93,51.42,26.8,3.68,AVERAGE,,,
S5642,Ahmed,97.08,70.47,53.89,94.2,5.94,GOOD,,,
S5643,Ahmed,66,68.66,86.11,54,1.9,AVERAGE,,,
S5644,Maria,66.7,43.71,77.73,84.1,4.64,AVERAGE,,,
S5645,Ahmed,91.99,67.27,56.36,52.6,3.36,AVERAGE,,,
S5646,Liam,82.39,57.25,80.7,77.2,5.16,GOOD,,,
S5647,Ali,85.51,56.47,90.51,5.1,3.02,AVERAGE,,,
S5648,Ahmed,81.8,53.34,87.65,79.9,2.52,AVERAGE,,,
S5649,Sara,97.31,59.95,62.31,52.4,2.04,AVERAGE,,,
S5650,Omar,60.35,61.19,62.91,44.9,5.36,AVERAGE,,,
S5651,Maria,99.45,58.53,98.39,11.2,4.6,AVERAGE,,,
S5652,Sara,91.55,98.73,94.37,74.2,1.38,GOOD,,,
S5653,Ahmed,79.45,95.96,65.92,13.1,4.56,AVERAGE,,,
S5654,Liam,83.12,74.47,91.2,19.2,1.18,AVERAGE,,,
S5655,Ali,82.44,98.86,58.09,12.6,1.9,AVERAGE,,,
S5656,John,52.92,99.47,59.84,0.7,3.96,AVERAGE,,,
S5657,Emma,60.9,61.36,59.06,66.2,3.32,AVERAGE,,,
S5658,Omar,98.07,66.71,54.39,27.1,5.2,AVERAGE,,,
S5659,Emma,76.72,97.54,92.73,14.9,4.04,AVERAGE,,,
S5660,Ahmed,68.92,76.52,78.94,32,5.82,AVERAGE,,,
S5661,Omar,88.1,52.78,62.95,49.9,5.28,AVERAGE,,,
S5662,Omar,76.23,81.36,92.43,50.3,2.7,AVERAGE,,,
S5663,Ali,50.66,52.34,90.13,36.7,5.18,AVERAGE,,,
S5664,Omar,86.81,60.36,55.05,49.5,5.34,AVERAGE,,,
S5665,Maria,86.61,53.65,82.21,42.7,5.84,AVERAGE,,,
S5666,Sara,58.26,54.7,86.09,82.3,1.06,AVERAGE,,,
S5667,Sara,97.83,40.28,85.79,3,5.38,AVERAGE,,,
S5668,Sara,61.2,92.84,86.16,86.8,1.34,GOOD,,,
S5669,Maria,72.89,57.76,58.47,24.4,3.64,AVERAGE,,,
S5670,Emma,55.74,45.18,65.75,72.2,3.08,AVERAGE,,,
S5671,Ali,80.16,45.22,92.21,40.5,5.6,AVERAGE,,,
S5672,Omar,68.77,73.36,94.92,29.4,3.02,AVERAGE,,,
S5673,Maria,67.66,99.58,63.96,61.5,3.98,GOOD,,,
S5674,Sara,91.35,48.7,51.15,76.9,4.46,AVERAGE,,,
S5675,Ahmed,50.48,45.98,92.99,45,1.1,AT RISK,,,
S5676,John,89.9,66.3,68.85,46.7,3.96,AVERAGE,,,
S5677,Omar,78.57,73.8,66.47,5.9,3.58,AVERAGE,,,
S5678,Maria,99.3,57.66,67.35,92.4,3.98,GOOD,,,
S5679,Liam,79.47,58.15,70.78,84.7,1.38,AVERAGE,,,
S5680,Maria,52.77,65.47,68.91,39.8,1.28,AT RISK,,,
S5681,Ali,52.53,58.85,78.32,76.5,1.88,AVERAGE,,,
S5682,Ali,94.16,94.92,53.95,31.3,5.34,AVERAGE,,,
S5683,Maria,92.06,42.52,98.58,73,2.78,AVERAGE,,,
S5684,Sara,67.29,54.07,96.82,51.7,3.18,AVERAGE,,,
S5685,John,80.9,88.51,96.72,46.1,2.96,AVERAGE,,,
S5686,Omar,74.48,90.04,93.96,5.7,4.58,AVERAGE,,,
S5687,Ali,98.36,46.69,83.02,96.5,2.3,GOOD,,,
S5688,Omar,97.5,98.43,61.06,83.7,1.34,GOOD,,,
S5689,Sara,99.19,81.6,52.47,79.3,2.9,GOOD,,,
S5690,Omar,93.32,56.36,54.97,30.5,4.64,AVERAGE,,,
S5691,Ahmed,95.48,67.36,66.2,29,5.58,AVERAGE,,,
S5692,Ali,60.86,57.83,75.19,57.3,1.26,AVERAGE,,,
S5693,Sara,91.55,49,99.66,84.6,5.06,GOOD,,,
S5694,Sara,85.44,57.47,71.77,93.5,1.34,AVERAGE,,,
S5695,John,98.14,74.81,76.23,26.9,2.66,AVERAGE,,,
S5696,John,78.56,89.56,84.76,60.7,1.12,AVERAGE,,,
S5697,Ahmed,54.26,61.81,59.04,72.4,5.56,AVERAGE,,,
S5698,Sara,79.87,60.87,96.64,22.6,4.54,AVERAGE,,,
S5699,Emma,84.33,68.08,76.45,40.7,2.84,AVERAGE,,,
S5700,Sara,61.02,78.67,63.81,18.7,2.88,AVERAGE,,,
S5701,John,69.71,85.1,96.76,69.9,4.2,GOOD,,,
S5702,Emma,79.93,59.61,81.27,86.4,1.44,AVERAGE,,,
S5703,Ali,68.71,75.18,74.18,87.8,1.72,AVERAGE,,,
S5704,Ali,68.75,63.36,79.01,67,5.24,AVERAGE,,,
S5705,Omar,56.65,82.98,87.42,34.7,2.02,AVERAGE,,,
S5706,Maria,97.04,49.88,57.73,66.1,4.64,AVERAGE,,,
S5707,John,87.52,55.42,93.24,86.4,2.12,GOOD,,,
S5708,Maria,50.06,65.56,97.98,62.6,1.44,AVERAGE,,,
S5709,Emma,88.28,93.36,78.35,41.3,5.5,GOOD,,,
S5710,John,86.99,74.4,84.11,92,5.5,GOOD,,,
S5711,Ahmed,50.49,97.92,92.99,83.5,4.02,GOOD,,,
S5712,Sara,68.48,46.2,68.74,88.2,3.32,AVERAGE,,,
S5713,Ahmed,80.34,67.61,99.64,90.3,3.76,GOOD,,,
S5714,Emma,72.64,65.14,84.03,39.4,3.04,AVERAGE,,,
S5715,John,88.9,76.01,71.2,86,4.78,GOOD,,,
S5716,Liam,71.27,88.72,83.87,57,4.78,GOOD,,,
S5717,Emma,57.69,90.49,76.08,3.8,5.1,AVERAGE,,,
S5718,Liam,98.82,80.21,55.58,63.6,3.62,GOOD,,,
S5719,Sara,62.1,78.49,89.79,47.1,5,AVERAGE,,,
S5720,Ali,85.88,96.94,78.22,27.5,1.78,AVERAGE,,,
S5721,Ali,57.16,63.02,89.79,97,1.16,AVERAGE,,,
S5722,Emma,66.45,89.97,57.75,5.5,4.24,AVERAGE,,,
S5723,Maria,72.1,95.29,76.92,94.6,1.52,GOOD,,,
S5724,John,59.61,69.49,88.33,15.9,3.76,AVERAGE,,,
S5725,John,72.5,83.75,99.42,37.7,4.6,AVERAGE,,,
S5726,Ali,57.86,62.62,94.22,41.7,3.04,AVERAGE,,,
S5727,Omar,77.95,49.53,93.22,73.1,1.22,AVERAGE,,,
S5728,Ahmed,83.19,75.19,62.37,21.6,5.44,AVERAGE,,,
S5729,Omar,53.12,51.79,91.9,98.6,1.22,AVERAGE,,,
S5730,Sara,93.56,67.46,58.46,74.9,5.52,GOOD,,,
S5731,Ahmed,59.26,92.37,59.91,79,1.26,AVERAGE,,,
S5732,Ahmed,61.27,45.16,55.51,10.6,4.68,AT RISK,,,
S5733,Emma,83.07,41.83,92.88,47.6,5.62,AVERAGE,,,
S5734,Ali,73.44,76.39,55.41,94.6,5.54,GOOD,,,
S5735,Omar,74.97,59.86,56.91,27,5.46,AVERAGE,,,
S5736,Omar,56.41,65.08,62.29,14.5,5.42,AVERAGE,,,
S5737,Ali,90.29,64.34,78.63,48.5,3.56,AVERAGE,,,
S5738,Omar,80.85,45.2,94.01,93,3.78,GOOD,,,
S5739,Liam,56.77,40.21,70.91,48.7,4.1,AVERAGE,,,
S5740,Ali,68.7,93.91,77.31,40.5,5.48,AVERAGE,,,
S5741,Emma,90.52,53.07,58.32,65,5.2,AVERAGE,,,
S5742,Maria,78.42,65.56,63.3,93.7,4.92,GOOD,,,
S5743,Ahmed,55.43,98.32,56.7,4.9,4.38,AVERAGE,,,
S5744,Emma,68.64,89.61,70.5,15.3,4.1,AVERAGE,,,
S5745,John,62.13,46.48,79.52,13.3,5.62,AT RISK,,,
S5746,Sara,75.87,70.51,64.2,8.5,1.96,AT RISK,,,
S5747,Maria,92.17,83.8,92.3,30.2,1.96,AVERAGE,,,
S5748,John,71.81,81.9,99.06,22.9,5.92,AVERAGE,,,
S5749,Ahmed,71.67,85.65,56.01,54.9,3.76,AVERAGE,,,
S5750,Omar,95.27,67.45,50.89,32.7,3.42,AVERAGE,,,
S5751,Ali,78.81,50.56,89.49,40.5,5.26,AVERAGE,,,
S5752,Ahmed,78.31,67.89,59.53,94.2,5.24,GOOD,,,
S5753,Emma,63.1,78.87,67.66,15.6,1.88,AT RISK,,,
S5754,Sara,80.39,76.52,69.71,38.8,1.86,AVERAGE,,,
S5755,Emma,78.8,44.23,95.83,25.7,4.98,AVERAGE,,,
S5756,Maria,69.84,43.9,82.94,54.9,4.92,AVERAGE,,,
S5757,Maria,99.53,97.92,52.03,73.6,2.12,GOOD,,,
S5758,Sara,94.09,49.11,50.74,81.7,5.2,AVERAGE,,,
S5759,Liam,87.48,57.67,59.98,51.5,3.4,AVERAGE,,,
S5760,John,76.87,86.06,65.91,85.5,3.34,GOOD,,,
S5761,John,73.1,64.58,74.23,78.5,5.92,GOOD,,,
S5762,Maria,59.24,50.89,91.89,15.7,3.6,AT RISK,,,
S5763,Maria,65.29,68.03,65.74,24.5,1.68,AT RISK,,,
S5764,Omar,88.7,74.14,68.83,67.2,2.4,AVERAGE,,,
S5765,Ali,72.69,67.17,66.47,97.5,2.66,GOOD,,,
S5766,Omar,94.11,95.14,50.45,37.6,5.8,GOOD,,,
S5767,Omar,57.4,57.08,97.76,23,2.32,AVERAGE,,,
S5768,Liam,75.42,79.68,56.95,86.9,3.16,GOOD,,,
S5769,John,82.35,46.74,64.38,20,4.74,AVERAGE,,,
S5770,Liam,75.84,63.54,56.47,69.7,2.38,AVERAGE,,,
S5771,Liam,94.46,84.46,74.53,3.4,4.5,AVERAGE,,,
S5772,Sara,99.48,53.49,96.61,1.9,2.04,AVERAGE,,,
S5773,John,55.79,75.39,55.04,45.2,2.22,AVERAGE,,,
S5774,Ali,56.5,49.21,72.04,65.7,5.94,AVERAGE,,,
S5775,Emma,56.52,46.16,51.12,14.2,2.84,AT RISK,,,
S5776,Maria,84.06,71.39,88.54,76.4,4.64,GOOD,,,
S5777,Maria,68.63,80.5,82.06,12.9,5.2,AVERAGE,,,
S5778,Ali,86.67,46.8,84.98,53.4,2.74,AVERAGE,,,
S5779,Liam,70.27,95.07,73.62,30.8,2.78,AVERAGE,,,
S5780,Omar,81.38,53.55,95.38,75.2,4.86,GOOD,,,
S5781,Sara,88.49,47.2,70.48,80.4,4.04,AVERAGE,,,
S5782,Liam,77.41,52.16,75.7,6.6,2.8,AT RISK,,,
S5783,Maria,76.98,50.17,84.76,19.3,4.74,AVERAGE,,,
S5784,Ahmed,54.41,45.44,76.03,89.3,5.32,AVERAGE,,,
S5785,Omar,70.54,87.87,59.47,41.6,2.18,AVERAGE,,,
S5786,Maria,77.29,69.73,65.85,47.7,1.12,AVERAGE,,,
S5787,Ahmed,73.1,63.31,54.61,16.8,2.38,AT RISK,,,
S5788,Liam,95.04,97.04,71.63,99.5,4.38,EXCELLENT,,,
S5789,Ali,95.33,62.26,80.47,92.3,5.58,GOOD,,,
S5790,Ali,91.1,50.02,55.93,0.2,5.32,AT RISK,,,
S5791,Omar,68.76,56.44,81.53,55.1,2.12,AVERAGE,,,
S5792,Maria,85.86,54.34,94.64,87.2,5.4,GOOD,,,
S5793,John,69.76,69.92,66.89,43.1,5.06,AVERAGE,,,
S5794,Ahmed,61.63,57.49,61.1,43.7,4.68,AVERAGE,,,
S5795,Sara,67.15,70.96,94.65,37.9,4.44,AVERAGE,,,
S5796,Maria,53.55,80.16,84.6,2.9,5.04,AVERAGE,,,
S5797,Sara,66.59,86.64,55.27,79,5.3,GOOD,,,
S5798,Maria,73.04,82.61,70.41,45.7,5.1,AVERAGE,,,
S5799,John,97.77,52.34,83.7,53.1,1.6,AVERAGE,,,
S5800,John,65.67,46.95,78.72,25.6,4.62,AVERAGE,,,
S5801,Omar,95.12,72.55,80.93,78.4,5.2,GOOD,,,
S5802,Omar,61.44,51.93,78.36,79.4,1.92,AVERAGE,,,
S5803,John,59.55,45.1,89.9,55.3,2.06,AVERAGE,,,
S5804,Emma,75.95,71.63,66.02,90.5,4.92,GOOD,,,
S5805,John,83.63,59.61,85.42,11.6,2.72,AVERAGE,,,
S5806,Ali,52.22,85.37,99.55,78.7,3,GOOD,,,
S5807,Ali,61.05,58.85,69.5,55.9,2.88,AVERAGE,,,
S5808,Emma,72.78,98.72,89.55,23.1,2.06,AVERAGE,,,
S5809,Liam,66.55,85.51,62.31,13.2,5.7,AVERAGE,,,
S5810,Ahmed,85.63,43.46,64.09,30.1,5.02,AVERAGE,,,
S5811,Liam,75.56,70.53,96.74,85.6,2.26,GOOD,,,
S5812,Sara,58.02,73.76,51.3,78.8,1.54,AVERAGE,,,
S5813,Liam,94.72,81.72,60.87,64.5,2.86,AVERAGE,,,
S5814,Maria,64.65,69.87,74.15,9,3.08,AT RISK,,,
S5815,Liam,86.56,69.01,70.09,95.5,1.04,GOOD,,,
S5816,Maria,89,62.08,81.46,30.5,5.44,AVERAGE,,,
S5817,Emma,98.16,56.29,59.64,60.7,5.26,AVERAGE,,,
S5818,Ali,74.93,96.77,53.53,80.3,5.26,GOOD,,,
S5819,Omar,80.79,59.06,68.47,13.3,5.02,AVERAGE,,,
S5820,Maria,66.74,43.81,76.22,65.2,4.66,AVERAGE,,,
S5821,Ali,83.91,50.04,78.1,3.2,4.18,AT RISK,,,
S5822,Ahmed,73.17,91.44,80.07,10.2,5.8,AVERAGE,,,
S5823,Sara,71.88,75.2,77.43,72.3,4.56,GOOD,,,
S5824,Ahmed,92.77,86.73,62.29,15.5,4.16,AVERAGE,,,
S5825,Emma,52.51,88.53,88.23,44.4,4.94,AVERAGE,,,
S5826,Liam,94.1,89.39,54.39,24.8,2.24,AVERAGE,,,
S5827,Liam,92.6,73.04,59.92,42.1,5.84,AVERAGE,,,
S5828,John,75.32,50.63,86.97,7.7,1.1,AT RISK,,,
S5829,John,74.51,48.89,63.99,75.5,4.24,AVERAGE,,,
S5830,John,68.09,74.44,74.67,7.9,1.38,AT RISK,,,
S5831,Ahmed,99.71,61.99,66.36,83.8,5.26,GOOD,,,
S5832,Maria,55.56,73.48,75.35,66.3,5.84,AVERAGE,,,
S5833,Sara,79.51,69.91,67.33,41.7,3.04,AVERAGE,,,
S5834,John,84.08,76.13,99.71,86.6,5.28,GOOD,,,
S5835,Emma,96.72,41.93,67.87,18.6,2.68,AT RISK,,,
S5836,Emma,89.01,41.97,81.35,26.5,1.8,AVERAGE,,,
S5837,John,82.19,83.3,94.42,13.7,2.38,AVERAGE,,,
S5838,Liam,55.84,51.59,81.9,38.2,2.5,AVERAGE,,,
S5839,John,68.69,79.13,78.29,98.7,4.16,GOOD,,,
S5840,Sara,56.94,72.79,78.46,16.1,4.98,AVERAGE,,,
S5841,John,94.06,98.91,74.82,83.1,2.02,GOOD,,,
S5842,Sara,87.48,90.12,90.38,65.2,1.44,GOOD,,,
S5843,Emma,87.88,64.79,52.52,1.6,2.1,AT RISK,,,
S5844,John,82.61,76.98,94.26,94.5,2.48,GOOD,,,
S5845,Ahmed,75.35,47.04,79.31,97.1,2.4,AVERAGE,,,
S5846,Omar,57.5,63.18,92.44,92.5,2.1,AVERAGE,,,
S5847,Ahmed,66.48,84.03,50.52,50.2,3.34,AVERAGE,,,
S5848,Emma,56.85,77.36,93.46,22,5.28,AVERAGE,,,
S5849,Sara,86.25,69.07,56.01,39.1,1.5,AVERAGE,,,
S5850,Ahmed,58.01,50.59,86.06,61.4,5.32,AVERAGE,,,
S5851,Sara,85.11,88.19,70.83,37.9,3.48,AVERAGE,,,
S5852,Ahmed,84.61,56.39,84.05,70.8,4.3,AVERAGE,,,
S5853,Ahmed,72.97,89.23,81.41,79.6,5.08,GOOD,,,
S5854,Sara,56.76,76.7,58.17,20.9,2.52,AT RISK,,,
S5855,Maria,65.74,62.36,75.73,40.5,5.78,AVERAGE,,,
S5856,Ahmed,66,42.44,63.86,95.8,1.42,AVERAGE,,,
S5857,John,85.02,53.95,78.02,25,3.64,AVERAGE,,,
S5858,Omar,55.69,93.34,86.9,34.6,2.28,AVERAGE,,,
S5859,Emma,91.45,89.08,54.06,3.6,3.04,AVERAGE,,,
S5860,Maria,88.05,74.49,75.79,33.2,3.24,AVERAGE,,,
S5861,Sara,59.32,67.98,80.88,37.1,5.58,AVERAGE,,,
S5862,Maria,85.96,78.83,64.77,10,3.2,AVERAGE,,,
S5863,Ali,83.43,67.97,97.65,0.1,4.48,AVERAGE,,,
S5864,Ali,87.41,78.66,76.02,57.5,5.76,GOOD,,,
S5865,Ahmed,59.45,58.44,59.13,30.2,3.48,AT RISK,,,
S5866,Ahmed,57.88,90.31,55.39,1.8,3.04,AT RISK,,,
S5867,John,61.82,82.12,77.08,86,5.86,GOOD,,,
S5868,Omar,68.29,59.8,68.76,58.4,5.14,AVERAGE,,,
S5869,Emma,89.68,89.84,59.63,17.1,5.7,AVERAGE,,,
S5870,Maria,86.9,69.24,51.53,86.5,2.98,AVERAGE,,,
S5871,Ali,96.27,50.48,78.33,25.4,4.48,AVERAGE,,,
S5872,Ahmed,52.93,44.66,79.93,22.7,2.24,AT RISK,,,
S5873,Liam,50.58,81.98,57.09,89.5,5.32,GOOD,,,
S5874,Liam,84.96,91.91,80.09,17.9,5.66,AVERAGE,,,
S5875,Emma,63.96,88.45,97.6,87.9,2.34,GOOD,,,
S5876,Maria,66.7,79.34,98.91,80.3,1.52,GOOD,,,
S5877,Ahmed,77.34,48.48,94.42,31,2,AVERAGE,,,
S5878,Ahmed,55.12,45.64,90.35,3.4,4.16,AT RISK,,,
S5879,Ali,82.13,60.7,60.47,8.3,2.36,AT RISK,,,
S5880,Ali,66.26,91.29,57.82,11,4.2,AVERAGE,,,
S5881,Ahmed,81.64,97.7,72.25,89.1,2.76,GOOD,,,
S5882,Sara,91.7,54.48,80.98,40.4,5.58,AVERAGE,,,
S5883,Ahmed,58.56,85.73,92.53,3.3,3.26,AVERAGE,,,
S5884,Emma,96.54,74.43,61.6,55.7,3.48,AVERAGE,,,
S5885,Ahmed,76.53,41.91,73.98,20.8,2.74,AT RISK,,,
S5886,John,96.15,72.57,82.37,23.5,1.36,AVERAGE,,,
S5887,Omar,60.39,88.36,72.28,16.1,3.46,AVERAGE,,,
S5888,John,80.23,56.57,72.71,76.2,4.88,AVERAGE,,,
S5889,John,70.19,93.84,61.26,0.1,5.76,AVERAGE,,,
S5890,Sara,88.71,54.18,99.33,43.9,1.38,AVERAGE,,,
S5891,Sara,80.3,44.59,73.76,8.7,4.98,AT RISK,,,
S5892,Liam,74.73,49.6,76.64,55.2,2.34,AVERAGE,,,
S5893,Ahmed,95.65,90.22,60.93,34.6,5.12,AVERAGE,,,
S5894,John,68.86,65.04,75.71,2.8,2.72,AT RISK,,,
S5895,Sara,61,87.82,62.77,46.1,1.58,AVERAGE,,,
S5896,Ali,80.41,71.87,60.12,57.1,4.06,AVERAGE,,,
S5897,Ahmed,81.2,68.83,63.79,24.8,5.46,AVERAGE,,,
S5898,Emma,71.95,88.41,50.14,76.6,1.9,AVERAGE,,,
S5899,Omar,74.33,65.41,78.51,37.1,1.1,AVERAGE,,,
S5900,Maria,97.98,88.12,69.37,74.9,5.42,GOOD,,,
S5901,Ahmed,86.63,46.04,94.93,57.9,4.48,AVERAGE,,,
S5902,Maria,55.53,78.18,52.04,86.9,5.04,AVERAGE,,,
S5903,John,60.61,82.16,52.16,54.7,1.3,AVERAGE,,,
S5904,Omar,98.78,93.95,94.29,18.6,5.46,GOOD,,,
S5905,Maria,86.32,53.46,56.33,82.3,3.1,AVERAGE,,,
S5906,John,95.75,76.25,50.11,78.3,5.48,GOOD,,,
S5907,Ali,65.19,66,58.95,97.2,1.32,AVERAGE,,,
S5908,Maria,87.09,62.97,91.19,9.4,5.42,AVERAGE,,,
S5909,Omar,85.7,46.4,90.14,59.1,4.36,AVERAGE,,,
S5910,Liam,64.73,48.05,67.01,49.2,3.78,AVERAGE,,,
S5911,Ahmed,77.54,90.22,83.4,67.1,1.3,AVERAGE,,,
S5912,John,81.37,84.99,75.36,98,4.44,GOOD,,,
S5913,Ahmed,74.06,62.94,95.24,53.2,3.98,AVERAGE,,,
S5914,Omar,91.36,89.71,52.82,68.6,4.64,GOOD,,,
S5915,Sara,91.64,44.85,90.66,34.7,4.58,AVERAGE,,,
S5916,John,92.53,77.49,58.53,29.9,3.22,AVERAGE,,,
S5917,Maria,90.17,92.09,69.58,33.5,2.02,AVERAGE,,,
S5918,John,74.4,90.33,59.6,3.9,5.6,AVERAGE,,,
S5919,Ahmed,69.07,62.37,85.13,28.5,5.62,AVERAGE,,,
S5920,Ali,91.57,84.71,83.92,17.3,2.06,AVERAGE,,,
S5921,John,74.51,65.65,77.39,45.7,4.16,AVERAGE,,,
S5922,Maria,62.32,90.41,84.91,46.1,2.02,AVERAGE,,,
S5923,Sara,75.37,71.85,81.98,76.5,5.3,GOOD,,,
S5924,Liam,57.09,85.89,88.82,50.2,1.5,AVERAGE,,,
S5925,Emma,84.58,44.71,61.97,46.3,5.96,AVERAGE,,,
S5926,Ali,66.8,75.4,71.45,23.2,4.06,AVERAGE,,,
S5927,Liam,63.03,73.02,57.58,85.2,1.12,AVERAGE,,,
S5928,Sara,97.83,76.6,71.48,9.1,5.4,AVERAGE,,,
S5929,John,88.84,81.74,85.08,98.2,4.42,GOOD,,,
S5930,Ahmed,89.35,95.09,84.57,47.6,4.48,GOOD,,,
S5931,Omar,81.19,87.14,85.47,18.6,2.38,AVERAGE,,,
S5932,Ahmed,91.96,53.18,65.44,35.4,2.68,AVERAGE,,,
S5933,Liam,87.96,89.55,83.11,1.5,5.58,AVERAGE,,,
S5934,Maria,79.94,47.32,68.37,16.7,4.18,AVERAGE,,,
S5935,Ahmed,98.06,77.33,97.22,33.5,1.08,AVERAGE,,,
S5936,Ali,59.58,92.97,67.17,55.4,2.64,AVERAGE,,,
S5937,Ahmed,97.17,46.07,80.15,12.9,4,AVERAGE,,,
S5938,Maria,70.07,90.98,87.51,67.6,1.74,GOOD,,,
S5939,Emma,76.42,87.92,95.32,84.4,1.5,GOOD,,,
S5940,John,56.14,70.23,71.9,57.2,1.3,AVERAGE,,,
S5941,Omar,77.01,58.53,68.02,29.7,4.16,AVERAGE,,,
S5942,Liam,80.56,64.33,71.5,12.1,2.6,AVERAGE,,,
S5943,John,99.89,98.12,66.18,1.6,2.86,AVERAGE,,,
S5944,Ahmed,98.76,52.1,82.7,73.2,1.3,AVERAGE,,,
S5945,Sara,98.32,74.78,96.64,62.8,4.7,GOOD,,,
S5946,John,67.42,44.99,56.3,47.6,4.84,AVERAGE,,,
S5947,Emma,99.56,53.07,78.05,10.2,5.14,AVERAGE,,,
S5948,Ahmed,72.77,85.8,94.88,20.7,4.26,AVERAGE,,,
S5949,Omar,92.59,58.16,55.01,81.5,4.86,GOOD,,,
S5950,Maria,60.82,99.15,74.69,48,3.88,AVERAGE,,,
S5951,Emma,75.29,70.05,93.26,96.3,3.46,GOOD,,,
S5952,Ahmed,98.3,70.99,95.02,100,2.3,GOOD,,,
S5953,Emma,97.35,42.18,75.72,80.1,1.26,AVERAGE,,,
S5954,John,84.19,97.39,51.25,25.8,2.46,AVERAGE,,,
S5955,Omar,89.89,50.45,55.28,23.1,4.42,AVERAGE,,,
S5956,Maria,58.82,72.3,79.34,25.4,5.64,AVERAGE,,,
S5957,Ahmed,86.08,63.74,56.19,98.7,2.28,GOOD,,,
S5958,Ali,80.9,64.94,57.47,33.5,4.34,AVERAGE,,,
S5959,Liam,54.58,78.6,88.61,70.6,3.4,AVERAGE,,,
S5960,Maria,55.66,79.73,87.53,95.9,4.14,GOOD,,,
S5961,Ali,55.42,49.26,92.14,82,1,AVERAGE,,,
S5962,Emma,86.22,69.98,55.29,59.8,1.62,AVERAGE,,,
S5963,Sara,57.09,87.43,59.91,16.9,2.08,AVERAGE,,,
S5964,Maria,73.39,66.6,91.65,17.5,5.46,AVERAGE,,,
S5965,Emma,67.85,49.95,86.05,49.2,1.2,AVERAGE,,,
S5966,Ali,77.53,58.79,90.3,95.2,3.84,GOOD,,,
S5967,John,85.32,52.74,99.49,90.4,5.64,GOOD,,,
S5968,John,84.24,47.55,93.22,16.6,4.26,AVERAGE,,,
S5969,Sara,75.78,62.65,76.02,28.8,3.42,AVERAGE,,,
S5970,Liam,73.22,72.46,65.54,58.9,2.92,AVERAGE,,,
S5971,Maria,69.89,44.37,78.48,47.7,4.12,AVERAGE,,,
S5972,Maria,93.1,76.23,81.93,11.9,3.4,AVERAGE,,,
S5973,Maria,66.54,99.58,66.77,36.9,4.52,AVERAGE,,,
S5974,Liam,62.97,97.85,88.55,95.5,4.08,GOOD,,,
S5975,Emma,87.17,89.75,54.64,95.1,3.84,GOOD,,,
S5976,Omar,67.99,55.98,88.97,55.9,5.78,AVERAGE,,,
S5977,Omar,92.35,41.34,51.6,63.5,5.18,AVERAGE,,,
S5978,Sara,66.39,90.01,74.9,22.2,4.04,AVERAGE,,,
S5979,Maria,85.1,43.34,93.07,74.2,3.7,AVERAGE,,,
S5980,Emma,52.26,52.34,54.32,5.2,4.62,AT RISK,,,
S5981,John,69.28,72.67,75.89,22.1,5.02,AVERAGE,,,
S5982,Ali,67.16,50.7,57.97,0.6,2.48,AT RISK,,,
S5983,Emma,90.83,90.03,94.74,38.6,4.34,GOOD,,,
S5984,Liam,98.35,86.63,91.62,85,1.68,GOOD,,,
S5985,Omar,73.04,85.35,96.7,98.3,3.16,GOOD,,,
S5986,Omar,91.24,88.97,93.75,66.8,5.7,GOOD,,,
S5987,John,84.98,53.18,86.83,74.5,2.64,AVERAGE,,,
S5988,John,98.37,83.73,59.24,26.3,1.78,AVERAGE,,,
S5989,Liam,90.56,61.32,65.13,52,1.74,AVERAGE,,,
S5990,Ali,53.87,80.01,74.84,73.7,2.96,AVERAGE,,,
S5991,John,85.66,47.32,79.44,49.7,2.12,AVERAGE,,,
S5992,Sara,76.77,82.34,89.11,8.9,3.14,AVERAGE,,,
S5993,Ali,50.82,98.33,61.35,74.1,4.6,GOOD,,,
S5994,John,62.57,42.62,56.41,22,5.44,AT RISK,,,
S5995,Ahmed,96.09,45.63,74.13,9.8,1.56,AT RISK,,,
S5996,Emma,96.3,47.42,57.89,47.8,4.84,AVERAGE,,,
S5997,John,89.94,65.83,84.69,7.5,1.52,AVERAGE,,,
S5998,Sara,99.09,57.45,78.78,62.9,2.9,AVERAGE,,,
S5999,Maria,90.33,88.42,87.06,64,5.98,GOOD,,,
